엔제리너스 제주연북로점, 카페, 제주특별자치도 제주시 연북로 514, 0, 4.2
글러트니커피, 카페, 제주특별자치도 제주시 구남로2길 38, 101, 5.0
폴인슈크레, 카페, 제주특별자치도 제주시 구남로2길 8, 0, 3.0
그러므로, 카페, 제주특별자치도 제주시 구남동6길 45, 13, 4.4
어글리딜리셔스, 카페, 제주특별자치도 제주시 구남동2길 19-8, 64, 4.0
채색, 카페, 제주특별자치도 제주시 구남동2길 15-4, 34, 4.8
마이티커피, 카페, 제주특별자치도 제주시 구남동6길 11, 1, 4.8
루바토, 카페, 제주특별자치도 제주시 구남동2길 25-12, 14, 4.9
레몬칸타타, 카페, 제주특별자치도 제주시 구남동4길 47, 3, 5.0
파스쿠찌 제주이도점, 카페, 제주특별자치도 제주시 중앙로 371-1, 1, 5.0
미미커피, 카페, 제주특별자치도 제주시 구남동4길 38, 44, 4.4
투하드투비쿨, 카페, 제주특별자치도 제주시 구남로8길 26, 36, 4.1
카페봄봄 제주중앙여고점, 카페, 제주특별자치도 제주시 중앙로 365, 0, 4.3
커피스탬프, 카페, 제주특별자치도 제주시 중앙로 388, 3, 4.9
블랙포엠커피랩, 카페, 제주특별자치도 제주시 구남동8길 26, 0, 5.0
아라동카페, 카페, 제주특별자치도 제주시 연북로 533, 0, 0.0
유리한커피, 카페, 제주특별자치도 제주시 중앙로 359, 0, 5.0
빽다방 제주법조타워점, 카페, 제주특별자치도 제주시 남광북1길 1, 0, 1.0
독짓골, 카페, 제주특별자치도 제주시 독짓골6길 18, 0, 5.0
할리스 이도점, 카페, 제주특별자치도 제주시 중앙로 302, 3, 0.0
지유명차 제주이도점, 카페, 제주특별자치도 제주시 독짓골8길 7, 0, 0.0
커피주의보, 카페, 제주특별자치도 제주시 남광로 16, 33, 4.6
펭귄부인 (휴업중), 카페, 제주특별자치도 제주시 구남동1길 12, 5, 3.8
올더타임 중앙여고점, 카페, 제주특별자치도 제주시 중앙로 343, 3, 1.7
9커피, 카페, 제주특별자치도 제주시 구남동2길 12, 52, 4.6
컴포즈커피 제주법원점, 카페, 제주특별자치도 제주시 중앙로 325, 0, 3.0
크로플각, 카페, 제주특별자치도 제주시 남광북5길 12, 2, 5.0
카페클라츠, 카페, 제주특별자치도 제주시 남광로2길 17-3, 1, 5.0
샐리가든커피 법원점, 카페, 제주특별자치도 제주시 남광북5길 2, 0, 0.0
오브제리, 카페, 제주특별자치도 제주시 남광로2길 7-9, 1, 0.0
찻잔속에, 카페, 제주특별자치도 제주시 오복2길 38, 0, 0.0
칼디와커피콩, 카페, 제주특별자치도 제주시 남광북5길 2, 0, 0.0
아주르3025, 카페, 제주특별자치도 제주시 정든로2길 27, 0, 5.0
유스커피, 카페, 제주특별자치도 제주시 구산로 54, 18, 4.6
폴바셋 제주아라DT점, 카페, 제주특별자치도 제주시 중앙로 393, 103, 4.3
미세스테라, 카페, 제주특별자치도 제주시 간월동로 39, 0, 5.0
크레프트카페 가배, 카페, 제주특별자치도 제주시 구남동5길 14, 0, 0.0
카카듀, 카페, 제주특별자치도 제주시 박성내서길 18, 48, 3.8
공차 제주베라체점, 카페, 제주특별자치도 제주시 승천로 74, 3, 2.4
어브라운브리즈, 카페, 제주특별자치도 제주시 박성내동길 49-1, 14, 5.0
무아, 카페, 제주특별자치도 제주시 신설로2길 2-6, 0, 4.3
다다커피, 카페, 제주특별자치도 제주시 신설로6길 2-3, 0, 0.0
오온, 카페, 제주특별자치도 제주시 신설로6길 21, 7, 4.4
한나스토리, 카페, 제주특별자치도 제주시 남광로4길 33, 0, 0.0
골목집크로플, 카페, 제주특별자치도 제주시 박성내동길 25, 0, 0.0
헤븐스도어, 카페, 제주특별자치도 제주시 남광로 44, 0, 0.0
카페프리모, 카페, 제주특별자치도 제주시 신설로7길 4, 0, 0.0
워터브릭, 카페, 제주특별자치도 제주시 신설로5길 8, 0, 0.0
디져트39 제주이도점, 카페, 제주특별자치도 제주시 연신로 85, 9, 2.7
마카로워, 카페, 제주특별자치도 제주시 신설로9길 12-3, 17, 4.6
제주도그녀, 카페, 제주특별자치도 제주시 신설로9길 42, 5, 4.0
로이셀, 카페, 제주특별자치도 제주시 신설로9길 25, 4, 4.1
미미당 제주이도점, 카페, 제주특별자치도 제주시 신설로11길 43, 1, 5.0
돌체커피, 카페, 제주특별자치도 제주시 신설로11길 37, 0, 4.5
올디카페, 카페, 제주특별자치도 제주시 연신로 89, 0, 5.0
건축카페, 카페, 제주특별자치도 제주시 신설로9길 30, 0, 0.0
토오소, 카페, 제주특별자치도 제주시 정든로 20-4, 10, 5.0
리밍고, 카페, 제주특별자치도 제주시 신설동길 23, 13, 5.0
커피빈 제주아라점, 카페, 제주특별자치도 제주시 연북로 511, None, None
달달, 카페, 제주특별자치도 제주시 구산로1길 24, None, None
아라커피, 카페, 제주특별자치도 제주시 구산로 3, None, None
커피볶는 아저씨의 모리노코에, 카페, 제주특별자치도 제주시 구남로2길 30, None, None
카페브브, 카페, 제주특별자치도 제주시 구남로2길 2, None, None
구름위에둥둥, 카페, 제주특별자치도 제주시 구남동2길 47, None, None
커피욜로, 카페, 제주특별자치도 제주시 구남로2길 34, None, None
밤비노갤러리아, 카페, 제주특별자치도 제주시 도남로 168-15, None, None
카페분식이다, 카페, 제주특별자치도 제주시 구남로2길 25, None, None
청연, 카페, 제주특별자치도 제주시 도남로 189, None, None
써닝스타, 카페, 제주특별자치도 제주시 구남동2길 59, None, None
페이지, 카페, 제주특별자치도 제주시 구남로2길 27, None, None
에이바우트커피 중앙여고점, 카페, 제주특별자치도 제주시 중앙로 371, None, None
에이바우트커피 구남점, 카페, 제주특별자치도 제주시 도남로 199, None, None
컴포즈커피 제주이도점, 카페, 제주특별자치도 제주시 구남동6길 6, None, None
고스란히, 카페, 제주특별자치도 제주시 구남로6길 22, None, None
클레망스, 카페, 제주특별자치도 제주시 구남동4길 23, None, None
엘스테이, 카페, 제주특별자치도 제주시 구남동6길 15, None, None
겨우서른, 카페, 제주특별자치도 제주시 구남동8길 31, None, None
싱싱프루츠 제주이도점, 카페, 제주특별자치도 제주시 남광로2길 41-1, None, None
백색소음, 카페, 제주특별자치도 제주시 남광로2길 32, None, None
청미양과점, 카페, 제주특별자치도 제주시 구남동2길 19-6, None, None
스윗띵마카롱, 카페, 제주특별자치도 제주시 구남로6길 25, None, None
엣무메, 카페, 제주특별자치도 제주시 구남동4길 10-12, None, None
메르베이, 카페, 제주특별자치도 제주시 구남로6길 44, None, None
투썸플레이스 제주이도점, 카페, 제주특별자치도 제주시 중앙로 286, None, None
하이방방, 카페, 제주특별자치도 제주시 연삼로 360, None, None
메가MGC커피 제주이도점, 카페, 제주특별자치도 제주시 중앙로 293, None, None
포스트커피, 카페, 제주특별자치도 제주시 중앙로 319-1, None, None
블루샥 제주법원점, 카페, 제주특별자치도 제주시 중앙로 326, None, None
날쌘카페 제주법원점, 카페, 제주특별자치도 제주시 남광북3길 7, None, None
채우다 제주이도점, 카페, 제주특별자치도 제주시 오복4길 38, None, None
세화달팽이, 카페, 제주특별자치도 제주시 남광로 19, None, None
카페인중독 제주이도점, 카페, 제주특별자치도 제주시 남광로2길 22, None, None
하루시루, 카페, 제주특별자치도 제주시 구남로8길 8, None, None
카페보네르, 카페, 제주특별자치도 제주시 남광북5길 10, None, None
호이안로스터리제주, 카페, 제주특별자치도 제주시 중앙로 350, None, None
티쉑프로틴, 카페, 제주특별자치도 제주시 구남로8길 17, None, None
에이룸, 카페, 제주특별자치도 제주시 남광로2길 17-7, None, None
스케치, 카페, 제주특별자치도 제주시 남광로4길 15, None, None
테이크썸윌리, 카페, 제주특별자치도 제주시 중앙로 337, None, None
동네, 카페, 제주특별자치도 제주시 남광로2길 7-9, None, None
아꼽지제과, 카페, 제주특별자치도 제주시 남광로2길 17-3, None, None
보리다, 카페, 제주특별자치도 제주시 오복1길 17, None, None
엔제리너스 제주시청D/I점, 카페, 제주특별자치도 제주시 중앙로 274-1, None, None
에스빠스, 카페, 제주특별자치도 제주시 고산동산5길 3-1, None, None
쁘띠, 카페, 제주특별자치도 제주시 연삼로 395, None, None
카페콩03, 카페, 제주특별자치도 제주시 고산동산5길 4, None, None
스탠스커피, 카페, 제주특별자치도 제주시 고산동산5길 27, None, None
텀프타운, 카페, 제주특별자치도 제주시 고산동산5길 33-4, None, None
블라썸, 카페, 제주특별자치도 제주시 오복4길 4, None, None
카페다미, 카페, 제주특별자치도 제주시 승천로 5, None, None
카페가자, 카페, 제주특별자치도 제주시 승천로 5, None, None
에프터글로우, 카페, 제주특별자치도 제주시 간월동로 67-3, None, None
빽다방 제주중앙여고점, 카페, 제주특별자치도 제주시 남광로2길 43-13, None, None
꿀스커피 제주아라점, 카페, 제주특별자치도 제주시 간월동로 14, None, None
청양양복점, 카페, 제주특별자치도 제주시 남광로2길 39-6, None, None
카페베고니아, 카페, 제주특별자치도 제주시 간월동로 24, None, None
루드비히 하우스, 카페, 제주특별자치도 제주시 구산동길 7, None, None
어반르토아, 카페, 제주특별자치도 제주시 구남동5길 36, None, None
픽스커피 본점, 카페, 제주특별자치도 제주시 신설로11길 2, None, None
에이바우트커피 베라체점, 카페, 제주특별자치도 제주시 승천로 76, None, None
카페정관헌, 카페, 제주특별자치도 제주시 박성내서길 6, None, None
플레이리스트, 카페, 제주특별자치도 제주시 구남동1길 46, None, None
설빙 제주아라점, 카페, 제주특별자치도 제주시 박성내동길 3, None, None
할리스 제주이도점, 카페, 제주특별자치도 제주시 승천로 71, None, None
홀리싯커피서플라이, 카페, 제주특별자치도 제주시 남광로 56, None, None
디벌트 에스프레소바, 카페, 제주특별자치도 제주시 승천로 88, None, None
백금당 제주점, 카페, 제주특별자치도 제주시 박성내동길 51, None, None
데디드, 카페, 제주특별자치도 제주시 승천로 79, None, None
금붕어, 카페, 제주특별자치도 제주시 신설로2길 2, None, None
블리스플라워, 카페, 제주특별자치도 제주시 박성내동길 39, None, None
매머드익스프레스 제주아라이도점, 카페, 제주특별자치도 제주시 승천로 57, None, None
우연해, 카페, 제주특별자치도 제주시 박성내서길 8-8, None, None
한입베어, 카페, 제주특별자치도 제주시 박성내동길 25, None, None
잼나는청춘, 카페, 제주특별자치도 제주시 박성내서길 40, None, None
슈가드, 카페, 제주특별자치도 제주시 박성내동길 49, None, None
에끄랑, 카페, 제주특별자치도 제주시 신설로6길 22, None, None
까르르하우스, 카페, 제주특별자치도 제주시 박성내서길 2-1, None, None
한나스, 카페, 제주특별자치도 제주시 남광로4길 33, None, None
카페빠네띠에, 카페, 제주특별자치도 제주시 신설로9길 25, None, None
리크커피, 카페, 제주특별자치도 제주시 신설로9길 42-8, None, None
도이프, 카페, 제주특별자치도 제주시 신설로7길 37, None, None
요거랑, 카페, 제주특별자치도 제주시 신설로11길 47, None, None
러블리독스, 카페, 제주특별자치도 제주시 연북로 668, None, None
지미스베이킹컴퍼니, 카페, 제주특별자치도 제주시 연신로 106, None, None
눕, 카페, 제주특별자치도 제주시 신설로 6, None, None
펠리체호스텔 예약실, 유스호스텔, 제주특별자치도 제주시 구남동2길 24, 0, 0.0
에메랄드호텔에이스, 여관, 제주특별자치도 제주시 오복5길 4, 4, 3.5
렌트인제주, 렌트카, 제주특별자치도 제주시 고산동산5길 42, 1, 0.0
샤인렌트카, 렌트카, 제주특별자치도 제주시 구남로7길 13-7, 0, 0.0
제주투렌트카, 렌트카, 제주특별자치도 제주시 고산동산5길 42, None, None
천주교김기량성당, 성당, 제주특별자치도 제주시 구남동2길 55, 0, 4.5
평강교회, 교회, 제주특별자치도 제주시 연북로 553, 0, 0.0
제주선교교회, 교회, 제주특별자치도 제주시 구산로 37, 0, 0.0
예인교회, 교회, 제주특별자치도 제주시 연북로 550, 0, 0.0
이도교회, 교회, 제주특별자치도 제주시 구남로 46, 0, 0.0
제주누리교회, 교회, 제주특별자치도 제주시 남광북3길 3, 0, 5.0
광림교회, 교회, 제주특별자치도 제주시 고산동산6길 10, 2, 5.0
큰평안교회, 교회, 제주특별자치도 제주시 오복6길 7, 0, 0.0
제주제일교회, 교회, 제주특별자치도 제주시 신설로5길 11, 0, 0.0
제주성안교회, 교회, 제주특별자치도 제주시 중앙로 470, 1, 3.3
아름다운교회, 교회, 제주특별자치도 제주시 중앙로 457, 0, 0.0
대한예수교장로회은성교회, 교회, 제주특별자치도 제주시 월두2길 65, 0, 5.0
제주시온교회, 교회, 제주특별자치도 제주시 승천로 60, 0, 0.0
이도주님의교회, 교회, 제주특별자치도 제주시 남광로 65, 0, 0.0
제주주품의교회, 교회, 제주특별자치도 제주시 신설로9길 39, 0, 0.0
제주제일침례교회, 교회, 제주특별자치도 제주시 신설로5길 11, 0, 0.0
탐라교회, 교회, 제주특별자치도 제주시 정든로1길 36, 0, 2.5
제주중앙교회, 교회, 제주특별자치도 제주시 간월동로 77, 0, 5.0
롯데시네마 제주아라, 문화시설, 제주특별자치도 제주시 구산로 4, 13, 2.3
BMW모토라드 제주전시장, 문화시설, 제주특별자치도 제주시 승천로 16, 0, 0.0
제주교육박물관 제주어전시관, 문화시설, 제주특별자치도 제주시 오복4길 25, 0, 0.0
자미진갤러리, 문화시설, 제주특별자치도 제주시 간월동로 52, 0, 5.0
서울정형외과의원, 병원, 제주특별자치도 제주시 중앙로 354, 0, 4.0
제주우리병원, 병원, 제주특별자치도 제주시 중앙로 373, 0, 3.0
더고운의원, 병원, 제주특별자치도 제주시 중앙로 371, 1, 2.0
김래상신경외과의원, 병원, 제주특별자치도 제주시 중앙로 366, 0, 4.0
박정욱한의원, 병원, 제주특별자치도 제주시 연북로 527, 18, 5.0
미인세상의원, 병원, 제주특별자치도 제주시 연북로 527, 0, 4.0
동구치과, 병원, 제주특별자치도 제주시 중앙로 368, 0, 3.0
숨편한세상한의원 제주점, 병원, 제주특별자치도 제주시 연북로 527, 0, 0.0
서울정형외과의원, 병원, 제주특별자치도 제주시 중앙로 354, 0, 4.0
미사랑의원, 병원, 제주특별자치도 제주시 중앙로 286, 22, 2.0
두리이비인후과 제주클리닉, 병원, 제주특별자치도 제주시 중앙로 286, 0, 3.0
공감성형외과의원, 병원, 제주특별자치도 제주시 중앙로 310, 10, 4.0
정광훈정형외과의원, 병원, 제주특별자치도 제주시 연삼로 395, 0, 2.0
선내과의원, 병원, 제주특별자치도 제주시 중앙로 319, 0, 3.0
메디필산부인과의원, 병원, 제주특별자치도 제주시 중앙로 308, 0, 3.0
비바체성형외과의원, 병원, 제주특별자치도 제주시 중앙로 302, 0, 4.0
서울현치과, 병원, 제주특별자치도 제주시 중앙로 319, 0, 5.0
이튼치과, 병원, 제주특별자치도 제주시 중앙로 298, 0, 4.0
백제한의원, 병원, 제주특별자치도 제주시 중앙로 316, 0, 0.0
김정학치과의원, 병원, 제주특별자치도 제주시 연삼로 431, 0, 3.0
한마음병원, 병원, 제주특별자치도 제주시 연신로 52, 5, 2.0
김기준이비인후과의원, 병원, 제주특별자치도 제주시 승천로 75, 0, 2.0
정소아청소년과의원, 병원, 제주특별자치도 제주시 승천로 74, 0, 3.0
이화소아청소년과, 병원, 제주특별자치도 제주시 신설로7길 4, 0, 3.0
힐링치과의원, 병원, 제주특별자치도 제주시 승천로 75, 0, 4.0
하늘마음한의원 제주점, 병원, 제주특별자치도 제주시 중앙로 371, None, None
나우메디의원, 병원, 제주특별자치도 제주시 연북로 511, None, None
서울차앤김치과의원, 병원, 제주특별자치도 제주시 중앙로 380, None, None
속편한내과 제주점, 병원, 제주특별자치도 제주시 중앙로 359, None, None
올레비뇨의학과의원, 병원, 제주특별자치도 제주시 중앙로 366, None, None
타임소아청소년과의원, 병원, 제주특별자치도 제주시 중앙로 371, None, None
서울아산내과의원, 병원, 제주특별자치도 제주시 연북로 511, None, None
고려이비인후과의원, 병원, 제주특별자치도 제주시 중앙로 366, None, None
소리나소아청소년과의원, 병원, 제주특별자치도 제주시 중앙로 380, None, None
한재익치과의원, 병원, 제주특별자치도 제주시 중앙로 371, None, None
현무암부부한의원, 병원, 제주특별자치도 제주시 중앙로 360, None, None
로하스의원, 병원, 제주특별자치도 제주시 구남동8길 58, None, None
e편한치과의원, 병원, 제주특별자치도 제주시 연북로 527, None, None
고성은치과의원, 병원, 제주특별자치도 제주시 중앙로 358, None, None
더아이맘한의원, 병원, 제주특별자치도 제주시 연북로 543, None, None
케이뷰티성형외과의원 제주점, 병원, 제주특별자치도 제주시 중앙로 371-1, None, None
예다움치과의원, 병원, 제주특별자치도 제주시 중앙로 366, None, None
찬치과의원, 병원, 제주특별자치도 제주시 중앙로 371-1, None, None
제주제통의원, 병원, 제주특별자치도 제주시 중앙로 371, None, None
에버그린의원, 병원, 제주특별자치도 제주시 중앙로 371-1, None, None
더자란소아청소년과의원, 병원, 제주특별자치도 제주시 연북로 556, None, None
연세중앙치과의원, 병원, 제주특별자치도 제주시 중앙로 360, None, None
김기수수안과, 병원, 제주특별자치도 제주시 중앙로 286, None, None
더좋은이비인후과의원, 병원, 제주특별자치도 제주시 중앙로 337, None, None
연세제일안과의원, 병원, 제주특별자치도 제주시 중앙로 337, None, None
제이뉴피부과의원, 병원, 제주특별자치도 제주시 중앙로 337, None, None
동산내과의원, 병원, 제주특별자치도 제주시 중앙로 337, None, None
루아치과의원, 병원, 제주특별자치도 제주시 중앙로 337, None, None
엘산부인과, 병원, 제주특별자치도 제주시 중앙로 352, None, None
제일플란트치과의원, 병원, 제주특별자치도 제주시 중앙로 302, None, None
고운이치과의원, 병원, 제주특별자치도 제주시 연삼로 354, None, None
혜민당한의원, 병원, 제주특별자치도 제주시 중앙로 326, None, None
박상욱 휴 정신건강의학과의원, 병원, 제주특별자치도 제주시 중앙로 337, None, None
채움치과의원, 병원, 제주특별자치도 제주시 중앙로 354, None, None
유진통증의학과의원, 병원, 제주특별자치도 제주시 중앙로 286, None, None
고운이치과교정과치과의원, 병원, 제주특별자치도 제주시 연삼로 354, None, None
송성필한의원, 병원, 제주특별자치도 제주시 중앙로 325, None, None
김형남치과의원, 병원, 제주특별자치도 제주시 중앙로 316, None, None
경희본한의원, 병원, 제주특별자치도 제주시 중앙로 326-1, None, None
뉴욕치과의원, 병원, 제주특별자치도 제주시 중앙로 318, None, None
이도한의원, 병원, 제주특별자치도 제주시 승천로 81, None, None
미소아치과치과의원, 병원, 제주특별자치도 제주시 신설로6길 1, None, None
연세알막툼치과보철과치과의원, 병원, 제주특별자치도 제주시 승천로 74, None, None
심미치과의원, 병원, 제주특별자치도 제주시 승천로 58, None, None
라마다제주시티호텔, 호텔, 제주특별자치도 제주시 중앙로 304, 180, 3.2
디아이에이치에이엠씨, 호텔, 제주특별자치도 제주시 중앙로 304, 0, 0.0
꿈썸작은도서관, 도서관, 제주특별자치도 제주시 남광북3길 46-12, 0, 0.0
이도주공새마을작은도서관, 도서관, 제주특별자치도 제주시 구남로 43, 0, 0.0
이도쉐마작은도서관, 도서관, 제주특별자치도 제주시 구남로 46, 0, 0.0
꿈에그린도서관 81호점, 도서관, 제주특별자치도 제주시 구남로 31, 0, 0.0
한일베라체새마을작은도서관, 도서관, 제주특별자치도 제주시 신설로 55, 0, 0.0
혜성무지개새마을작은도서관, 도서관, 제주특별자치도 제주시 남광로 65, 0, 0.0
월두새마을작은도서관, 도서관, 제주특별자치도 제주시 월두2길 63-1, None, None
햇살좋은 한마음도서관, 도서관, 제주특별자치도 제주시 연신로 52, None, None
제주교육박물관, 문화시설, 제주특별자치도 제주시 오복4길 25, 11, 4.7
짱죽 제주점, 음식점, 제주특별자치도 제주시 연북로 514, 1, 5.0
배셰프, 음식점, 제주특별자치도 제주시 구산로 3, 9, 4.6
동막골 아라동점, 음식점, 제주특별자치도 제주시 구산로 43-1, 12, 4.7
기리시마, 음식점, 제주특별자치도 제주시 구산로 3, 3, 5.0
제주동백을담다, 음식점, 제주특별자치도 제주시 구산로 41, 24, 4.9
청해일, 음식점, 제주특별자치도 제주시 구산로 3, 10, 3.0
아라미소, 음식점, 제주특별자치도 제주시 구산로 35, 0, 0.0
던킨 제주아라롯데시네마점, 음식점, 제주특별자치도 제주시 구산로 4, 2, 5.0
복주네아구찜, 음식점, 제주특별자치도 제주시 구산로 44, 5, 3.0
밥짓는행복, 음식점, 제주특별자치도 제주시 구산로4길 9-3, 1, 5.0
민서네, 음식점, 제주특별자치도 제주시 구산로1길 24, 1, 5.0
고기파티, 음식점, 제주특별자치도 제주시 연북로 514, 0, 0.0
푸라닭치킨 제주이도점, 음식점, 제주특별자치도 제주시 도남로 167, 7, 4.4
이웃사촌, 음식점, 제주특별자치도 제주시 구남로2길 29, 2, 5.0
계수나무, 음식점, 제주특별자치도 제주시 구남동4길 59, 1, 5.0
면조아, 음식점, 제주특별자치도 제주시 구남동4길 59-6, 0, 0.0
돈모리회관, 음식점, 제주특별자치도 제주시 도남로 142, 2, 5.0
분위기, 음식점, 제주특별자치도 제주시 도남로 129, 2, 4.5
갱이네보말칼국수, 음식점, 제주특별자치도 제주시 구남로4길 18, 96, 2.4
하나니꾸, 음식점, 제주특별자치도 제주시 구남동2길 51, 14, 3.7
킴스커틀렛, 음식점, 제주특별자치도 제주시 구남로4길 11, 36, 4.3
가시식당 2호점, 음식점, 제주특별자치도 제주시 구남로4길 6, 12, 3.6
쉬멍 제주본점, 음식점, 제주특별자치도 제주시 구남로4길 8-12, 5, 2.8
재혁이네국수, 음식점, 제주특별자치도 제주시 구남로 24, 18, 4.2
류빈, 음식점, 제주특별자치도 제주시 구남로6길 12, 0, 0.0
봉분식, 음식점, 제주특별자치도 제주시 구남동2길 30, 6, 3.7
밥촐림, 음식점, 제주특별자치도 제주시 구남로 26, 11, 5.0
플리즈포어, 음식점, 제주특별자치도 제주시 구남동2길 45-17, 2, 5.0
감성키친 구제주점, 음식점, 제주특별자치도 제주시 구남로6길 18-2, 0, 0.0
막창먹는놈 구남점, 음식점, 제주특별자치도 제주시 구남동2길 51, 0, 0.0
백가네상차림, 음식점, 제주특별자치도 제주시 구남동2길 38, 8, 4.5
땅땅치킨 제주이도초점, 음식점, 제주특별자치도 제주시 구남동2길 48, 40, 4.7
진아아구찜, 음식점, 제주특별자치도 제주시 연북로 541, 11, 3.5
샤브마니아 제주아라점, 음식점, 제주특별자치도 제주시 연북로 527, 25, 4.0
루스트플레이스 구남점, 음식점, 제주특별자치도 제주시 도남로 199, 12, 2.1
늘봄흑염소, 음식점, 제주특별자치도 제주시 구남로6길 45, 10, 4.2
예산가마솥장수촌설렁탕, 음식점, 제주특별자치도 제주시 구남동8길 53, 8, 4.0
대경이네, 음식점, 제주특별자치도 제주시 연북로 550, 0, 0.0
아일랜드스푼, 음식점, 제주특별자치도 제주시 구남동4길 10-12, 9, 2.6
이도숯불갈비, 음식점, 제주특별자치도 제주시 구남로6길 23, 2, 3.0
맘스터치 이도점, 음식점, 제주특별자치도 제주시 구남로6길 36, 10, 2.5
명당양과 구남점, 음식점, 제주특별자치도 제주시 구남동2길 29, 4, 4.5
볼샐러드, 음식점, 제주특별자치도 제주시 구남동2길 22, 6, 3.2
청년다방 제주이도점, 음식점, 제주특별자치도 제주시 남광로2길 41-1, 13, 3.4
중앙먹돌식당, 음식점, 제주특별자치도 제주시 구남로8길 43, 3, 5.0
바르다김선생 제주이도점, 음식점, 제주특별자치도 제주시 중앙로 377, 10, 4.2
이삭토스트 제주중앙여고점, 음식점, 제주특별자치도 제주시 남광로2길 32-1, 10, 4.2
고향각재기, 음식점, 제주특별자치도 제주시 구남동5길 1, 5, 4.6
곰집해장국, 음식점, 제주특별자치도 제주시 구남로8길 27, 6, 2.8
일락, 음식점, 제주특별자치도 제주시 독짓골4길 11, 14, 4.9
으뜸아이스크림할인점 도남점, 음식점, 제주특별자치도 제주시 도남로17길 23, 0, 0.0
네네치킨 도남점, 음식점, 제주특별자치도 제주시 독짓골4길 11, 2, 3.0
김여사문어찜, 음식점, 제주특별자치도 제주시 독짓골6길 13, 2, 5.0
확끌리네, 음식점, 제주특별자치도 제주시 도남로15길 18, 0, 0.0
인생술집, 음식점, 제주특별자치도 제주시 독짓골2길 17, 0, 0.0
고깃집 돈누리, 음식점, 제주특별자치도 제주시 구남로 43, 55, 4.7
진맛정식구이전문, 음식점, 제주특별자치도 제주시 구남로 40, 3, 5.0
화락바베큐치킨 구제주점, 음식점, 제주특별자치도 제주시 구남로 49, 1, 4.0
명품치킨 이도점, 음식점, 제주특별자치도 제주시 구남로 45-8, 1, 5.0
너나들이, 음식점, 제주특별자치도 제주시 구남로 38, 0, 0.0
누룽지식당, 음식점, 제주특별자치도 제주시 고산동산6길 15-1, 0, 0.0
그랜마스 이도점, 음식점, 제주특별자치도 제주시 신성로12길 38, 3, 3.7
1980부대찌개, 음식점, 제주특별자치도 제주시 신성로12길 38, 0, 0.0
나누다키친 제주점, 음식점, 제주특별자치도 제주시 신성로12길 38, 0, 0.0
땡초김밥싱싱왕만두 이도점, 음식점, 제주특별자치도 제주시 중앙로 298, 19, 4.1
법원골, 음식점, 제주특별자치도 제주시 남광북1길 3, 2, 5.0
산방식당 제주점, 음식점, 제주특별자치도 제주시 구남로8길 10-5, 98, 3.4
정담, 음식점, 제주특별자치도 제주시 구남로8길 6, 20, 3.9
김밥천국 이도점, 음식점, 제주특별자치도 제주시 중앙로 348, 10, 3.4
우경해장국, 음식점, 제주특별자치도 제주시 남광로2길 1, 12, 4.1
할매추어탕, 음식점, 제주특별자치도 제주시 구남로 57, 24, 3.8
벵삭, 음식점, 제주특별자치도 제주시 구남동2길 14, 5, 3.4
배스킨라빈스 제주법원점, 음식점, 제주특별자치도 제주시 중앙로 325-1, 14, 1.6
재진이네, 음식점, 제주특별자치도 제주시 구남로7길 35, 5, 4.8
호봉토스트 중앙로점, 음식점, 제주특별자치도 제주시 중앙로 320-2, 0, 0.0
카페띠아모 제주법원점, 음식점, 제주특별자치도 제주시 구남로 56, 3, 2.3
가야, 음식점, 제주특별자치도 제주시 중앙로 320, 2, 5.0
뚱보네육회, 음식점, 제주특별자치도 제주시 구남로7길 35, 1, 1.0
정테이블, 음식점, 제주특별자치도 제주시 구남로 51, 1, 5.0
모닥치기, 음식점, 제주특별자치도 제주시 남광로2길 17, 30, 4.3
뽕끌랑, 음식점, 제주특별자치도 제주시 구남동1길 11, 18, 4.2
우돈채, 음식점, 제주특별자치도 제주시 남광로2길 17-14, 19, 4.2
돌담애분식, 음식점, 제주특별자치도 제주시 남광로4길 15, 12, 4.5
아라찐빵, 음식점, 제주특별자치도 제주시 남광로4길 19, 8, 3.6
남다른감자탕 제주이도본점, 음식점, 제주특별자치도 제주시 구남동1길 2, 7, 2.9
소담히로, 음식점, 제주특별자치도 제주시 남광로4길 21, 92, 5.0
츄러스1500 제주이도점, 음식점, 제주특별자치도 제주시 중앙로 354, 3, 5.0
버거나라 이도점, 음식점, 제주특별자치도 제주시 남광로2길 17, 0, 0.0
호호분식, 음식점, 제주특별자치도 제주시 박성내서길 2-10, 0, 0.0
대굴대굴굴구이 법원점, 음식점, 제주특별자치도 제주시 오복2길 17, 10, 4.3
모이세해장국, 음식점, 제주특별자치도 제주시 오복2길 31, 11, 5.0
이도국밥, 음식점, 제주특별자치도 제주시 남광로 7, 30, 4.9
가야복집, 음식점, 제주특별자치도 제주시 오복2길 35, 8, 4.3
유생식당, 음식점, 제주특별자치도 제주시 남광북5길 25, 9, 4.8
봉평메밀촌, 음식점, 제주특별자치도 제주시 남광북5길 12, 12, 3.3
일출바당, 음식점, 제주특별자치도 제주시 남광북3길 14, 3, 3.3
토종몰궤기, 음식점, 제주특별자치도 제주시 오복2길 33, 12, 4.7
다은식당, 음식점, 제주특별자치도 제주시 오복2길 34, 14, 4.6
향나무집, 음식점, 제주특별자치도 제주시 오복4길 26, 4, 3.8
짬뽕의신, 음식점, 제주특별자치도 제주시 오복2길 13, 7, 2.7
하루방수제찹쌀꽈배기, 음식점, 제주특별자치도 제주시 남광로 11, 1, 5.0
마미식당동태전문점, 음식점, 제주특별자치도 제주시 오복2길 31, 6, 4.5
동해식당, 음식점, 제주특별자치도 제주시 남광북3길 16, 1, 5.0
유나인초밥우동돈까스 법원점, 음식점, 제주특별자치도 제주시 남광북5길 10, 9, 4.6
토크쇼 이도점, 음식점, 제주특별자치도 제주시 남광로 9, 0, 0.0
올떡 제주법원점, 음식점, 제주특별자치도 제주시 남광북5길 10, 0, 0.0
엄마밥상 본점, 음식점, 제주특별자치도 제주시 오복2길 35-2, 0, 0.0
강호식당, 음식점, 제주특별자치도 제주시 남광북3길 16, 0, 0.0
등마식당, 음식점, 제주특별자치도 제주시 남광북3길 18, 6, 5.0
얼담, 음식점, 제주특별자치도 제주시 남광북5길 6, 4, 5.0
제주지방검찰청 구내식당, 음식점, 제주특별자치도 제주시 남광북5길 3, 0, 0.0
소울메이트, 음식점, 제주특별자치도 제주시 중앙로 318, 0, 0.0
소락, 음식점, 제주특별자치도 제주시 남광로2길 7-17, 5, 5.0
자담치킨 제주이도이동점, 음식점, 제주특별자치도 제주시 남광로 16, 8, 4.6
청춘감성쌀핫도그 제주법원점, 음식점, 제주특별자치도 제주시 남광로 19, 2, 5.0
멕시카나치킨 법원점, 음식점, 제주특별자치도 제주시 오복2길 31-14, 9, 2.9
보리보리, 음식점, 제주특별자치도 제주시 오복2길 31-13, 2, 5.0
명원가오메기떡, 음식점, 제주특별자치도 제주시 중앙로 280, 19, 4.7
맥도날드 제주시청DT점, 음식점, 제주특별자치도 제주시 중앙로 277, 30, 3.3
마지막해녀, 음식점, 제주특별자치도 제주시 고산동산5길 3-4, 13, 4.6
고산동산, 음식점, 제주특별자치도 제주시 고산동산5길 18, 0, 0.0
제주본토박이감자탕, 음식점, 제주특별자치도 제주시 오복1길 14-1, 12, 4.6
김밥천국 제주시청본점, 음식점, 제주특별자치도 제주시 중앙로 278, 19, 3.5
조실장회센터, 음식점, 제주특별자치도 제주시 고산동산6길 4, 8, 5.0
별미맛동태, 음식점, 제주특별자치도 제주시 중앙로 275-1, 3, 4.3
달콤한닭강정 제주지사, 음식점, 제주특별자치도 제주시 연삼로 395, 9, 3.8
이도제빵소, 음식점, 제주특별자치도 제주시 고산동산5길 18, 12, 4.6
신반점 제주점, 음식점, 제주특별자치도 제주시 오복1길 8, 12, 4.3
웃뜨르식당, 음식점, 제주특별자치도 제주시 중앙로 281, 2, 3.0
꽁지식당, 음식점, 제주특별자치도 제주시 고산동산5길 6, 4, 4.0
소담한, 음식점, 제주특별자치도 제주시 가령로4길 14, 1, 5.0
빵위에치츠 구제주점, 음식점, 제주특별자치도 제주시 오복1길 4, 0, 0.0
혼참치, 음식점, 제주특별자치도 제주시 오복4길 3, 10, 4.0
폭풍장어 이도점, 음식점, 제주특별자치도 제주시 연삼로 428, 5, 4.4
탐라정물회, 음식점, 제주특별자치도 제주시 오복4길 11, 4, 3.8
어부도, 음식점, 제주특별자치도 제주시 남광북1길 37, 15, 4.7
순이네, 음식점, 제주특별자치도 제주시 오복4길 8, 14, 4.4
모닥치기 2호점, 음식점, 제주특별자치도 제주시 연삼로 412, 2, 5.0
BBQ 제주남광점, 음식점, 제주특별자치도 제주시 오복4길 14, 6, 4.0
고보배국밥, 음식점, 제주특별자치도 제주시 남광북3길 24, 13, 4.2
산천초목 약선오리요리전문, 음식점, 제주특별자치도 제주시 오복6길 8, 3, 5.0
해담은, 음식점, 제주특별자치도 제주시 남광북1길 41, 6, 5.0
이도아구찜, 음식점, 제주특별자치도 제주시 남광북1길 31-1, 8, 4.0
신수성해장국, 음식점, 제주특별자치도 제주시 남광북1길 39, 5, 5.0
대왕민물장어, 음식점, 제주특별자치도 제주시 남광북1길 32-1, 3, 5.0
돈화로, 음식점, 제주특별자치도 제주시 남광북1길 31, 5, 4.2
쿠이데식당, 음식점, 제주특별자치도 제주시 오복4길 5, 8, 3.6
간이역 법원역점, 음식점, 제주특별자치도 제주시 남광북3길 30, 2, 3.0
왕부뚜막, 음식점, 제주특별자치도 제주시 오복4길 9, 1, 1.0
아마추어, 음식점, 제주특별자치도 제주시 연삼로 436, 0, 0.0
에메랄드호텔에이스 구내, 음식점, 제주특별자치도 제주시 오복5길 4, 0, 0.0
꼬치포인트 이도점, 음식점, 제주특별자치도 제주시 고산동산5길 34-1, 0, 0.0
우리용이네식당, 음식점, 제주특별자치도 제주시 남광북1길 11, 0, 0.0
도심속으로, 음식점, 제주특별자치도 제주시 남광북1길 29-1, 1, 5.0
가문잔치, 음식점, 제주특별자치도 제주시 고산동산5길 30, 0, 0.0
골체, 음식점, 제주특별자치도 제주시 연삼로 428, 0, 0.0
작은밥상, 음식점, 제주특별자치도 제주시 승천로 2, 33, 4.6
밀면촌 (휴업중), 음식점, 제주특별자치도 제주시 승천로 15, 32, 4.1
전복만찬, 음식점, 제주특별자치도 제주시 승천로 3, 8, 4.5
육장갈비 제주본점, 음식점, 제주특별자치도 제주시 승천로 2, 7, 2.3
도연이네그집, 음식점, 제주특별자치도 제주시 정든로2길 25, 18, 4.7
청산유황오리, 음식점, 제주특별자치도 제주시 연삼로 438-1, 2, 3.0
피자베이, 음식점, 제주특별자치도 제주시 승천로 11-1, 7, 5.0
최부자, 음식점, 제주특별자치도 제주시 승천로 17, 1, 5.0
돌꼬망쭌포차, 음식점, 제주특별자치도 제주시 오복6길 5, 3, 5.0
우양, 음식점, 제주특별자치도 제주시 남광북1길 43-1, 0, 0.0
떡마을, 음식점, 제주특별자치도 제주시 남광북1길 46, 0, 0.0
부촌해물수제비, 음식점, 제주특별자치도 제주시 오복6길 19, 0, 0.0
돈독, 음식점, 제주특별자치도 제주시 남광북1길 45, 1, 5.0
제주도고기국수만세국수, 음식점, 제주특별자치도 제주시 연삼로 437, 185, 4.4
제주사케촌, 음식점, 제주특별자치도 제주시 가령로 74, 0, 0.0
해원앙, 음식점, 제주특별자치도 제주시 연삼로 457-1, 11, 3.5
평산숯불갈비, 음식점, 제주특별자치도 제주시 정든로2길 14, 10, 4.4
하비마카롱, 음식점, 제주특별자치도 제주시 연삼로 449, 11, 3.6
천지연무태장어, 음식점, 제주특별자치도 제주시 연삼로 461, 5, 4.8
한양관양꼬치, 음식점, 제주특별자치도 제주시 연삼로 450, 11, 4.2
정박사냉면, 음식점, 제주특별자치도 제주시 가령로 73, 8, 2.1
365국밥 제주본점, 음식점, 제주특별자치도 제주시 가령로 71, 12, 4.4
빽풍보쌈&코다리, 음식점, 제주특별자치도 제주시 연삼로 448, 3, 5.0
두둠치밥 제주1호점, 음식점, 제주특별자치도 제주시 연삼로 462, 1, 5.0
마셔블라, 음식점, 제주특별자치도 제주시 연삼로 452, 0, 0.0
본가고가네돈까스, 음식점, 제주특별자치도 제주시 정든로2길 13, 0, 0.0
제주축협 한우플라자, 음식점, 제주특별자치도 제주시 중앙로 415, 11, 3.2
만궁민물장어, 음식점, 제주특별자치도 제주시 중앙로 451-3, 11, 4.5
행복미가, 음식점, 제주특별자치도 제주시 구남동5길 12, 18, 4.4
덕인당소락 3호점, 음식점, 제주특별자치도 제주시 중앙로 451, 25, 4.4
24시 전주명가콩나물국밥, 음식점, 제주특별자치도 제주시 구산로 59, 19, 3.6
순풍해장국 이도점, 음식점, 제주특별자치도 제주시 남광로2길 43, 9, 4.1
달빛에구운고등어 제주이도점, 음식점, 제주특별자치도 제주시 중앙로 381, 36, 4.8
아라돈사촌, 음식점, 제주특별자치도 제주시 중앙로 461, 19, 4.5
한마음정육식당 제주이도점, 음식점, 제주특별자치도 제주시 연북로 593, 12, 4.3
수라원, 음식점, 제주특별자치도 제주시 구산로 70-1, 9, 3.1
본가 제주아라점, 음식점, 제주특별자치도 제주시 간월동로 6, 16, 2.0
로타리김밥 중앙여고점, 음식점, 제주특별자치도 제주시 남광로2길 43-13, 2, 5.0
불타는여고24시떡볶이 중앙여고점, 음식점, 제주특별자치도 제주시 구남동5길 14, 0, 0.0
오라찐빵, 음식점, 제주특별자치도 제주시 중앙로 465, 1, 5.0
불여시 떡볶이 중앙여고점, 음식점, 제주특별자치도 제주시 구남동5길 14, 12, 3.8
영산강가마솥, 음식점, 제주특별자치도 제주시 중앙로 437, 2, 5.0
치토랑 제주아라점, 음식점, 제주특별자치도 제주시 간월동로 21, 4, 4.0
남사당, 음식점, 제주특별자치도 제주시 간월동로 26, 1, 1.0
시카고부대찌개 아라점, 음식점, 제주특별자치도 제주시 구산로 54, 0, 0.0
한나네부엌, 음식점, 제주특별자치도 제주시 중앙로 426, 1, 5.0
제주지방해양경찰청 구내식당, 음식점, 제주특별자치도 제주시 구산로 65, 0, 0.0
삼다고을, 음식점, 제주특별자치도 제주시 구산로 65, 0, 0.0
오오치, 음식점, 제주특별자치도 제주시 박성내동길 25, 9, 3.7
가장맛있는족발 제주이도점, 음식점, 제주특별자치도 제주시 승천로 72, 5, 2.6
소림마라 아라점, 음식점, 제주특별자치도 제주시 박성내동길 25, 0, 0.0
주먹이네, 음식점, 제주특별자치도 제주시 남광로4길 29, 7, 4.7
차이즈생갈비찜, 음식점, 제주특별자치도 제주시 승천로 72, 0, 0.0
해장쿡 아라점, 음식점, 제주특별자치도 제주시 박성내동길 25, 0, 0.0
메종 드 쁘띠푸르, 음식점, 제주특별자치도 제주시 신설로7길 3, 45, 3.2
예향정 제주점, 음식점, 제주특별자치도 제주시 신설로11길 2-9, 27, 4.4
덕성원, 음식점, 제주특별자치도 제주시 신설로11길 8-6, 30, 2.7
타이웍, 음식점, 제주특별자치도 제주시 신설로11길 2, 53, 4.1
육갑봉, 음식점, 제주특별자치도 제주시 신설로11길 2-9, 19, 4.5
스시고, 음식점, 제주특별자치도 제주시 신설로11길 7, 21, 4.2
태백산 3호점, 음식점, 제주특별자치도 제주시 구남동5길 42, 12, 2.9
고래콩물 이도점, 음식점, 제주특별자치도 제주시 박성내동길 37-1, 19, 4.2
한우바른곱창 제주직영점, 음식점, 제주특별자치도 제주시 신설로11길 2-3, 5, 4.6
손심엉, 음식점, 제주특별자치도 제주시 승천로 80, 6, 3.7
민속감자탕 이도점, 음식점, 제주특별자치도 제주시 승천로 89, 1, 5.0
밀집 제주이도점, 음식점, 제주특별자치도 제주시 승천로 79, 12, 3.8
큰맘할매순대국 제주이도점, 음식점, 제주특별자치도 제주시 구남동5길 42, 8, 2.1
황금손가락 이도점, 음식점, 제주특별자치도 제주시 구남동1길 44, 35, 2.9
교촌치킨 아라이도점, 음식점, 제주특별자치도 제주시 승천로 51, 18, 2.4
촐리케이크베이킹스튜디오, 음식점, 제주특별자치도 제주시 신설로2길 5-4, 0, 0.0
제주막창이땡길때, 음식점, 제주특별자치도 제주시 신설로11길 15, 15, 4.7
메종 드 쁘띠푸르 2호점, 음식점, 제주특별자치도 제주시 신설로6길 2-11, 3, 3.3
엘코테, 음식점, 제주특별자치도 제주시 신설로5길 5-10, 7, 4.0
초밥잇수다, 음식점, 제주특별자치도 제주시 신설로7길 25, 1, 5.0
김밥꼬순내, 음식점, 제주특별자치도 제주시 신설로 42, 7, 4.7
비엔누아즈, 음식점, 제주특별자치도 제주시 신설로 22, 13, 4.8
빨간집닭발 베라체점, 음식점, 제주특별자치도 제주시 신설로6길 23, 1, 4.0
그리니티, 음식점, 제주특별자치도 제주시 신설로9길 2, 3, 5.0
카페더비어, 음식점, 제주특별자치도 제주시 신설로7길 7, 4, 5.0
냉면녀석, 음식점, 제주특별자치도 제주시 신설로7길 25, 0, 0.0
더H바, 음식점, 제주특별자치도 제주시 신설로6길 23, 0, 0.0
사카나, 음식점, 제주특별자치도 제주시 신설로5길 5-10, 0, 0.0
흑소랑, 음식점, 제주특별자치도 제주시 연북로 631, 31, 3.8
송죽원, 음식점, 제주특별자치도 제주시 간월동로5길 15, 10, 2.4
황고집, 음식점, 제주특별자치도 제주시 신설로9길 26-17, 11, 4.4
소담한봉봉, 음식점, 제주특별자치도 제주시 신설로9길 20, 4, 4.0
베라체떡집, 음식점, 제주특별자치도 제주시 신설로11길 31, 9, 4.9
썬더치킨 베라체점, 음식점, 제주특별자치도 제주시 신설로11길 31, 4, 4.0
돈야탑촌 일도점, 음식점, 제주특별자치도 제주시 신설로11길 31, 0, 0.0
뜨레비앙, 음식점, 제주특별자치도 제주시 신설로11길 43, 0, 0.0
타미나빵집, 음식점, 제주특별자치도 제주시 신설로11길 47, 0, 0.0
제주돈, 음식점, 제주특별자치도 제주시 연신로 83, 12, 4.3
신미민물장어, 음식점, 제주특별자치도 제주시 신설로9길 48, 4, 5.0
추자회소랑, 음식점, 제주특별자치도 제주시 신설로9길 46-3, 6, 5.0
두리김밥, 음식점, 제주특별자치도 제주시 연신로 78, 10, 4.6
베라체, 음식점, 제주특별자치도 제주시 신설로11길 57, 0, 0.0
베이징마라탕, 음식점, 제주특별자치도 제주시 신설로 55, 1, 5.0
우쿠야 제주일도점, 음식점, 제주특별자치도 제주시 연신로 78, 0, 0.0
봄향, 음식점, 제주특별자치도 제주시 신설로9길 46-3, 2, 2.5
탐나도, 음식점, 제주특별자치도 제주시 연신로 87-6, 4, 4.8
부가네얼큰이 일도점, 음식점, 제주특별자치도 제주시 신설로11길 57, 4, 2.8
남문숯불바베큐&치킨 이도점, 음식점, 제주특별자치도 제주시 신설로11길 47, 6, 2.3
승혜전복수산물직매장, 음식점, 제주특별자치도 제주시 연북로 684, 0, 0.0
크림비어, 음식점, 제주특별자치도 제주시 연신로 74-1, 0, 0.0
땡겨불닭, 음식점, 제주특별자치도 제주시 신설로11길 51, 0, 0.0
엔에스푸드, 음식점, 제주특별자치도 제주시 신설로9길 48, 0, 0.0
집밥, 음식점, 제주특별자치도 제주시 신설로11길 51, 0, 0.0
스푼필라프, 음식점, 제주특별자치도 제주시 신설로 55, 0, 0.0
인생곱창, 음식점, 제주특별자치도 제주시 남광로 72, 29, 4.9
제라진통닭, 음식점, 제주특별자치도 제주시 신설로 3, 9, 3.7
차돌, 음식점, 제주특별자치도 제주시 남광로 65, 8, 4.5
명배과자점, 음식점, 제주특별자치도 제주시 이도공원길 10, 31, 5.0
우도동굴회, 음식점, 제주특별자치도 제주시 정든로 51, 4, 3.3
구삼반점, 음식점, 제주특별자치도 제주시 정든로 50, 17, 3.6
황포돛대, 음식점, 제주특별자치도 제주시 연삼로 474, 11, 4.7
강쉐프짬뽕, 음식점, 제주특별자치도 제주시 정든로 39, 6, 3.8
제주순두부, 음식점, 제주특별자치도 제주시 정든로 48, 2, 4.0
제주보리촌, 음식점, 제주특별자치도 제주시 신설로2길 17-4, 2, 5.0
제주에정든집, 음식점, 제주특별자치도 제주시 정든로 13, 1, 5.0
마라탕에취한날앤싸다아구찜, 음식점, 제주특별자치도 제주시 정든로1길 10-4, 0, 0.0
소달구지, 음식점, 제주특별자치도 제주시 정든로 27, 0, 0.0
봉수아피자 구제주2호점, 음식점, 제주특별자치도 제주시 정든로 18, 0, 0.0
스페샬 혜성점, 음식점, 제주특별자치도 제주시 남광로 65, 0, 0.0
구구매니아불닭 일도점, 음식점, 제주특별자치도 제주시 남광로 65, 0, 0.0
빵을굽는사람들 1호점, 음식점, 제주특별자치도 제주시 승천로 27, 0, 0.0
한라산쑥찐빵, 음식점, 제주특별자치도 제주시 신설로7길 57, 36, 4.5
차이메이, 음식점, 제주특별자치도 제주시 신설로9길 37, 6, 3.3
산적, 음식점, 제주특별자치도 제주시 신설동길 8-10, 6, 5.0
던킨 제주한마음병원점, 음식점, 제주특별자치도 제주시 연신로 52, 0, 0.0
진드르장수민물장어, 음식점, 제주특별자치도 제주시 연신로 51, 2, 3.0
노형토종닭 한마음병원점, 음식점, 제주특별자치도 제주시 연신로 51, 2, 5.0
판, 음식점, 제주특별자치도 제주시 연신로 72, 0, 0.0
한양곱창식당, 음식점, 제주특별자치도 제주시 연신로 35, 5, 4.0
삼다해, 음식점, 제주특별자치도 제주시 연신로 33-1, 4, 5.0
24시뼈다귀탕 이도점, 음식점, 제주특별자치도 제주시 연신로 38, 1, 2.0
공심, 음식점, 제주특별자치도 제주시 연신로 30, 3, 4.0
명태명가, 음식점, 제주특별자치도 제주시 연북로 514, None, None
무한야끼, 음식점, 제주특별자치도 제주시 연북로 514, None, None
연지정감, 음식점, 제주특별자치도 제주시 구산로 3, None, None
스윗섬, 음식점, 제주특별자치도 제주시 구산로 22-7, None, None
수락당, 음식점, 제주특별자치도 제주시 구산로 7, None, None
플레르, 음식점, 제주특별자치도 제주시 구산로 22-7, None, None
그랜드, 음식점, 제주특별자치도 제주시 구산로5길 28, None, None
제주통시, 음식점, 제주특별자치도 제주시 구산로 28-1, None, None
어덜트밤비노, 음식점, 제주특별자치도 제주시 도남로 168-15, None, None
싱푸미엔관, 음식점, 제주특별자치도 제주시 구남로2길 32, None, None
탄탄면공방 제주점, 음식점, 제주특별자치도 제주시 도남로 189, None, None
365더바삭, 음식점, 제주특별자치도 제주시 도남로 189, None, None
미쓰고로케 이도점, 음식점, 제주특별자치도 제주시 도남로 183, None, None
대구10미 미성복어 제주직영점, 음식점, 제주특별자치도 제주시 구남로 12, None, None
형돈, 음식점, 제주특별자치도 제주시 구남로 22, None, None
김재훈고사리육개장, 음식점, 제주특별자치도 제주시 구남로2길 19, None, None
돼지잡스, 음식점, 제주특별자치도 제주시 구남로4길 4, None, None
뚜레쥬르 제주이도초교점, 음식점, 제주특별자치도 제주시 구남로4길 2-2, None, None
노가리앤비어 제주이도이동점, 음식점, 제주특별자치도 제주시 구남동2길 39, None, None
빨간집 이도주공점, 음식점, 제주특별자치도 제주시 구남로4길 4, None, None
베잇킹, 음식점, 제주특별자치도 제주시 구남로6길 18-2, None, None
기영이 숯불두마리치킨 제주이도점, 음식점, 제주특별자치도 제주시 구남로 20, None, None
바다119, 음식점, 제주특별자치도 제주시 구남로2길 11, None, None
구남찐삼계탕, 음식점, 제주특별자치도 제주시 구남로2길 11, None, None
고기극찬 구제주점, 음식점, 제주특별자치도 제주시 구남로6길 18-2, None, None
빵귿, 음식점, 제주특별자치도 제주시 구남동6길 45-1, None, None
고요남 제주점, 음식점, 제주특별자치도 제주시 구남동8길 51, None, None
제주오쿠다, 음식점, 제주특별자치도 제주시 구남동4길 45, None, None
제주소도리, 음식점, 제주특별자치도 제주시 도남로 199, None, None
타이거타코, 음식점, 제주특별자치도 제주시 구남동4길 40, None, None
추자섬바당, 음식점, 제주특별자치도 제주시 구남동8길 29, None, None
몰이네, 음식점, 제주특별자치도 제주시 연북로 550, None, None
제주크랩앤전복, 음식점, 제주특별자치도 제주시 연북로 550, None, None
윤옥, 음식점, 제주특별자치도 제주시 구남동2길 19-4, None, None
부온, 음식점, 제주특별자치도 제주시 구남동2길 26, None, None
갓포제호, 음식점, 제주특별자치도 제주시 구남동6길 23, None, None
산아, 음식점, 제주특별자치도 제주시 구남로6길 19, None, None
노마스, 음식점, 제주특별자치도 제주시 구남동2길 25-2, None, None
강씨고집 본점, 음식점, 제주특별자치도 제주시 구남동6길 33, None, None
광부맥주 제주구남점 5광구, 음식점, 제주특별자치도 제주시 구남동2길 23, None, None
리스투아, 음식점, 제주특별자치도 제주시 구남동2길 19-8, None, None
탐나제과, 음식점, 제주특별자치도 제주시 중앙로 377, None, None
영웅해장 제주이도점, 음식점, 제주특별자치도 제주시 중앙로 363, None, None
은화수식당 이도점, 음식점, 제주특별자치도 제주시 중앙로 384, None, None
반올림피자샵 이도도남점, 음식점, 제주특별자치도 제주시 중앙로 384, None, None
오아베이크숍, 음식점, 제주특별자치도 제주시 구남동4길 3, None, None
모코지, 음식점, 제주특별자치도 제주시 구남동6길 6, None, None
잇츠마라탕 제주중앙여고점, 음식점, 제주특별자치도 제주시 중앙로 380, None, None
제주사자, 음식점, 제주특별자치도 제주시 도남로17길 21, None, None
크앙분식, 음식점, 제주특별자치도 제주시 독짓골4길 11, None, None
돈사무소 이도점, 음식점, 제주특별자치도 제주시 구남로 44, None, None
김영미해장국, 음식점, 제주특별자치도 제주시 구남로8길 4-17, None, None
이도시장통닭, 음식점, 제주특별자치도 제주시 구남로 47, None, None
수구레해장국 본점, 음식점, 제주특별자치도 제주시 구남로 31, None, None
떡하니, 음식점, 제주특별자치도 제주시 구남로 43, None, None
황궁갈비, 음식점, 제주특별자치도 제주시 구남로8길 4-16, None, None
다윤이네, 음식점, 제주특별자치도 제주시 구남로 43, None, None
2500분식, 음식점, 제주특별자치도 제주시 구남로7길 36, None, None
최박사네순대앤바베큐, 음식점, 제주특별자치도 제주시 구남로7길 36, None, None
플로츠, 음식점, 제주특별자치도 제주시 고산동산6길 11-1, None, None
아해봐, 음식점, 제주특별자치도 제주시 신성로12길 38, None, None
KFC 제주시청점, 음식점, 제주특별자치도 제주시 중앙로 291, None, None
무공돈까스 제주이도점, 음식점, 제주특별자치도 제주시 남광북1길 1, None, None
도브다이브, 음식점, 제주특별자치도 제주시 구남로7길 15, None, None
동아리꼬치구이 이도뜨래별점, 음식점, 제주특별자치도 제주시 구남로7길 25, None, None
본죽 제주법원점, 음식점, 제주특별자치도 제주시 중앙로 320-1, None, None
파리바게뜨 제주법원점, 음식점, 제주특별자치도 제주시 구남로 56, None, None
크라상점 제주법원점, 음식점, 제주특별자치도 제주시 중앙로 326-1, None, None
국수한상, 음식점, 제주특별자치도 제주시 남광로 7, None, None
북촌손만두 제주법원점, 음식점, 제주특별자치도 제주시 중앙로 326, None, None
프레드피자 제주점, 음식점, 제주특별자치도 제주시 중앙로 320, None, None
난타5000피자 제주법원점, 음식점, 제주특별자치도 제주시 남광로 8, None, None
빽보이피자 제주이도점, 음식점, 제주특별자치도 제주시 중앙로 327, None, None
피자덕 제주점, 음식점, 제주특별자치도 제주시 남광로 5, None, None
은희네해장국 이도점, 음식점, 제주특별자치도 제주시 남광로 10, None, None
시월, 음식점, 제주특별자치도 제주시 남광로2길 21, None, None
한짓골갈비, 음식점, 제주특별자치도 제주시 구남동1길 13, None, None
경양카츠 제주점, 음식점, 제주특별자치도 제주시 남광로2길 22, None, None
폴라니포케 이도점, 음식점, 제주특별자치도 제주시 박성내서길 2-10, None, None
청림해장, 음식점, 제주특별자치도 제주시 남광로2길 7, None, None
신전떡볶이 제주중앙여고점, 음식점, 제주특별자치도 제주시 남광로2길 19, None, None
시골길 이도점, 음식점, 제주특별자치도 제주시 오복2길 23, None, None
제주조개칼국수, 음식점, 제주특별자치도 제주시 중앙로 319, None, None
절라도아구찜, 음식점, 제주특별자치도 제주시 오복2길 35-1, None, None
뉴욕버거 제주법원점, 음식점, 제주특별자치도 제주시 중앙로 323, None, None
상하이객잔, 음식점, 제주특별자치도 제주시 오복2길 13, None, None
따라비풍경, 음식점, 제주특별자치도 제주시 오복4길 19-1, None, None
산고을칼국수, 음식점, 제주특별자치도 제주시 오복4길 34, None, None
또똣김밥, 음식점, 제주특별자치도 제주시 오복4길 38, None, None
노모어블루스, 음식점, 제주특별자치도 제주시 남광로 15, None, None
더쉐드, 음식점, 제주특별자치도 제주시 남광로 17, None, None
그린보이즈 제주이도점, 음식점, 제주특별자치도 제주시 남광로 14, None, None
집밥드시러오세요, 음식점, 제주특별자치도 제주시 오복4길 36, None, None
본디국수, 음식점, 제주특별자치도 제주시 중앙로 276, None, None
스시앤, 음식점, 제주특별자치도 제주시 고산동산5길 21-1, None, None
청향갈비, 음식점, 제주특별자치도 제주시 중앙로 275-2, None, None
한남동그집 제주이도점, 음식점, 제주특별자치도 제주시 중앙로 281, None, None
부산아지매국밥 제주시청점, 음식점, 제주특별자치도 제주시 오복1길 9, None, None
꾸브라꼬숯불두마리치킨 제주직영점, 음식점, 제주특별자치도 제주시 고산동산5길 19, None, None
만리성 이도점, 음식점, 제주특별자치도 제주시 오복3길 11, None, None
삼춘네, 음식점, 제주특별자치도 제주시 고산동산5길 17, None, None
길도정식, 음식점, 제주특별자치도 제주시 가령로4길 14, None, None
빵위에치즈 구제주점, 음식점, 제주특별자치도 제주시 오복1길 4, None, None
혼밥대왕 시청점, 음식점, 제주특별자치도 제주시 오복1길 9, None, None
정준오리, 음식점, 제주특별자치도 제주시 오복3길 1, None, None
제주오복단, 음식점, 제주특별자치도 제주시 남광북1길 39, None, None
피자헛 제주이도점, 음식점, 제주특별자치도 제주시 연삼로 431, None, None
다옴 전복요리전문점, 음식점, 제주특별자치도 제주시 오복4길 9, None, None
손두부촌, 음식점, 제주특별자치도 제주시 오복4길 9, None, None
토스트카페마리 제주이도점, 음식점, 제주특별자치도 제주시 연삼로 414-1, None, None
돈내코숯불갈비, 음식점, 제주특별자치도 제주시 오복4길 5, None, None
이도온누리식당, 음식점, 제주특별자치도 제주시 남광북1길 32, None, None
민이네김치찌개, 음식점, 제주특별자치도 제주시 남광북1길 38, None, None
갑뽕, 음식점, 제주특별자치도 제주시 오복4길 11, None, None
미스터육, 음식점, 제주특별자치도 제주시 오복4길 6, None, None
꼬추, 음식점, 제주특별자치도 제주시 오복4길 10, None, None
수돈, 음식점, 제주특별자치도 제주시 고산동산5길 30, None, None
서민식당, 음식점, 제주특별자치도 제주시 남광북1길 32-1, None, None
홀리몰리, 음식점, 제주특별자치도 제주시 남광북3길 39, None, None
청년밥상문간 제주점, 음식점, 제주특별자치도 제주시 승천로 7, None, None
무아요리주점, 음식점, 제주특별자치도 제주시 오복6길 5, None, None
7번가피자 제주이도점, 음식점, 제주특별자치도 제주시 남광북3길 50, None, None
비스트로피자 제주1호점, 음식점, 제주특별자치도 제주시 오복6길 15, None, None
라이스나이스 제주본점, 음식점, 제주특별자치도 제주시 승천로 5, None, None
이만갑, 음식점, 제주특별자치도 제주시 남광로2길 43-4, None, None
삼계별장, 음식점, 제주특별자치도 제주시 연북로 599, None, None
태진해장국, 음식점, 제주특별자치도 제주시 구산로 49, None, None
한일내장탕 연북로점, 음식점, 제주특별자치도 제주시 남광로2길 86, None, None
오태식해바라기치킨 제주중앙여고점, 음식점, 제주특별자치도 제주시 남광로2길 73, None, None
봉자막창 제주아라점, 음식점, 제주특별자치도 제주시 구산로 70, None, None
하루밀담베이커리, 음식점, 제주특별자치도 제주시 간월동로 16, None, None
두더지식당제주, 음식점, 제주특별자치도 제주시 박성내서길 14, None, None
도미노피자 제주이도점, 음식점, 제주특별자치도 제주시 승천로 70, None, None
요기소바 이도점, 음식점, 제주특별자치도 제주시 박성내서길 8, None, None
못난이꽈배기 제주이도점, 음식점, 제주특별자치도 제주시 구남동1길 32, None, None
101동파스타, 음식점, 제주특별자치도 제주시 박성내서길 12-7, None, None
포베이 제주이도점, 음식점, 제주특별자치도 제주시 구남동5길 22, None, None
전일맥주 이도점, 음식점, 제주특별자치도 제주시 승천로 72, None, None
오롯, 음식점, 제주특별자치도 제주시 신설로11길 2-10, None, None
컬쳐드, 음식점, 제주특별자치도 제주시 승천로 81, None, None
도다모, 음식점, 제주특별자치도 제주시 신설로11길 5, None, None
루스트플레이스 베라체점, 음식점, 제주특별자치도 제주시 승천로 73, None, None
허디거디 이도점, 음식점, 제주특별자치도 제주시 신설로11길 2-8, None, None
스시나미, 음식점, 제주특별자치도 제주시 승천로 81, None, None
정선할매곤드레밥 제주점, 음식점, 제주특별자치도 제주시 승천로 81, None, None
하롱, 음식점, 제주특별자치도 제주시 신설로11길 2-10, None, None
타니, 음식점, 제주특별자치도 제주시 신설로 40-11, None, None
미루네 본점, 음식점, 제주특별자치도 제주시 신설로11길 2-2, None, None
꽃마름 제주이도점, 음식점, 제주특별자치도 제주시 승천로 73, None, None
슬로우캘리 제주점, 음식점, 제주특별자치도 제주시 박성내동길 60, None, None
BHC치킨 이도점, 음식점, 제주특별자치도 제주시 박성내동길 49-1, None, None
프랭크버거 제주이도점, 음식점, 제주특별자치도 제주시 승천로 80, None, None
뚜레쥬르 제주이도베라체점, 음식점, 제주특별자치도 제주시 승천로 83, None, None
텍사스하우스, 음식점, 제주특별자치도 제주시 박성내동길 49-1, None, None
불닭공장 이도점, 음식점, 제주특별자치도 제주시 승천로 83, None, None
모꼬지, 음식점, 제주특별자치도 제주시 신설로7길 6, None, None
더스푼, 음식점, 제주특별자치도 제주시 구남동1길 45, None, None
돈풍년, 음식점, 제주특별자치도 제주시 승천로 52, None, None
촐리케이크, 음식점, 제주특별자치도 제주시 신설로2길 1-1, None, None
징기스 이도점, 음식점, 제주특별자치도 제주시 승천로 68, None, None
빠삐용마카롱, 음식점, 제주특별자치도 제주시 승천로 60, None, None
유군짬뽕, 음식점, 제주특별자치도 제주시 승천로 66, None, None
짬뽕바나나, 음식점, 제주특별자치도 제주시 남광로 44, None, None
경성함바그 제주점, 음식점, 제주특별자치도 제주시 승천로 53, None, None
라멘야누, 음식점, 제주특별자치도 제주시 구남동1길 46, None, None
미묘, 음식점, 제주특별자치도 제주시 신설로4길 3, None, None
뒷돈 본점, 음식점, 제주특별자치도 제주시 신설로2길 5-7, None, None
피자알볼로 제주점, 음식점, 제주특별자치도 제주시 승천로 53, None, None
백스비어 제주아라이동점, 음식점, 제주특별자치도 제주시 승천로 57, None, None
빈스킹토스트 제주점, 음식점, 제주특별자치도 제주시 신설로2길 1-3, None, None
플러키, 음식점, 제주특별자치도 제주시 남광로 56, None, None
토담골, 음식점, 제주특별자치도 제주시 신설로 28, None, None
라이터스블럭, 음식점, 제주특별자치도 제주시 신설로5길 8, None, None
미우, 음식점, 제주특별자치도 제주시 신설로7길 27, None, None
그리너 제주이도점, 음식점, 제주특별자치도 제주시 승천로 71, None, None
2도비어 이도점, 음식점, 제주특별자치도 제주시 신설로7길 25, None, None
호이, 음식점, 제주특별자치도 제주시 신설로 42, None, None
엘픽, 음식점, 제주특별자치도 제주시 신설로5길 5-10, None, None
블리케이크, 음식점, 제주특별자치도 제주시 신설로6길 8, None, None
자가제빵선명희피자 제주점, 음식점, 제주특별자치도 제주시 신설로6길 24, None, None
더맛있는카페, 음식점, 제주특별자치도 제주시 신설로 32, None, None
우연한추억, 음식점, 제주특별자치도 제주시 신설로6길 2-11, None, None
므은드레디저트공방, 음식점, 제주특별자치도 제주시 신설로 12, None, None
블레드 제주 이도점, 음식점, 제주특별자치도 제주시 신설로7길 25, None, None
촵촵, 음식점, 제주특별자치도 제주시 신설로9길 8-1, None, None
마구로쇼쿠도, 음식점, 제주특별자치도 제주시 신설로9길 26-12, None, None
더중국집, 음식점, 제주특별자치도 제주시 신설로9길 8-3, None, None
가정, 음식점, 제주특별자치도 제주시 신설로11길 31, None, None
상객해물포차, 음식점, 제주특별자치도 제주시 신설로11길 43, None, None
둥이네고깃집 베라체점, 음식점, 제주특별자치도 제주시 신설로9길 12-5, None, None
마마파운드, 음식점, 제주특별자치도 제주시 신설로9길 20, None, None
이가네일품해장국 이도점, 음식점, 제주특별자치도 제주시 신설로9길 40, None, None
메고지고떡창고 이도점, 음식점, 제주특별자치도 제주시 신설로9길 26-13, None, None
쪽갈비와친구들 이도점, 음식점, 제주특별자치도 제주시 신설로11길 43, None, None
미풍해장국 일도베라체점, 음식점, 제주특별자치도 제주시 연신로 89, None, None
포라인, 음식점, 제주특별자치도 제주시 신설로11길 47, None, None
김가네 제주이도점, 음식점, 제주특별자치도 제주시 신설로 55, None, None
대마족발 제주점, 음식점, 제주특별자치도 제주시 신설로11길 53, None, None
동경, 음식점, 제주특별자치도 제주시 신설로 55, None, None
충무로38양곱창 제주점, 음식점, 제주특별자치도 제주시 연신로 81-1, None, None
땡큐꼬마김밥, 음식점, 제주특별자치도 제주시 신설로11길 51, None, None
신이내린닭앤냠냠숯불두마리치킨 이도점, 음식점, 제주특별자치도 제주시 신설로9길 48, None, None
인생야채곱창, 음식점, 제주특별자치도 제주시 신설로 55, None, None
제주돼학교, 음식점, 제주특별자치도 제주시 신설로9길 48, None, None
나는강정같은치킨입니다 이도점, 음식점, 제주특별자치도 제주시 신설로9길 48, None, None
공존, 음식점, 제주특별자치도 제주시 정든로6길 12, None, None
바로밥김밥, 음식점, 제주특별자치도 제주시 이도공원길 6, None, None
정든마을고깃집, 음식점, 제주특별자치도 제주시 정든로 20-8, None, None
계모임, 음식점, 제주특별자치도 제주시 정든로 16, None, None
이백장돈가스 제주이도점, 음식점, 제주특별자치도 제주시 신설로 3, None, None
장모식탁, 음식점, 제주특별자치도 제주시 연신로 51, None, None
느루온, 음식점, 제주특별자치도 제주시 신설로9길 33, None, None
온기, 음식점, 제주특별자치도 제주시 신설로9길 31, None, None
돈삼겹 삼화5호직영점, 음식점, 제주특별자치도 제주시 신설로9길 37, None, None
다빈장, 음식점, 제주특별자치도 제주시 신설로9길 35, None, None
포석정, 음식점, 제주특별자치도 제주시 신설로9길 35, None, None
샤오핑, 음식점,  제주특별자치도 제주시 이도2동 148-2 1층, None, None
바른치킨 이도점, 음식점, 제주특별자치도 제주시 연신로 70, None, None
돼지아구찜, 음식점,  제주특별자치도 제주시 이도이동 148-2 1층, None, None
누들보쌈배달만족 이도지구점, 음식점, 제주특별자치도 제주시 연신로 70, None, None
김순례닭강정 제주점, 음식점, 제주특별자치도 제주시 연신로 39, None, None
안트레밀, 음식점, 제주특별자치도 제주시 남광로 107, None, None
다섯번째이야기, 음식점, 제주특별자치도 제주시 연신로 148, 6, 3.3
우등생세번째이야기, 음식점, 제주특별자치도 제주시 간월동로 90-3, 2, 4.5
곱닥헌 케익엔쿠키, 음식점, 제주특별자치도 제주시 금월길 27, None, None
금빌레뷔페정식, 음식점, 제주특별자치도 제주시 연신로 123, None, None
이도초등학교, 학교, 제주특별자치도 제주시 구남동2길 58, 0, 5.0
이도초등학교 병설유치원, 어린이집/유치원, 제주특별자치도 제주시 구남동2길 58, 0, 5.0
제주 중앙여자고등학교, 학교, 제주특별자치도 제주시 구남동5길 11, 0, 3.0
남광초등학교, 학교, 제주특별자치도 제주시 남광로 28, 1, 4.0
제주제일중학교, 학교, 제주특별자치도 제주시 남광로 33, 1, 3.0
제주제일중학교부설 방송통신중학교, 학교, 제주특별자치도 제주시 남광로 33, 0, 0.0
제주여자고등학교, 학교, 제주특별자치도 제주시 구산로 50, 2, 2.0
아라중학교, 학교, 제주특별자치도 제주시 간월동로 30, 0, 0.0
제주영지학교, 학교, 제주특별자치도 제주시 간월동로3길 15, 1, 4.0
제주여자중학교, 학교, 제주특별자치도 제주시 구산로 50, 1, 4.0
다솜발달장애인대안학교, 학교, 제주특별자치도 제주시 간월동로 14-1, 0, 0.0
탐라중학교, 학교, 제주특별자치도 제주시 신설로 56, 0, 4.0
아이소마, 학교, 제주특별자치도 제주시 중앙로 457, None, None
보광사, 사찰, 제주특별자치도 제주시 구산로 22-3, 0, 0.0
보덕사, 사찰, 제주특별자치도 제주시 독짓골8길 26, 0, 0.0
선우정사, 사찰, 제주특별자치도 제주시 고산동산5길 21-1, 1, 5.0
법륭사, 사찰, 제주특별자치도 제주시 연북로 612-7, 1, 5.0
성심사, 사찰, 제주특별자치도 제주시 정든로6길 18, 0, 0.0
탐라문화회관, 문화시설, 제주특별자치도 제주시 연북로 560, 0, 0.0
수선화1차아파트, 아파트, 제주특별자치도 제주시 독짓골2길 26, 200, 0.0
동아아파트, 아파트, 제주특별자치도 제주시 독짓골8길 67, 110, 0.0
수선화2차아파트, 아파트, 제주특별자치도 제주시 도남로 129, 95, 0.0
정원파인즈18차, 아파트, 제주특별자치도 제주시 구산로5길 11, 45, 0.0
정원파인즈17차, 아파트, 제주특별자치도 제주시 구산로6길 7, 37, 0.0
이도초벽강하이본빌6차, 아파트, 제주특별자치도 제주시 도남로 190, 56, 0.0
명주2차아파트, 아파트, 제주특별자치도 제주시 독짓골8길 57, 30, 0.0
명주1차아파트, 아파트, 제주특별자치도 제주시 독짓골8길 61, 19, 0.0
휴팰리스II아파트, 아파트, 제주특별자치도 제주시 도남로 167, 28, 0.0
수선화아파트, 아파트, 제주특별자치도 제주시 도남로17길 20, 60, 0.0
영산홍아파트, 아파트, 제주특별자치도 제주시 도남로17길 32, 105, 0.0
우주도남아파트, 아파트, 제주특별자치도 제주시 독짓골4길 11-6, 49, 0.0
아산아파트, 아파트, 제주특별자치도 제주시 독짓골2길 19, 28, 0.0
도남성원5차아파트, 아파트, 제주특별자치도 제주시 도남로15길 21, 41, 0.0
대원상록수아파트, 아파트, 제주특별자치도 제주시 독짓골4길 9, 40, 0.0
청양수맨션, 아파트, 제주특별자치도 제주시 독짓골4길 12, 16, 0.0
주공1단지아파트, 아파트, 제주특별자치도 제주시 구남로7길 36, 480, 0.0
도남아델하임아파트, 아파트, 제주특별자치도 제주시 신성로10길 41, 40, 0.0
동남아파트, 아파트, 제주특별자치도 제주시 독짓골8길 4, 44, 0.0
뜨래별3차아파트, 아파트, 제주특별자치도 제주시 고산동산6길 23, 33, 0.0
하나아파트, 아파트, 제주특별자치도 제주시 남광북1길 3, 16, 0.0
하늘그린주상복합아파트, 아파트, 제주특별자치도 제주시 구남로7길 33, 16, 0.0
부양장미2차아파트, 아파트, 제주특별자치도 제주시 오복2길 27, 59, 0.0
은하아파트, 아파트, 제주특별자치도 제주시 중앙로 323-1, 12, 0.0
연주아파트, 아파트, 제주특별자치도 제주시 남광로 1, 12, 0.0
남북아파트, 아파트, 제주특별자치도 제주시 가령로4길 14, 48, 0.0
세기에코빌아파트, 아파트, 제주특별자치도 제주시 중앙로 274, 99, 0.0
고덕하이츠빌라, 아파트, 제주특별자치도 제주시 고산동산5길 21-1, 19, 0.0
메디치아파트, 아파트, 제주특별자치도 제주시 가령로 76, 54, 0.0
이도성원아파트, 아파트, 제주특별자치도 제주시 승천로2길 5, 37, 0.0
하늘그린5차아파트, 아파트, 제주특별자치도 제주시 연삼로 436, 36, 0.0
이도재영샤르빌아파트, 아파트, 제주특별자치도 제주시 고산동산5길 36, 18, 0.0
태성리치빌아파트, 아파트, 제주특별자치도 제주시 가령로 72, 25, 0.0
하늘그린아파트, 아파트, 제주특별자치도 제주시 승천로 6, 18, 0.0
아라초록빌, 아파트, 제주특별자치도 제주시 구산동길 6, 72, 0.0
남양테크빌아파트, 아파트, 제주특별자치도 제주시 월두2길 35, 76, 0.0
제주이도한일베라체아파트, 아파트, 제주특별자치도 제주시 신설로 55, 661, 0.0
혜성무지개타운, 아파트, 제주특별자치도 제주시 남광로 65, 272, 0.0
영산홍주택, 아파트, 제주특별자치도 제주시 승천로 27, 312, 0.0
동남한올레아파트, 아파트, 제주특별자치도 제주시 신설로7길 22, 30, 0.0
위더스빌아파트, 아파트, 제주특별자치도 제주시 신설로9길 12-7, 18, 0.0
아라휴안1차, 아파트, 제주특별자치도 제주시 간월동로 72-7, 24, 0.0
이도수선화아파트, 아파트, 제주특별자치도 제주시 신설동길 66, 70, 0.0
한우리아파트, 아파트, 제주특별자치도 제주시 오복4길 38, 18, 0.0
동아아파트사거리, 아파트, , None, 0.0
신세계아파트 대표회의, 아파트, , None, 0.0
