까미노, 카페, 제주특별자치도 제주시 연동1길 14, 1, 5.0
리치망고 신제주점, 카페, 제주특별자치도 제주시 국기로 14, 10, 3.0
여카페, 카페, 제주특별자치도 제주시 신광로10길 23, 0, 5.0
모스트, 카페, 제주특별자치도 제주시 신광로10길 25, 0, 0.0
앤드앤드, 카페, 제주특별자치도 제주시 연동4길 28-16, 1, 0.0
커피비원, 카페, 제주특별자치도 제주시 연동4길 28-4, 0, 0.0
미나, 카페, 제주특별자치도 제주시 신광로10길 23, 0, 0.0
티엔미미, 카페, 제주특별자치도 제주시 연동4길 8, 2, 5.0
컴포즈커피 제주제원점, 카페, 제주특별자치도 제주시 제원길 16, 0, 4.3
와플칸 제주직영점, 카페, 제주특별자치도 제주시 신광로 36, 5, 3.4
빽다방 제주제원점, 카페, 제주특별자치도 제주시 신광로 56, 2, 5.0
더헤이븐, 카페, 제주특별자치도 제주시 제원4길 10-1, 11, 4.9
헤이커피, 카페, 제주특별자치도 제주시 신광로4길 9, 6, 5.0
심심, 카페, 제주특별자치도 제주시 신광로8길 24-1, 2, 0.0
심지유향, 카페, 제주특별자치도 제주시 노연로 89, 0, 0.0
카페드랑, 카페, 제주특별자치도 제주시 노연로 80, 0, 0.0
인샵카페, 카페, 제주특별자치도 제주시 신광로 32, 0, 0.0
에이바우트커피 삼무공원점, 카페, 제주특별자치도 제주시 신광로 20, 17, 4.1
카페깅코, 카페, 제주특별자치도 제주시 도령로 100, 14, 4.9
브와두스 베이커리카페 연동점, 카페, 제주특별자치도 제주시 국기로 35, 85, 4.7
컴플리트커피 연동점, 카페, 제주특별자치도 제주시 국기로4길 1, 70, 3.6
레몬트리, 카페, 제주특별자치도 제주시 국기로2길 2-1, 0, 0.0
커피보그, 카페, 제주특별자치도 제주시 국기로 43, 0, 4.0
카페아우, 카페, 제주특별자치도 제주시 국기로4길 4, 0, 3.5
춤추는염소들, 카페, 제주특별자치도 제주시 연동12길 30, 12, 4.7
누베커피 신제주점, 카페, 제주특별자치도 제주시 국기로2길 13, 1, 0.0
감성커피 연동점, 카페, 제주특별자치도 제주시 신대로20길 46, 1, 0.0
야미, 카페, 제주특별자치도 제주시 신광로 103, 12, 0.0
인스, 카페, 제주특별자치도 제주시 과원북4길 95, 0, 0.0
렛미인, 카페, 제주특별자치도 제주시 과원북4길 88, 0, 0.0
모나리자, 카페, 제주특별자치도 제주시 사장3길 33, 0, 0.0
뉴크라운관광호텔 구내, 카페, 제주특별자치도 제주시 신광로 87, 0, 0.0
에이바우트커피 연북로점, 카페, 제주특별자치도 제주시 연북로 161, 5, 4.2
엄블랑호다, 카페, 제주특별자치도 제주시 사장길 15, 7, 3.4
지유명차 제주점, 카페, 제주특별자치도 제주시 연북로 168, 17, 5.0
빠빠라기 신제주점, 카페, 제주특별자치도 제주시 신광로 45, 79, 4.5
투썸플레이스 제주연동점, 카페, 제주특별자치도 제주시 신광로 79, 9, 2.6
도그헤븐, 카페, 제주특별자치도 제주시 삼무로 74, 3, 1.7
제주방탈출 제원점, 카페, 제주특별자치도 제주시 신광로 61, 0, 2.0
로얄호텔 구내카페, 카페, 제주특별자치도 제주시 신대로12길 45, 1, 1.0
공차 제주연동점, 카페, 제주특별자치도 제주시 신광로 35, 4, 3.4
이디야커피 제주연동점, 카페, 제주특별자치도 제주시 신광로 27, 0, 2.4
금커피별빙수, 카페, 제주특별자치도 제주시 연동12길 5, 5, 3.6
카페무, 카페, 제주특별자치도 제주시 신대로16길 47, 10, 4.0
달콤커피 제주연동제니아점, 카페, 제주특별자치도 제주시 은남1길 25, 0, 1.0
카사베라, 카페, 제주특별자치도 제주시 노연로 101, 0, 4.0
달보드레, 카페, 제주특별자치도 제주시 연동8길 4, 0, 0.0
커피마마 제주연동점, 카페, 제주특별자치도 제주시 연동7길 8, 0, 4.0
글램바, 카페, 제주특별자치도 제주시 노연로 118-1, 0, 5.0
오티모95, 카페, 제주특별자치도 제주시 노연로 95, 0, 0.0
데이앤나이트, 카페, 제주특별자치도 제주시 연동9길 3, 0, 0.0
꼬옷, 카페, 제주특별자치도 제주시 신대로14길 33, 2, 0.0
렉스오리엔탈, 카페, 제주특별자치도 제주시 연동7길 25, 0, 0.0
포트캔커피 신제주점, 카페, 제주특별자치도 제주시 연동7길 25, 1, 0.0
락카페, 카페, 제주특별자치도 제주시 삼무로 72, 0, 0.0
쏭쓰, 카페, 제주특별자치도 제주시 은남2길 37, 0, 0.0
지엔디카페, 카페, 제주특별자치도 제주시 은남2길 37, 0, 0.0
베이스노트, 카페, 제주특별자치도 제주시 선덕로5길 21, 3, 4.3
커피비터스윗, 카페, 제주특별자치도 제주시 선덕로3길 32, 10, 4.2
아이갓에브리씽, 카페, 제주특별자치도 제주시 문연로 6, 1, 5.0
소담카페, 카페, 제주특별자치도 제주시 신대로15길 2, 0, 0.0
스톤헤이븐, 카페, 제주특별자치도 제주시 문송길 16, 2, 5.0
망고홀릭 제주본점, 카페, 제주특별자치도 제주시 삼무로5길 2, 106, 4.5
젬마쇼콜라, 카페, 제주특별자치도 제주시 삼무로11길 9, 32, 5.0
유카페, 카페, 제주특별자치도 제주시 신대로10길 36-1, 2, 5.0
석화민속찻집, 카페, 제주특별자치도 제주시 삼무로7길 24, 0, 5.0
망사리카페, 카페, 제주특별자치도 제주시 신대로7길 7, 5, 0.0
제주썬호텔 더라운지, 카페, 제주특별자치도 제주시 삼무로 67, 0, 0.0
카페이음새, 카페, 제주특별자치도 제주시 삼무로11길 34, 2, 0.0
도민카페, 카페, 제주특별자치도 제주시 문연로 13, 0, 0.0
카페루팡, 카페, 제주특별자치도 제주시 신대로10길 49-1, 0, 0.0
골프카페, 카페, 제주특별자치도 제주시 연삼로 51, 0, 0.0
베네토, 카페, 제주특별자치도 제주시 신대로8길 5, 0, 0.0
노기다 제주특별자치도의회점, 카페, 제주특별자치도 제주시 문연로 13, 0, 0.0
플렉스, 카페, 제주특별자치도 제주시 삼무로3길 32, 0, 0.0
콜로세움카페, 카페, 제주특별자치도 제주시 민오름길 14, 62, 3.8
투썸플레이스 제주연북로점, 카페, 제주특별자치도 제주시 연북로 201, 2, 3.3
제주에타, 카페, 제주특별자치도 제주시 연미길 101, 22, 4.5
카페조아, 카페, 제주특별자치도 제주시 연오로 39, 8, 4.7
크로플각 2호, 카페, 제주특별자치도 제주시 연오로 61-12, 0, 0.0
구룸, 카페, 제주특별자치도 제주시 연미길 101, 3, 5.0
카페드벨로, 카페, 제주특별자치도 제주시 연북로 188, 1, 0.0
먹구룸, 카페, 제주특별자치도 제주시 연미길 101, 0, 0.0
카페블룸, 카페, 제주특별자치도 제주시 연북로 222, 0, 0.0
열공부엌, 카페, 제주특별자치도 제주시 선덕로8길 26, 0, 0.0
빽다방 빵연구소 제주연동점, 카페, 제주특별자치도 제주시 신광로10길 27, None, None
공차 제주연동신시가지점, 카페, 제주특별자치도 제주시 연북로 78, None, None
제주휘낭시에, 카페, 제주특별자치도 제주시 과원북4길 61, None, None
키즈팡팡, 카페, 제주특별자치도 제주시 과원북4길 61, None, None
커피코알라, 카페, 제주특별자치도 제주시 과원북4길 71, None, None
양기원키즈카페, 카페, 제주특별자치도 제주시 과원북4길 61, None, None
연동커피, 카페, 제주특별자치도 제주시 신광로10길 25, None, None
프로젝트064, 카페, 제주특별자치도 제주시 신광로4길 13, None, None
카페뮤로, 카페, 제주특별자치도 제주시 제원3길 13, None, None
에이바우트커피 신라신성점, 카페, 제주특별자치도 제주시 노연로 62, None, None
탐앤탐스 신제주점, 카페, 제주특별자치도 제주시 신광로 52, None, None
메가MGC커피 신제주점, 카페, 제주특별자치도 제주시 노연로 89, None, None
벌크커피 신제주점, 카페, 제주특별자치도 제주시 삼무로 18, None, None
헬시바비, 카페, 제주특별자치도 제주시 신광로6길 25, None, None
온도70, 카페, 제주특별자치도 제주시 연동1길 36, None, None
컴포즈커피 연동신라점, 카페, 제주특별자치도 제주시 노연로 61, None, None
휘카페 제주연동점, 카페, 제주특별자치도 제주시 신광로 32, None, None
만드링크, 카페, 제주특별자치도 제주시 제원길 17, None, None
해피, 카페, 제주특별자치도 제주시 연동3길 14, None, None
플로베 sk점, 카페, 제주특별자치도 제주시 도령로 113, None, None
제주설심당 삼해인점, 카페, 제주특별자치도 제주시 도령로 108, None, None
줄리앙와플&커피, 카페, 제주특별자치도 제주시 도령로 102, None, None
러반로제 연동점, 카페, 제주특별자치도 제주시 도령로 103, None, None
디저트39 제주연동대야점, 카페, 제주특별자치도 제주시 국기로 19, None, None
라운딩, 카페, 제주특별자치도 제주시 국기로4길 16, None, None
문, 카페, 제주특별자치도 제주시 국기중길 14, None, None
아리나블루문, 카페, 제주특별자치도 제주시 국기로 35, None, None
앨리스 연동점, 카페, 제주특별자치도 제주시 국기중길 10, None, None
트립1849, 카페, 제주특별자치도 제주시 연북로 88, None, None
컴포즈커피 제주연동점, 카페, 제주특별자치도 제주시 과원북4길 89, None, None
읍천리382 제주연동점, 카페, 제주특별자치도 제주시 연북로 82, None, None
지미네커피, 카페, 제주특별자치도 제주시 연동12길 27, None, None
유레카, 카페, 제주특별자치도 제주시 과원북4길 85, None, None
카페B, 카페, 제주특별자치도 제주시 신대로22길 4, None, None
커피커넥쳐스, 카페, 제주특별자치도 제주시 신대로22길 20, None, None
유캔두잇 신제주점, 카페, 제주특별자치도 제주시 신광로 93, None, None
프렌즈, 카페, 제주특별자치도 제주시 국기로1길 5, None, None
120겹파이&카페 제주점, 카페, 제주특별자치도 제주시 연동12길 28-13, None, None
퐁낭쉼팡, 카페, 제주특별자치도 제주시 연동10길 16, None, None
썸카페, 카페, 제주특별자치도 제주시 국기로1길 19, None, None
올리브나무, 카페, 제주특별자치도 제주시 연동8길 28, None, None
와이, 카페, 제주특별자치도 제주시 과원북4길 91, None, None
파티, 카페, 제주특별자치도 제주시 국기로2길 7, None, None
샐러두잇, 카페, 제주특별자치도 제주시 비월1길 12, None, None
설빙 신제주직영점, 카페, 제주특별자치도 제주시 신광로 65, None, None
파스쿠찌 제주제원점, 카페, 제주특별자치도 제주시 연동7길 26, None, None
오마이파운드, 카페, 제주특별자치도 제주시 은남4길 40, None, None
청담회장님댁 제주점, 카페, 제주특별자치도 제주시 신대로16길 23, None, None
비마이볼, 카페, 제주특별자치도 제주시 연동14길 7, None, None
피오레, 카페, 제주특별자치도 제주시 삼무로 61, None, None
토방속에장독대, 카페, 제주특별자치도 제주시 신대로14길 33, None, None
드롭탑 제주누웨모루점, 카페, 제주특별자치도 제주시 연동7길 24, None, None
카페노연로117, 카페, 제주특별자치도 제주시 노연로 117, None, None
쏭스라이브, 카페, 제주특별자치도 제주시 은남2길 37, None, None
요거프레소 제주제원점, 카페, 제주특별자치도 제주시 삼무로 36, None, None
차달임, 카페, 제주특별자치도 제주시 노연로 118-1, None, None
요거프레소 바오젠점, 카페, 제주특별자치도 제주시 연동9길 18, None, None
아지트, 카페, 제주특별자치도 제주시 연동8길 7, None, None
스완스, 카페, 제주특별자치도 제주시 노연로 133, None, None
스므으커피 연동점, 카페, 제주특별자치도 제주시 연동7길 41, None, None
퀸스카페, 카페, 제주특별자치도 제주시 연동9길 25, None, None
호타르트, 카페, 제주특별자치도 제주시 연동7길 41, None, None
모이라, 카페, 제주특별자치도 제주시 연동8길 7, None, None
청자다방 제주1호점, 카페, 제주특별자치도 제주시 신대로14길 47, None, None
빽다방 제주연동사거리점, 카페, 제주특별자치도 제주시 선덕로 1, None, None
메가MGC커피 제주중앙중점, 카페, 제주특별자치도 제주시 선덕로 17, None, None
테라스탱고, 카페, 제주특별자치도 제주시 신대로 104, None, None
아누에, 카페, 제주특별자치도 제주시 신대로 124, None, None
로드33, 카페, 제주특별자치도 제주시 문송길 33, None, None
모나코, 카페, 제주특별자치도 제주시 은남길 38, None, None
커피핌, 카페, 제주특별자치도 제주시 신대로16길 6, None, None
힐링쟈미, 카페, 제주특별자치도 제주시 문송길 18, None, None
바론, 카페, 제주특별자치도 제주시 신광로1길 14, None, None
청춘다방, 카페, 제주특별자치도 제주시 귀아랑길 27, None, None
메가MGC커피 제주도청점, 카페, 제주특별자치도 제주시 신대로7길 3, None, None
쁘띠레브, 카페, 제주특별자치도 제주시 삼무로7길 29, None, None
알라운지, 카페, 제주특별자치도 제주시 신대로10길 19, None, None
커피순, 카페, 제주특별자치도 제주시 귀아랑길 22, None, None
레트르, 카페, 제주특별자치도 제주시 삼무로11길 34, None, None
제주물, 카페, 제주특별자치도 제주시 삼무로11길 9, None, None
카페봄봄 신제주점, 카페, 제주특별자치도 제주시 신대로 67, None, None
바코드, 카페, 제주특별자치도 제주시 삼무로3길 26, None, None
달리는커피 제주연동점, 카페, 제주특별자치도 제주시 삼무로11길 9, None, None
푸르릇, 카페, 제주특별자치도 제주시 삼무로11길 9, None, None
케이팝, 카페, 제주특별자치도 제주시 삼무로3길 34, None, None
김박사커피밀, 카페, 제주특별자치도 제주시 연문2길 9, None, None
가을, 카페, 제주특별자치도 제주시 귀아랑길 27, None, None
허브로틴 그린, 카페, 제주특별자치도 제주시 신대로 72, None, None
파스쿠찌 신제주점, 카페, 제주특별자치도 제주시 연북로 221, None, None
베이크띵스베럴, 카페, 제주특별자치도 제주시 신대로13길 43-10, None, None
파라볼레시더스카페 제주연동점, 카페, 제주특별자치도 제주시 연오로 91, None, None
아임누, 카페, 제주특별자치도 제주시 선덕로8길 12, None, None
스카이리더스호텔, 여관, 제주특별자치도 제주시 신광로 106, 7, 2.0
엠제이호텔, 여관, 제주특별자치도 제주시 신광로4길 16, 3, 3.0
모나코호텔, 여관, 제주특별자치도 제주시 제원1길 1, 1, 5.0
산지물호텔, 여관, 제주특별자치도 제주시 제원길 37, 0, 1.0
해피데이호텔, 여관, 제주특별자치도 제주시 제원길 43, 1, 2.8
발리호텔, 여관, 제주특별자치도 제주시 삼무로 26, 1, 3.0
초콜릿호텔, 여관, 제주특별자치도 제주시 신광로4길 8, 0, 0.0
하얀성호텔, 여관, 제주특별자치도 제주시 신광로4길 14, 0, 1.0
우리사우나모텔, 여관, 제주특별자치도 제주시 제원1길 13, 0, 0.0
아리랑호텔, 여관, 제주특별자치도 제주시 제원길 39, 0, 0.0
뮤즈모텔, 여관, 제주특별자치도 제주시 제원1길 15, 0, 0.0
샤인모텔, 여관, 제주특별자치도 제주시 신광로 80, 0, 0.0
하하호텔, 여관, 제주특별자치도 제주시 신광로4길 10, 0, 0.0
아람모텔, 여관, 제주특별자치도 제주시 제원4길 23, 0, 0.0
청심장여관, 여관, 제주특별자치도 제주시 제원1길 22, 0, 0.0
호텔하루, 여관, 제주특별자치도 제주시 삼무로1길 3, 2, 3.3
명월장여관, 여관, 제주특별자치도 제주시 삼무로1길 10, 0, 0.0
제주골프호텔, 여관, 제주특별자치도 제주시 과원북4길 97, 0, 3.3
아트모텔, 여관, 제주특별자치도 제주시 신대로20길 48, 0, 3.0
애니모텔, 여관, 제주특별자치도 제주시 신대로18길 50, 0, 0.0
예스모텔, 여관, 제주특별자치도 제주시 사장2길 43, 0, 0.0
잠호텔, 여관, 제주특별자치도 제주시 신대로18길 52, 0, 0.0
어반아일랜드호텔, 여관, 제주특별자치도 제주시 삼무로 76, 41, 3.4
F1모텔, 여관, 제주특별자치도 제주시 사장1길 18, 0, 3.4
호텔더단잠, 여관, 제주특별자치도 제주시 은남3길 46, 5, 5.0
스카이모텔, 여관, 제주특별자치도 제주시 사장1길 40, 0, 1.0
샵모텔, 여관, 제주특별자치도 제주시 은남4길 33, 0, 3.0
가이아호텔, 여관, 제주특별자치도 제주시 연동7길 4, 0, 0.0
피닉스, 여관, 제주특별자치도 제주시 은남1길 28, 0, 0.0
해피호텔, 여관, 제주특별자치도 제주시 은남4길 9, 0, 0.0
스마일모텔, 여관, 제주특별자치도 제주시 연동13길 42, 0, 3.0
리베로호텔 제주, 여관, 제주특별자치도 제주시 은남1길 34, 0, 0.0
상하이호텔, 여관, 제주특별자치도 제주시 은남1길 32, 0, 4.0
동원모텔, 여관, 제주특별자치도 제주시 은남1길 30, 1, 0.0
허브모텔, 여관, 제주특별자치도 제주시 은남2길 43, 0, 0.0
준파크텔, 여관, 제주특별자치도 제주시 사장1길 18-1, 0, 0.0
밀감센트럴호텔, 여관, 제주특별자치도 제주시 사장1길 30, 1, 1.5
프린스모텔, 여관, 제주특별자치도 제주시 은남4길 46, 0, 0.0
이채호텔, 여관, 제주특별자치도 제주시 은남1길 3, 3, 4.5
국도장, 여관, 제주특별자치도 제주시 삼무로 82, 0, 0.0
제주미주호텔, 여관, 제주특별자치도 제주시 신대로 60, 9, 2.6
제이투호텔, 여관, 제주특별자치도 제주시 삼무로3길 37, 2, 3.5
제주올레호텔, 여관, 제주특별자치도 제주시 삼무로5길 8, 3, 4.1
호텔버킹검, 여관, 제주특별자치도 제주시 삼무로9길 39, 0, 4.3
평화모텔, 여관, 제주특별자치도 제주시 신대로7길 1, 0, 0.0
에버호텔, 여관, 제주특별자치도 제주시 삼무로 75, 2, 1.0
나인하우스, 여관, 제주특별자치도 제주시 연동6길 5, None, None
신제주집, 여관, 제주특별자치도 제주시 연동6길 5, None, None
웰컴제주, 렌트카, 제주특별자치도 제주시 노연로 128, 0, 0.0
제주셀카, 렌트카, 제주특별자치도 제주시 신대로 70, 0, 0.0
한국렌트카, 렌트카, 제주특별자치도 제주시 연미길 53, 56, 2.0
오렌지렌트카, 렌트카, 제주특별자치도 제주시 연미길 103, 12, 2.0
제주아산렌트카, 렌트카, 제주특별자치도 제주시 연미길 44, 10, 5.0
제주사랑렌트카, 렌트카, 제주특별자치도 제주시 연미길 103, 5, 2.0
제주알프스렌터카, 렌트카, 제주특별자치도 제주시 연미3길 4, 3, 3.0
뉴대한렌트카, 렌트카, 제주특별자치도 제주시 연미길 35, 3, 2.0
에스카, 렌트카, 제주특별자치도 제주시 연미길 42, 2, 1.0
제주렌트카몰, 렌트카, 제주특별자치도 제주시 연동13길 5, None, None
제주여행렌트카, 렌트카, 제주특별자치도 제주시 연동11길 12, None, None
돌하루팡렌트카, 렌트카, 제주특별자치도 제주시 연삼로 38, None, None
제주패스렌트카, 렌트카, 제주특별자치도 제주시 신광로 21, None, None
제시카, 렌트카, 제주특별자치도 제주시 도령로15길 6, None, None
제주왕렌트카, 렌트카, 제주특별자치도 제주시 신대로 70, None, None
신제주성당, 성당, 제주특별자치도 제주시 신대로8길 42, 9, 5.0
연동순복음교회, 교회, 제주특별자치도 제주시 신광로 58, 0, 4.0
대한예수교장로회열린교회, 교회, 제주특별자치도 제주시 연동6길 13, 0, 0.0
BIM까페교회, 교회, 제주특별자치도 제주시 삼무로 9, 0, 0.0
영광교회, 교회, 제주특별자치도 제주시 아연로 32-4, 0, 0.0
주함교회, 교회, 제주특별자치도 제주시 연동12길 29, 0, 0.0
연동서부교회, 교회, 제주특별자치도 제주시 신대로21길 16, 0, 0.0
회복감리교회, 교회, 제주특별자치도 제주시 선덕로6길 11, 0, 0.0
제일중국인교회, 교회, 제주특별자치도 제주시 신대로 126, 0, 5.0
주님동산교회, 교회, 제주특별자치도 제주시 신대로 165, 0, 0.0
그리스도의교회 제주점, 교회, 제주특별자치도 제주시 신대로 110, 0, 5.0
열린순복음, 교회, 제주특별자치도 제주시 삼무로 77, 0, 0.0
주성령순복음교회, 교회, 제주특별자치도 제주시 노연로 148, 0, 0.0
제주평강교회, 교회, 제주특별자치도 제주시 연삼로 29, 0, 0.0
참좋은교회, 교회, 제주특별자치도 제주시 연문2길 3, 0, 0.0
잠힘교회, 교회, 제주특별자치도 제주시 신광로1길 10, 0, 0.0
형제교회, 교회, 제주특별자치도 제주시 신대로10길 5, 0, 0.0
제주동산교회, 교회, 제주특별자치도 제주시 연미2길 16-6, 0, 0.0
열방교회, 교회, 제주특별자치도 제주시 연북로 90, 0, 0.0
우리순복음교회, 교회, 제주특별자치도 제주시 연동4길 14, None, None
제주함께하는침례교회, 교회, 제주특별자치도 제주시 은남1길 19, None, None
제주예향교회, 교회, 제주특별자치도 제주시 신대로12길 25, None, None
제주성화교회, 교회, 제주특별자치도 제주시 연삼로 20, None, None
롯데시네마 제주연동점, 문화시설, 제주특별자치도 제주시 과원로 128, None, None
설문대여성문화센터 제주여성역사문화전시관, 문화시설, 제주특별자치도 제주시 선덕로8길 12, 0, 0.0
갤러리 제주, 문화시설, 제주특별자치도 제주시 연삼로 51, None, None
스마트그리드와 4차산업혁명 비전홀, 문화시설, 제주특별자치도 제주시 문연로 36, None, None
갤러리오늘, 문화시설, 제주특별자치도 제주시 신대로18길 32, 1, 0.0
비아제주 카페엔스테이, 게스트하우스, 제주특별자치도 제주시 삼무로9길 11, 0, 4.6
제주로와게스트하우스, 게스트하우스, 제주특별자치도 제주시 제원길 16, None, None
연동게스트하우스, 게스트하우스, 제주특별자치도 제주시 국기중길 14, None, None
미소치과의원, 병원, 제주특별자치도 제주시 국기로 8, 0, 0.0
복지피부과의원, 병원, 제주특별자치도 제주시 신대로 128, 0, 4.0
가족보건의원, 병원, 제주특별자치도 제주시 신대로13길 21, 0, 3.0
다사랑의원, 병원, 제주특별자치도 제주시 신대로 128, 0, 5.0
김용석 마취통증의학과의원, 병원, 제주특별자치도 제주시 노연로 101, 0, 5.0
한국건강관리협회 건강증진의원, 병원, 제주특별자치도 제주시 연북로 111, 10, 4.0
김형진치과의원, 병원, 제주특별자치도 제주시 신광로 63, 0, 4.0
한국건강관리협회 건강증진치과의원, 병원, 제주특별자치도 제주시 연북로 111, 0, 0.0
제주제일요양병원, 병원, 제주특별자치도 제주시 연삼로 16, 1, 4.0
연동필치과의원, 병원, 제주특별자치도 제주시 신대로 72, 0, 3.0
해와달한의원, 병원, 제주특별자치도 제주시 신대로 67, 0, 4.0
강미정소아청소년과의원, 병원, 제주특별자치도 제주시 연오로 59, 0, 5.0
제주춘강의원, 병원, 제주특별자치도 제주시 월구1길 73, 0, 5.0
단단한정형외과의원, 병원, 제주특별자치도 제주시 연북로 76, None, None
소리이비인후과 제주점, 병원, 제주특별자치도 제주시 연북로 76, None, None
아이틴즈치과, 병원, 제주특별자치도 제주시 연북로 78, None, None
서울UP치과의원 서울업치과의원, 병원, 제주특별자치도 제주시 연북로 76, None, None
봄길의원, 병원, 제주특별자치도 제주시 삼무로 18, None, None
포에버의원, 병원, 제주특별자치도 제주시 삼무로 18, None, None
파랑새의원, 병원, 제주특별자치도 제주시 노연로 90, None, None
이동구내과의원, 병원, 제주특별자치도 제주시 신광로 64, None, None
신제주한의원, 병원, 제주특별자치도 제주시 삼무로 27, None, None
으뜸경희한의원, 병원, 제주특별자치도 제주시 과원로 110, None, None
더리프트의원, 병원, 제주특별자치도 제주시 과원로 110, None, None
연동365일의원, 병원, 제주특별자치도 제주시 연북로 99, None, None
제원한의원, 병원, 제주특별자치도 제주시 신대로14길 36, None, None
제주 멘파워비뇨기과의원, 병원, 제주특별자치도 제주시 노연로 94, None, None
뷰앤미의원, 병원, 제주특별자치도 제주시 노연로 118-1, None, None
고경환내과의원, 병원, 제주특별자치도 제주시 신대로 153, None, None
서울앤치과의원, 병원, 제주특별자치도 제주시 연북로 99, None, None
VIP성형외과의원, 병원, 제주특별자치도 제주시 은남1길 46, None, None
서울한의원, 병원, 제주특별자치도 제주시 노연로 142, None, None
DRVIP클리닉, 병원, 제주특별자치도 제주시 은남1길 46, None, None
포유치과의원, 병원, 제주특별자치도 제주시 신대로 134, None, None
김광주치과의원, 병원, 제주특별자치도 제주시 신광로 33-1, None, None
슬림미의원, 병원, 제주특별자치도 제주시 연북로 99, None, None
이룸내과의원, 병원, 제주특별자치도 제주시 연오로 59, None, None
썬랜드호텔, 호텔, 제주특별자치도 제주시 신광로 92, 10, 3.9
라움호텔, 호텔, 제주특별자치도 제주시 신광로10길 1, 3, 1.3
뉴아일랜드관광호텔, 호텔, 제주특별자치도 제주시 연동6길 17, 6, 2.0
메종글래드제주, 특급호텔, 제주특별자치도 제주시 노연로 80, 388, 3.1
호텔레오, 특급호텔, 제주특별자치도 제주시 삼무로 14, 83, 4.5
엠버호텔 제주, 호텔, 제주특별자치도 제주시 삼무로 12, 33, 3.8
아시아호텔, 호텔, 제주특별자치도 제주시 노연로 53, 58, 3.5
제주센트럴시티호텔, 호텔, 제주특별자치도 제주시 노연로 66, 75, 3.1
어반스테이 제주연동, 호텔, 제주특별자치도 제주시 연동6길 5, 39, 4.1
해마호텔, 호텔, 제주특별자치도 제주시 삼무로 28, 15, 3.7
세종호텔, 호텔, 제주특별자치도 제주시 신광로 74, 2, 2.6
케이관광호텔, 호텔, 제주특별자치도 제주시 연동3길 10, 2, 0.0
힐스테이트제주, 호텔, 제주특별자치도 제주시 연동6길 5, 0, 5.0
귀빈호텔, 호텔, 제주특별자치도 제주시 제원1길 20, 0, 0.0
삼해인관광호텔, 호텔, 제주특별자치도 제주시 도령로 108, 10, 3.3
호텔제이엠, 호텔, 제주특별자치도 제주시 삼무로1길 10-7, 4, 0.0
위플스테이, 호텔, 제주특별자치도 제주시 도령로 102, 0, 5.0
뉴월드호텔, 호텔, 제주특별자치도 제주시 도령로 96, 1, 0.0
디셈버호텔, 호텔, 제주특별자치도 제주시 삼무로1길 15, 1, 0.0
퓨어스테이, 호텔, 제주특별자치도 제주시 신대로 68, 6, 3.6
퓨어스테이, 호텔, 제주특별자치도 제주시 신대로 68, 6, 3.6
아이진호텔, 호텔, 제주특별자치도 제주시 신대로22길 4, 46, 4.0
펄호텔 제주, 호텔, 제주특별자치도 제주시 신대로20길 49, 22, 2.6
호텔더원, 호텔, 제주특별자치도 제주시 사장3길 33, 6, 2.9
노블레스호텔, 호텔, 제주특별자치도 제주시 연동8길 31, 4, 3.0
선스테이호텔, 호텔, 제주특별자치도 제주시 신광로 93, 0, 5.0
메이저호텔, 호텔, 제주특별자치도 제주시 사장3길 36, 7, 3.0
뉴크라운호텔, 호텔, 제주특별자치도 제주시 신광로 87, 1, 5.0
한림호텔, 호텔, 제주특별자치도 제주시 연동10길 20, 0, 0.0
진호캐스텔, 호텔, 제주특별자치도 제주시 사장길 37, 1, 0.0
제주코아호텔, 호텔, 제주특별자치도 제주시 신대로 148, 0, 5.0
호텔에어시티제주, 호텔, 제주특별자치도 제주시 삼무로 56, 42, 3.1
하이레지던스, 호텔, 제주특별자치도 제주시 은남1길 46, 71, 4.5
호텔앨리스&트렁크, 호텔, 제주특별자치도 제주시 연동12길 4, 16, 3.8
호텔컬리넌 제주, 호텔, 제주특별자치도 제주시 사장1길 26, 22, 3.0
호텔통 연동점, 호텔, 제주특별자치도 제주시 사장1길 28, 16, 2.6
뜨레비호텔, 호텔, 제주특별자치도 제주시 연동7길 8, 10, 4.0
제주로얄호텔, 호텔, 제주특별자치도 제주시 신대로12길 45, 1, 1.6
인덱스 제이드림호텔, 호텔, 제주특별자치도 제주시 은남1길 40, 10, 4.3
호텔B, 호텔, 제주특별자치도 제주시 신대로12길 16, 9, 3.8
호텔메이저2, 호텔, 제주특별자치도 제주시 은남4길 40, 6, 4.4
호텔W 신제주점, 호텔, 제주특별자치도 제주시 은남4길 42, 2, 5.0
에이원호텔, 호텔, 제주특별자치도 제주시 사장1길 10, 3, 4.8
레브호텔, 호텔, 제주특별자치도 제주시 은남1길 15, 5, 3.6
제니아호텔, 호텔, 제주특별자치도 제주시 은남1길 25, 0, 0.0
Atnoon호텔, 호텔, 제주특별자치도 제주시 은남1길 8, 13, 2.9
다이아몬드호텔, 호텔, 제주특별자치도 제주시 신대로12길 42, 3, 3.3
탐라지오호텔, 호텔, 제주특별자치도 제주시 신광로 79, 4, 4.0
뉴신라호텔, 호텔, 제주특별자치도 제주시 신대로12길 40, 0, 0.0
호텔엘린, 호텔, 제주특별자치도 제주시 은남1길 4, 6, 5.0
호텔시리우스, 호텔, 제주특별자치도 제주시 도령로 133, 201, 3.5
글로스터호텔 제주, 호텔, 제주특별자치도 제주시 삼무로 57, 108, 3.2
제주썬호텔&카지노, 호텔, 제주특별자치도 제주시 삼무로 67, 8, 5.0
벤티모호텔앤레지던스, 호텔, 제주특별자치도 제주시 연삼로 14, 117, 4.7
신신호텔 제주공항점, 호텔, 제주특별자치도 제주시 도령로 124, 64, 2.9
갤러리호텔비앤비, 호텔, 제주특별자치도 제주시 삼무로3길 48, 21, 3.0
파크사이드호텔, 호텔, 제주특별자치도 제주시 도령로 126, 4, 2.1
퓨어스테이, 호텔, 제주특별자치도 제주시 신대로 68, 6, 3.6
퓨어스테이, 호텔, 제주특별자치도 제주시 신대로 68, 6, 3.6
퓨어스테이, 호텔, 제주특별자치도 제주시 신대로 68, 6, 3.6
퓨어스테이, 호텔, 제주특별자치도 제주시 신대로 68, 6, 3.6
제이그랜드호텔, 호텔, 제주특별자치도 제주시 삼무로 57, 0, 0.0
전원호텔, 호텔, 제주특별자치도 제주시 삼무로11길 38, 0, 0.0
라관광호텔, 호텔, 제주특별자치도 제주시 연북로 217, 3, 2.5
금호훼밀리호텔, 호텔, 제주특별자치도 제주시 제원1길 9, None, None
씨티호텔, 호텔, 제주특별자치도 제주시 신대로 170, None, None
신라스테이 제주, 호텔, 제주특별자치도 제주시 노연로 100, None, None
호텔스카이파크 제주1호점, 호텔, 제주특별자치도 제주시 삼무로 48, None, None
제주스위트호텔, 호텔, 제주특별자치도 제주시 삼무로3길 9, None, None
꼬마도서관, 도서관, 제주특별자치도 제주시 연동 297-1, 0, 0.0
꼬마도서관, 도서관, 제주특별자치도 제주시 외도일동 560-3, 0, 0.0
연동대림새마을작은도서관, 도서관, 제주특별자치도 제주시 국기로 14, 0, 0.0
놀이도서관, 도서관, 제주특별자치도 제주시 국기로 5, 0, 0.0
상승새마을작은도서관, 도서관, 제주특별자치도 제주시 신대로 101, 0, 0.0
제주꿈바당어린이도서관, 도서관, 제주특별자치도 제주시 연오로 140, None, None
설문대어린이도서관, 도서관, 제주특별자치도 제주시 신대로10길 48-9, None, None
반딧불이작은도서관, 도서관, 제주특별자치도 제주시 연삼로 22, None, None
연미새마을작은도서관, 도서관, 제주특별자치도 제주시 연사길 142, None, None
참좋은마트, 대형마트, 제주특별자치도 제주시 연오로 61, 0, 5.0
더 타임 민박, 숙박, 제주특별자치도 제주시 신대로13길 44-2, 0, 0.0
야끼니꾸엔 제주점, 음식점, 제주특별자치도 제주시 국기로 25, 4, 5.0
써브웨이 제주연동신시가지점, 음식점, 제주특별자치도 제주시 국기로1길 2, 30, 2.5
파리바게뜨 제주연동1호점, 음식점, 제주특별자치도 제주시 국기로 8, 13, 1.7
흥부네정식, 음식점, 제주특별자치도 제주시 연북로 74, 2, 5.0
샌드잇츠, 음식점, 제주특별자치도 제주시 과원북4길 69, 3, 5.0
던킨 제주연동점, 음식점, 제주특별자치도 제주시 국기로 17, 3, 3.7
한솥도시락 제주연동대림점, 음식점, 제주특별자치도 제주시 국기로 9, 11, 2.2
행복한떡방, 음식점, 제주특별자치도 제주시 과원북4길 69, 2, 4.5
준, 음식점, 제주특별자치도 제주시 국기로 6, 3, 2.3
33떡볶이 신연동점, 음식점, 제주특별자치도 제주시 국기로 13, 0, 0.0
손사장네행복하소, 음식점, 제주특별자치도 제주시 연북로 74, 9, 3.4
으뜸아이스크림할인점 연동점, 음식점, 제주특별자치도 제주시 과원북4길 57, 0, 0.0
보잉747, 음식점, 제주특별자치도 제주시 연북로 76, 0, 0.0
제주본가 용두동할매신쭈꾸미, 음식점, 제주특별자치도 제주시 국기로 14, 0, 0.0
블루스카이, 음식점, 제주특별자치도 제주시 국기로 6, 0, 0.0
첀씬마라탕 연동점, 음식점, 제주특별자치도 제주시 국기로1길 2, 0, 0.0
미보삿뽀로참치 제주연동점, 음식점, 제주특별자치도 제주시 연동4길 36, 7, 4.9
연정식당, 음식점, 제주특별자치도 제주시 신광로10길 29, 113, 1.8
일석이조, 음식점, 제주특별자치도 제주시 신광로10길 24, 0, 0.0
2도비어 제주연동점, 음식점, 제주특별자치도 제주시 신광로10길 22, 0, 0.0
부산서면양곱창 분점, 음식점, 제주특별자치도 제주시 신광로10길 22, 0, 0.0
문성반점, 음식점, 제주특별자치도 제주시 연동4길 12-9, 4, 2.0
스페샬, 음식점, 제주특별자치도 제주시 신광로10길 20, 0, 0.0
김지순의낭푼밥상, 음식점, 제주특별자치도 제주시 연동6길 28, 56, 3.9
영덕대게마을, 음식점, 제주특별자치도 제주시 신광로10길 5, 15, 4.1
어매흑돼지, 음식점, 제주특별자치도 제주시 신광로10길 15, 18, 3.9
아르보, 음식점, 제주특별자치도 제주시 연동6길 11, 34, 4.5
갓포아키 제주도점, 음식점, 제주특별자치도 제주시 노연로 80, 20, 4.2
돈나무흑돼지, 음식점, 제주특별자치도 제주시 신광로10길 3, 15, 3.6
쨍하고회뜰날, 음식점, 제주특별자치도 제주시 신광로10길 18, 5, 4.0
단초제주, 음식점, 제주특별자치도 제주시 신광로10길 17, 1, 5.0
선미정, 음식점, 제주특별자치도 제주시 신광로 88, 2, 5.0
참새와방앗간, 음식점, 제주특별자치도 제주시 연동4길 16, 1, 5.0
아우라, 음식점, 제주특별자치도 제주시 신광로10길 5, 0, 0.0
비스트로자왈, 음식점, 제주특별자치도 제주시 노연로 80, 0, 0.0
터보, 음식점, 제주특별자치도 제주시 신광로 82, 0, 0.0
뉴아일랜드관광호텔 구내식당, 음식점, 제주특별자치도 제주시 연동6길 17, 0, 0.0
스카이리더스호텔 구내식당, 음식점, 제주특별자치도 제주시 신광로 106, 0, 0.0
규태네양곱창 본점, 음식점, 제주특별자치도 제주시 노연로 55, 40, 3.7
도야, 음식점, 제주특별자치도 제주시 연동4길 6-4, 2, 3.0
이거스치킨피자밸리, 음식점, 제주특별자치도 제주시 노연로 55, 9, 4.7
현이네양곱창, 음식점, 제주특별자치도 제주시 노연로 55, 1, 5.0
아라치 신제주점, 음식점, 제주특별자치도 제주시 연동1길 42, 0, 0.0
K하우스, 음식점, 제주특별자치도 제주시 노연로 61, 3, 3.0
흠염요리, 음식점, 제주특별자치도 제주시 신광로8길 30-1, 0, 0.0
팍차이나, 음식점, 제주특별자치도 제주시 노연로 62, 0, 0.0
대아갈비, 음식점, 제주특별자치도 제주시 연동4길 6-2, 0, 0.0
이쯔모, 음식점, 제주특별자치도 제주시 연동4길 12, 2, 3.0
아자리아 메종글래드제주점, 음식점, 제주특별자치도 제주시 노연로 80, 0, 0.0
메종글래드제주 구내식당, 음식점, 제주특별자치도 제주시 노연로 80, 0, 0.0
달빛사랑채, 음식점, 제주특별자치도 제주시 연동4길 6-2, 0, 0.0
화연, 음식점, 제주특별자치도 제주시 신광로 78, 9, 4.7
이츠양, 음식점, 제주특별자치도 제주시 연동6길 5, 10, 4.8
비엔나핫도그, 음식점, 제주특별자치도 제주시 노연로 83, 0, 0.0
곰브라더스 제주제원점, 음식점, 제주특별자치도 제주시 노연로 83, 0, 0.0
치킨가이드, 음식점, 제주특별자치도 제주시 노연로 87, 0, 0.0
하영올레국수, 음식점, 제주특별자치도 제주시 연동3길 34, 266, 4.8
엄마손횟집, 음식점, 제주특별자치도 제주시 연동3길 35, 28, 3.6
나니와, 음식점, 제주특별자치도 제주시 연동3길 36, 12, 3.4
공푸마라탕, 음식점, 제주특별자치도 제주시 신광로8길 22, 11, 4.8
사또, 음식점, 제주특별자치도 제주시 연동3길 36, 9, 4.4
칼맞은삼겹살, 음식점, 제주특별자치도 제주시 제원4길 8, 0, 0.0
곰솔과맹개, 음식점, 제주특별자치도 제주시 연동3길 35, 1, 5.0
사랑터밥상, 음식점, 제주특별자치도 제주시 제원4길 6, 2, 1.5
탕1988, 음식점, 제주특별자치도 제주시 연동3길 29, 0, 0.0
시자더, 음식점, 제주특별자치도 제주시 신광로8길 20, 2, 4.5
시샤덕수제물만두 제주점, 음식점, 제주특별자치도 제주시 신광로8길 20, 0, 0.0
연동마라도횟집, 음식점, 제주특별자치도 제주시 신광로8길 3, 76, 3.7
신아나고꼼장어, 음식점, 제주특별자치도 제주시 제원길 38, 0, 0.0
롯데사우나 구내, 음식점, 제주특별자치도 제주시 신광로 52, 0, 0.0
진홍식당, 음식점, 제주특별자치도 제주시 신광로8길 5, 0, 0.0
때지분식, 음식점, 제주특별자치도 제주시 신광로8길 3, 0, 0.0
달료포차, 음식점, 제주특별자치도 제주시 신광로8길 6, 0, 0.0
택자네닭발포장마차, 음식점, 제주특별자치도 제주시 신광로8길 6, 0, 0.0
정겨운수제비, 음식점, 제주특별자치도 제주시 제원1길 23, 8, 4.8
옛날통닭, 음식점, 제주특별자치도 제주시 신광로4길 27, 0, 0.0
페리카나 연동점, 음식점, 제주특별자치도 제주시 연동1길 10, 3, 5.0
반도소관, 음식점, 제주특별자치도 제주시 신광로4길 27, 0, 0.0
무안세발낙지, 음식점, 제주특별자치도 제주시 제원1길 23, 0, 0.0
일품연황찜닭, 음식점, 제주특별자치도 제주시 연동1길 14, 0, 0.0
순창갈비, 음식점, 제주특별자치도 제주시 신광로4길 11, 27, 2.7
화통삼 신제주점, 음식점, 제주특별자치도 제주시 신광로4길 15, 5, 4.8
제일식당, 음식점, 제주특별자치도 제주시 연동3길 15, 0, 0.0
뜰, 음식점, 제주특별자치도 제주시 신광로6길 25, 0, 0.0
연동야식, 음식점, 제주특별자치도 제주시 신광로6길 25, 0, 0.0
대정식당, 음식점, 제주특별자치도 제주시 신광로6길 25, 26, 3.8
제원칼집 본점, 음식점, 제주특별자치도 제주시 제원길 19, 17, 4.0
탁이국수, 음식점, 제주특별자치도 제주시 제원길 16, 53, 4.4
우연국수 1호점, 음식점, 제주특별자치도 제주시 신광로6길 2, 10, 3.0
흑돼지참숯구이, 음식점, 제주특별자치도 제주시 신광로6길 2, 58, 4.8
죠스떡볶이 제주제원점, 음식점, 제주특별자치도 제주시 신광로 48, 9, 3.3
제원 삼계탕, 음식점, 제주특별자치도 제주시 제원길 16, 5, 3.4
목포세발낙지 본점, 음식점, 제주특별자치도 제주시 제원길 16, 1, 5.0
맵수다 제원점, 음식점, 제주특별자치도 제주시 신광로4길 7, 7, 1.7
큰동네국수, 음식점, 제주특별자치도 제주시 신광로6길 2, 4, 5.0
장군닭, 음식점, 제주특별자치도 제주시 신광로6길 2, 3, 4.7
스크류쿨호프, 음식점, 제주특별자치도 제주시 신광로 44-1, 1, 5.0
투다리 월드점, 음식점, 제주특별자치도 제주시 제원길 14, 1, 5.0
제대로떡볶이 제원점, 음식점, 제주특별자치도 제주시 신광로6길 2, 2, 3.0
평화주점, 음식점, 제주특별자치도 제주시 제원길 19, 0, 0.0
라파스타, 음식점, 제주특별자치도 제주시 신광로 36, 0, 0.0
벅스, 음식점, 제주특별자치도 제주시 신광로 48, 0, 0.0
프로젝트064, 음식점, 제주특별자치도 제주시 신광로4길 13, 54, 4.2
산호꼼장어갈비막창, 음식점, 제주특별자치도 제주시 신광로4길 17, 3, 5.0
참치정육식당, 음식점, 제주특별자치도 제주시 삼무로 16, 0, 0.0
삼다황금어장, 음식점, 제주특별자치도 제주시 삼무로 16, 0, 0.0
주주라이브포차, 음식점, 제주특별자치도 제주시 신광로4길 17, 0, 0.0
쉐프의 스시이야기, 음식점, 제주특별자치도 제주시 신광로 36, 59, 3.8
88돼지, 음식점, 제주특별자치도 제주시 제원길 7, 25, 3.6
미풍해장국 연동점, 음식점, 제주특별자치도 제주시 제원길 7, 23, 3.9
돈보따리, 음식점, 제주특별자치도 제주시 제원길 6, 8, 4.3
올리브와뽀빠이, 음식점, 제주특별자치도 제주시 신광로 32-1, 10, 3.7
신제주참닭갈비 신제주점, 음식점, 제주특별자치도 제주시 신광로4길 1, 2, 4.0
제주돼지, 음식점, 제주특별자치도 제주시 신광로4길 6, 4, 3.8
숙성정육식당, 음식점, 제주특별자치도 제주시 신광로 36, 1, 1.0
야우, 음식점, 제주특별자치도 제주시 제원길 8, 3, 5.0
갈래길국수, 음식점, 제주특별자치도 제주시 제원길 14, 4, 4.8
카인드키친앤펍, 음식점, 제주특별자치도 제주시 삼무로 28, 0, 0.0
돼지꿈, 음식점, 제주특별자치도 제주시 제원길 6, 2, 5.0
홀덤, 음식점, 제주특별자치도 제주시 삼무로 28, 0, 0.0
웬두루치기, 음식점, 제주특별자치도 제주시 제원길 3-1, 0, 0.0
막썰어막회, 음식점, 제주특별자치도 제주시 제원길 7, 3, 1.0
광림, 음식점, 제주특별자치도 제주시 제원길 6, 2, 2.5
백세촌식당, 음식점, 제주특별자치도 제주시 제원길 3, 2, 3.0
낙지골목, 음식점, 제주특별자치도 제주시 제원길 3, 0, 0.0
청산에살자 제주본점, 음식점, 제주특별자치도 제주시 제원길 7, 0, 0.0
금안이네국수, 음식점, 제주특별자치도 제주시 제원길 3, 0, 0.0
연동본가, 음식점, 제주특별자치도 제주시 삼무로 11, 5, 2.4
해녀바당, 음식점, 제주특별자치도 제주시 삼무로 11-1, 5, 4.4
옥이네복돼지, 음식점, 제주특별자치도 제주시 삼무로 11-1, 2, 5.0
돈쫄돈 제주노형점, 음식점, 제주특별자치도 제주시 삼무로1길 10-9, 0, 0.0
만선바다, 음식점, 제주특별자치도 제주시 삼무로1길 6, 28, 4.5
제주세호해장국 연동직영점, 음식점, 제주특별자치도 제주시 신광로 12, 12, 3.3
부가네얼큰이 삼무점, 음식점, 제주특별자치도 제주시 삼무로1길 6, 3, 3.0
진짜루, 음식점, 제주특별자치도 제주시 삼무로1길 10, 4, 2.0
큰언니네이층집, 음식점, 제주특별자치도 제주시 도령로 106, 7, 3.3
흔들고, 음식점, 제주특별자치도 제주시 신광로 22, 0, 0.0
스페샬 로얄점, 음식점, 제주특별자치도 제주시 삼무로 19, 0, 0.0
바삭돈가스, 음식점, 제주특별자치도 제주시 과원북4길 61, None, None
패밀리만두, 음식점, 제주특별자치도 제주시 국기로 9, None, None
본죽&비빔밥cafe 제주연동점, 음식점, 제주특별자치도 제주시 국기로 13-1, None, None
김밥천국 신시가지점, 음식점, 제주특별자치도 제주시 국기로 13-1, None, None
제주돈가스, 음식점, 제주특별자치도 제주시 국기로 14, None, None
도도름 신시가지점, 음식점, 제주특별자치도 제주시 과원북4길 61, None, None
치킨매니아 연동노형점, 음식점, 제주특별자치도 제주시 과원북4길 57, None, None
버무리 연동점, 음식점, 제주특별자치도 제주시 국기로 14, None, None
레드망고 제주연동점, 음식점, 제주특별자치도 제주시 국기로 14, None, None
카카오, 음식점, 제주특별자치도 제주시 연북로 76, None, None
추억의쉘부르, 음식점, 제주특별자치도 제주시 연북로 74, None, None
담이자카야, 음식점, 제주특별자치도 제주시 연동4길 36, None, None
호박이네, 음식점, 제주특별자치도 제주시 신광로10길 21, None, None
친절한선미씨, 음식점, 제주특별자치도 제주시 연동4길 36, None, None
통김치찌개, 음식점, 제주특별자치도 제주시 원노형10길 20, None, None
술한상, 음식점, 제주특별자치도 제주시 신광로10길 25, None, None
해빈촌, 음식점, 제주특별자치도 제주시 신광로10길 26, None, None
영재숯불갈비, 음식점, 제주특별자치도 제주시 신광로10길 23, None, None
해피소울라운지, 음식점, 제주특별자치도 제주시 신광로10길 27, None, None
아취, 음식점, 제주특별자치도 제주시 신광로10길 22, None, None
하시야, 음식점, 제주특별자치도 제주시 신광로10길 18, None, None
대어호횟집, 음식점, 제주특별자치도 제주시 연동4길 12, None, None
섬마을, 음식점, 제주특별자치도 제주시 신광로10길 17, None, None
김순례닭강정 신제주점, 음식점, 제주특별자치도 제주시 연동4길 22, None, None
머믈, 음식점, 제주특별자치도 제주시 연동4길 16, None, None
피자굽는곰아저씨, 음식점, 제주특별자치도 제주시 연동4길 12, None, None
청보리, 음식점, 제주특별자치도 제주시 연동4길 29, None, None
비어제이, 음식점, 제주특별자치도 제주시 신광로10길 2, None, None
찜닭집, 음식점, 제주특별자치도 제주시 연동4길 12, None, None
살롱, 음식점, 제주특별자치도 제주시 신광로10길 18, None, None
더회전훠궈, 음식점, 제주특별자치도 제주시 노연로 55, None, None
루스트플레이스 신라신성점, 음식점, 제주특별자치도 제주시 노연로 62, None, None
문희영해물아구찜, 음식점, 제주특별자치도 제주시 연동4길 6-7, None, None
긴자, 음식점, 제주특별자치도 제주시 신광로8길 30-1, None, None
마라신화마라탕 신라점, 음식점, 제주특별자치도 제주시 노연로 61, None, None
혼밥대왕 신제주점, 음식점, 제주특별자치도 제주시 연동4길 6-6, None, None
청담피자 신제주점, 음식점, 제주특별자치도 제주시 연동4길 6-12, None, None
바른곱창 연동점, 음식점, 제주특별자치도 제주시 노연로 61, None, None
옛집, 음식점, 제주특별자치도 제주시 연동4길 8, None, None
콘타이 제주점, 음식점, 제주특별자치도 제주시 노연로 80, None, None
메종드쁘띠푸르 연동점, 음식점, 제주특별자치도 제주시 노연로 80, None, None
메종글래드제주 청, 음식점, 제주특별자치도 제주시 노연로 80, None, None
미미, 음식점, 제주특별자치도 제주시 노연로 77, None, None
메종글래드 삼다정, 음식점, 제주특별자치도 제주시 노연로 80, None, None
정글북바이앨리스, 음식점, 제주특별자치도 제주시 노연로 80, None, None
트룰리하우스, 음식점, 제주특별자치도 제주시 노연로 89, None, None
라화쿵부 제주점, 음식점, 제주특별자치도 제주시 연동3길 37, None, None
금정무산시도삭면, 음식점, 제주특별자치도 제주시 제원3길 11, None, None
라화쿵부 제주연동점, 음식점, 제주특별자치도 제주시 연동3길 37, None, None
신마포갈매기 신제주점, 음식점, 제주특별자치도 제주시 신광로8길 6, None, None
뚜레쥬르 제주연동점, 음식점, 제주특별자치도 제주시 신광로 56, None, None
맨더린, 음식점, 제주특별자치도 제주시 제원길 41, None, None
천하장사뷔페, 음식점, 제주특별자치도 제주시 제원1길 23, None, None
달떡볶이 신제주점, 음식점, 제주특별자치도 제주시 제원1길 23, None, None
전주아줌마두루치기, 음식점, 제주특별자치도 제주시 신광로4길 25, None, None
자매숯불, 음식점, 제주특별자치도 제주시 연동1길 3, None, None
곰돌식당, 음식점, 제주특별자치도 제주시 연동1길 10, None, None
양촌뚝배기, 음식점, 제주특별자치도 제주시 연동1길 10, None, None
장똘뱅이오마카세, 음식점, 제주특별자치도 제주시 신광로6길 25, None, None
자담치킨 제주연동점, 음식점, 제주특별자치도 제주시 연동3길 15, None, None
피치랑 신제주점, 음식점, 제주특별자치도 제주시 신광로6길 25, None, None
중식당, 음식점, 제주특별자치도 제주시 연동3길 14, None, None
치타, 음식점, 제주특별자치도 제주시 신광로4길 7, None, None
원조제원깡통숯불구이, 음식점, 제주특별자치도 제주시 제원길 19, None, None
제원칼집 별관, 음식점, 제주특별자치도 제주시 제원길 17, None, None
K100, 음식점, 제주특별자치도 제주시 신광로 48, None, None
제삼굽, 음식점, 제주특별자치도 제주시 제원길 15, None, None
충무로38양곱창 제주점, 음식점, 제주특별자치도 제주시 신광로6길 2, None, None
이브 3호점, 음식점, 제주특별자치도 제주시 신광로 50, None, None
보편적인노래, 음식점, 제주특별자치도 제주시 제원길 14, None, None
에그박스 연동점, 음식점, 제주특별자치도 제주시 제원1길 14, None, None
그믐달, 음식점,  제주특별자치도 제주시 연동 261-23 하우스디어반 1층 112호, None, None
헤라 호텔레오, 음식점, 제주특별자치도 제주시 삼무로 14, None, None
괸당집 신제주점, 음식점, 제주특별자치도 제주시 신광로4길 9, None, None
막쇠 연동점, 음식점, 제주특별자치도 제주시 제원길 12, None, None
돈오름숯불갈비 제원점, 음식점, 제주특별자치도 제주시 신광로 36, None, None
조개마당, 음식점, 제주특별자치도 제주시 제원길 8, None, None
보스턴수제버거, 음식점, 제주특별자치도 제주시 신광로 28, None, None
뉴욕버거 제주연동점, 음식점, 제주특별자치도 제주시 삼무로 26, None, None
부가네얼큰이 제원점, 음식점, 제주특별자치도 제주시 제원길 14, None, None
임사부국밥 제주본점, 음식점, 제주특별자치도 제주시 신광로4길 1, None, None
소낭, 음식점, 제주특별자치도 제주시 신광로4길 1, None, None
만객, 음식점, 제주특별자치도 제주시 제원길 6, None, None
썬더치킨 제원점, 음식점, 제주특별자치도 제주시 삼무로1길 10-9, None, None
맘스터치 제주연동점, 음식점, 제주특별자치도 제주시 삼무로 23, None, None
BHC치킨 연동점, 음식점, 제주특별자치도 제주시 삼무로 27, None, None
가시버시정육구이, 음식점, 제주특별자치도 제주시 삼무로1길 9, None, None
파사삭, 음식점, 제주특별자치도 제주시 삼무로1길 4, None, None
정식당, 음식점, 제주특별자치도 제주시 삼무로1길 13, None, None
담소다정, 음식점, 제주특별자치도 제주시 신광로 12, None, None
핵밥 제주연동점, 음식점, 제주특별자치도 제주시 도령로 103, None, None
칠십리, 음식점, 제주특별자치도 제주시 신광로 8, 5, 2.6
아라파파, 음식점, 제주특별자치도 제주시 국기로3길 2, 81, 3.3
은행나무집, 음식점, 제주특별자치도 제주시 국기중길 22-9, 4, 4.5
만배회센타, 음식점, 제주특별자치도 제주시 국기로2길 2-9, 43, 3.5
황금돈가, 음식점, 제주특별자치도 제주시 국기로2길 4, 1, 5.0
하몽돼지, 음식점, 제주특별자치도 제주시 국기로2길 12, 8, 4.0
오름해산물, 음식점, 제주특별자치도 제주시 국기로2길 2-5, 7, 2.1
호밀호두 제주본점, 음식점, 제주특별자치도 제주시 국기로 27, 6, 4.7
창석이네, 음식점, 제주특별자치도 제주시 국기로2길 8, 3, 5.0
재현빨간오뎅, 음식점, 제주특별자치도 제주시 국기로 31, 10, 4.8
소림김밥, 음식점, 제주특별자치도 제주시 국기로 31, 5, 4.2
달콤한닭강정 연동점, 음식점, 제주특별자치도 제주시 국기로 25, 7, 2.1
구구단, 음식점, 제주특별자치도 제주시 국기로3길 6, 0, 0.0
아이리스, 음식점, 제주특별자치도 제주시 국기로3길 5, 0, 0.0
대야, 음식점, 제주특별자치도 제주시 국기로2길 2-7, 0, 0.0
도진식당, 음식점, 제주특별자치도 제주시 국기중길 27, 4, 5.0
우아, 음식점, 제주특별자치도 제주시 국기중길 25, 1, 5.0
하오김밥, 음식점, 제주특별자치도 제주시 국기로3길 14, 3, 5.0
언노운아지트, 음식점, 제주특별자치도 제주시 국기중길 25, 0, 0.0
풍천만가, 음식점, 제주특별자치도 제주시 아연로 40, 17, 3.2
오라토종닭, 음식점, 제주특별자치도 제주시 아연로 22, 8, 2.5
제주포램, 음식점, 제주특별자치도 제주시 국기중길 4, 15, 4.9
연동누룽지식당, 음식점, 제주특별자치도 제주시 과원북4길 86-1, 11, 2.9
올래파이, 음식점, 제주특별자치도 제주시 국기로2길 11, 15, 3.7
사광이네해장국내장탕, 음식점, 제주특별자치도 제주시 과원북4길 86, 8, 3.4
호식이두마리치킨 연동신시가지점, 음식점, 제주특별자치도 제주시 국기중길 5-6, 2, 2.5
대박집 2호점, 음식점, 제주특별자치도 제주시 국기로1길 15, 0, 0.0
머큐리, 음식점, 제주특별자치도 제주시 국기로2길 3, 0, 0.0
A라운지바, 음식점, 제주특별자치도 제주시 국기로2길 5, 0, 0.0
여우비, 음식점, 제주특별자치도 제주시 과원북4길 94, 0, 0.0
보기플레이, 음식점, 제주특별자치도 제주시 과원북4길 84, 0, 0.0
와이바, 음식점, 제주특별자치도 제주시 국기로2길 5, 0, 0.0
라비다, 음식점, 제주특별자치도 제주시 국기로2길 13, 1, 5.0
바19홀, 음식점, 제주특별자치도 제주시 과원북4길 85, 0, 0.0
픽미픽미아이스 제주연동점, 음식점, 제주특별자치도 제주시 국기중길 10, 0, 0.0
노꼬메, 음식점, 제주특별자치도 제주시 국기로1길 10-1, 0, 0.0
소리원, 음식점, 제주특별자치도 제주시 연동12길 37, 71, 3.3
채담, 음식점, 제주특별자치도 제주시 과원로 136-2, 10, 4.8
맘스케익청주오믈렛 신제주점, 음식점, 제주특별자치도 제주시 신대로22길 4, 5, 4.8
풍전, 음식점, 제주특별자치도 제주시 연동8길 30, 8, 3.3
미스터피자 신제주점, 음식점, 제주특별자치도 제주시 신광로 101, 13, 2.0
전국3대치킨 오성통닭, 음식점, 제주특별자치도 제주시 연동8길 28, 0, 0.0
풍전참치, 음식점, 제주특별자치도 제주시 신대로20길 49, 0, 0.0
제주펄호텔 구내, 음식점, 제주특별자치도 제주시 신대로20길 49, 0, 0.0
가마보코, 음식점, 제주특별자치도 제주시 연동8길 28, 1, 5.0
포차골목길, 음식점, 제주특별자치도 제주시 연동8길 28, 0, 0.0
LA키친, 음식점, 제주특별자치도 제주시 연동8길 28, 1, 5.0
앨리스펍, 음식점, 제주특별자치도 제주시 연동8길 28, 0, 0.0
세종가든, 음식점, 제주특별자치도 제주시 사장3길 33, 0, 0.0
제주밥상, 음식점, 제주특별자치도 제주시 사장3길 27, 12, 3.3
수라상, 음식점, 제주특별자치도 제주시 연동10길 36, 18, 4.4
끼니, 음식점, 제주특별자치도 제주시 연동12길 28-11, 4, 4.0
산과들비빔밥 신제주점, 음식점, 제주특별자치도 제주시 연동10길 31, 0, 0.0
돈떵이, 음식점, 제주특별자치도 제주시 연동8길 19, 25, 4.0
수미일관, 음식점, 제주특별자치도 제주시 연동8길 19, 15, 4.3
남문 숯불바베큐&치킨 신제주점, 음식점, 제주특별자치도 제주시 신대로20길 56, 5, 3.2
레드팬더, 음식점, 제주특별자치도 제주시 신대로18길 51, 2, 3.5
향천회초밥, 음식점, 제주특별자치도 제주시 신대로18길 56, 3, 3.7
집나간왕새우 바람난조개 연동점, 음식점, 제주특별자치도 제주시 연동8길 9, 8, 2.9
평화가든, 음식점, 제주특별자치도 제주시 신대로20길 50, 2, 5.0
금정무오리목점, 음식점, 제주특별자치도 제주시 연동8길 21, 0, 0.0
만리장성, 음식점, 제주특별자치도 제주시 신대로20길 56, 1, 4.0
아름닭발 제주본점, 음식점, 제주특별자치도 제주시 연동8길 9, 3, 3.7
사나포차 연동점, 음식점, 제주특별자치도 제주시 연동8길 21, 3, 5.0
모수뷔페, 음식점, 제주특별자치도 제주시 연동8길 13, 1, 3.0
신번지, 음식점, 제주특별자치도 제주시 신대로20길 52, 2, 5.0
제주맘순두부 제주점, 음식점, 제주특별자치도 제주시 연동8길 21, 3, 5.0
옥화네포차, 음식점, 제주특별자치도 제주시 신대로18길 56, 0, 0.0
불닭발&홍초떡볶이, 음식점, 제주특별자치도 제주시 연동8길 9, 0, 0.0
자리돔전문점, 음식점, 제주특별자치도 제주시 신대로18길 39, 4, 3.5
예산가마솥장수촌설렁탕 신제주점, 음식점, 제주특별자치도 제주시 연동10길 13, 9, 3.6
서울정식뷔페, 음식점, 제주특별자치도 제주시 신대로18길 48, 6, 4.0
연동한라국시, 음식점, 제주특별자치도 제주시 신대로18길 41, 2, 4.0
처갓집양념치킨 제주연동점, 음식점, 제주특별자치도 제주시 사장2길 31, 12, 2.8
구공족발 연동점, 음식점, 제주특별자치도 제주시 연동10길 11, 0, 0.0
일용이네식당, 음식점, 제주특별자치도 제주시 신대로20길 42, 2, 5.0
국물에빠진두루치기 연동점, 음식점, 제주특별자치도 제주시 신대로20길 42, 0, 0.0
소소한밤, 음식점, 제주특별자치도 제주시 연동10길 19, 1, 5.0
써니, 음식점, 제주특별자치도 제주시 연동10길 13, 0, 0.0
도원꼬치튀김객, 음식점, 제주특별자치도 제주시 연동10길 13, 0, 0.0
빠빠, 음식점, 제주특별자치도 제주시 신대로20길 42, 0, 0.0
신덴뿌라, 음식점, 제주특별자치도 제주시 사장2길 31, 0, 0.0
소주방아지트, 음식점, 제주특별자치도 제주시 신대로18길 39, 0, 0.0
검은쇠몰고오는, 음식점, 제주특별자치도 제주시 신대로20길 27, 42, 4.0
삼대국수회관 신제주점, 음식점, 제주특별자치도 제주시 신대로20길 32, 28, 3.4
만부정, 음식점, 제주특별자치도 제주시 사장길 38, 18, 3.7
모슬포해안도로식당, 음식점, 제주특별자치도 제주시 신대로18길 16, 17, 3.9
수제홍과일모찌 연동본점, 음식점, 제주특별자치도 제주시 연동14길 14, 7, 4.4
경애관, 음식점, 제주특별자치도 제주시 신대로20길 18, 5, 3.2
연동탑부평, 음식점, 제주특별자치도 제주시 신대로18길 16, 5, 4.8
초원오리, 음식점, 제주특별자치도 제주시 연동14길 10, 3, 2.3
아구에반하다, 음식점, 제주특별자치도 제주시 신대로20길 17, 1, 5.0
와인도시, 음식점, 제주특별자치도 제주시 연동12길 10, 0, 0.0
토크쇼 신제주점, 음식점, 제주특별자치도 제주시 신대로20길 22, 0, 0.0
아맛나 제주점, 음식점, 제주특별자치도 제주시 신대로20길 22, 1, 5.0
태도, 음식점, 제주특별자치도 제주시 사장2길 29, 0, 0.0
언덕위에, 음식점, 제주특별자치도 제주시 연동12길 24, 0, 0.0
유리네, 음식점, 제주특별자치도 제주시 연북로 146, 106, 2.7
황금어장, 음식점, 제주특별자치도 제주시 사장길 14, 40, 3.4
이모밥상, 음식점, 제주특별자치도 제주시 연북로 173, 117, 3.9
김명자굴국밥 제주본점, 음식점, 제주특별자치도 제주시 연북로 168, 26, 4.3
정우말가든, 음식점, 제주특별자치도 제주시 아연로 17, 15, 2.9
제주한우곱창, 음식점, 제주특별자치도 제주시 신대로 165, 6, 3.5
이가촌, 음식점, 제주특별자치도 제주시 연북로 164, 5, 3.6
심야식당낭만혼술, 음식점, 제주특별자치도 제주시 신대로20길 1, 6, 5.0
우리네보쌈, 음식점, 제주특별자치도 제주시 사장길 21, 4, 5.0
서울뚝배기, 음식점, 제주특별자치도 제주시 아연로 10, 7, 3.1
돈게도라, 음식점, 제주특별자치도 제주시 사장길 8, 7, 4.6
세안아구찜, 음식점, 제주특별자치도 제주시 신대로20길 12, 9, 4.3
영화루, 음식점, 제주특별자치도 제주시 사장길 15-1, 9, 4.8
원조우향해장국, 음식점, 제주특별자치도 제주시 신대로20길 7, 7, 5.0
수구레해장국, 음식점, 제주특별자치도 제주시 비월길 7, 4, 4.3
봄촌, 음식점, 제주특별자치도 제주시 연북로 166, 4, 3.3
연화밥상, 음식점, 제주특별자치도 제주시 신대로 144, 5, 5.0
식빵집, 음식점, 제주특별자치도 제주시 선덕로4길 16, 4, 5.0
서진향해장국 신제주점, 음식점, 제주특별자치도 제주시 삼동길 60, 1, 5.0
제주돌수산, 음식점, 제주특별자치도 제주시 사장길 17, 6, 3.0
바다정원, 음식점, 제주특별자치도 제주시 주수길 8, 1, 5.0
오물락, 음식점, 제주특별자치도 제주시 신대로19길 13-1, 0, 0.0
양양밥집, 음식점, 제주특별자치도 제주시 사장길 16, 3, 3.7
도호리, 음식점, 제주특별자치도 제주시 신대로 144, 0, 0.0
토크쇼 연동2호점, 음식점, 제주특별자치도 제주시 사장길 19, 0, 0.0
엠케이제주호텔구내, 음식점, 제주특별자치도 제주시 신대로 160, 0, 0.0
제주코아호텔 구내, 음식점, 제주특별자치도 제주시 신대로 148, 0, 0.0
해품돈 연동본점, 음식점, 제주특별자치도 제주시 신광로 75, 5, 4.2
부산서면양곱창, 음식점, 제주특별자치도 제주시 연동8길 8, 4, 3.5
전라도식당, 음식점, 제주특별자치도 제주시 신광로 75, 8, 4.1
엉아크랩쭈이빵, 음식점, 제주특별자치도 제주시 연동7길 42, 5, 4.6
한빛국수, 음식점, 제주특별자치도 제주시 연동8길 8, 4, 4.5
황금돼지, 음식점, 제주특별자치도 제주시 연동8길 6, 3, 2.3
명품 대구막창, 음식점, 제주특별자치도 제주시 연동8길 4, 1, 5.0
중국북경요리, 음식점, 제주특별자치도 제주시 사장1길 43, 0, 0.0
장인곱창, 음식점, 제주특별자치도 제주시 연동8길 8, 0, 0.0
둘리네국수전문점, 음식점, 제주특별자치도 제주시 연동10길 5, 9, 4.3
굽네치킨 제주연동점, 음식점, 제주특별자치도 제주시 연동10길 4, 7, 1.9
멕시카나치킨 연동점, 음식점, 제주특별자치도 제주시 은남4길 37, 3, 5.0
만타스시31 연동점, 음식점, 제주특별자치도 제주시 사장1길 33, 3, 3.7
둘이두리, 음식점, 제주특별자치도 제주시 연동10길 7, 9, 4.9
연포낙지, 음식점, 제주특별자치도 제주시 연동9길 39, 1, 5.0
즉석신부대찌개, 음식점, 제주특별자치도 제주시 연동9길 39, 1, 5.0
투다리 연동점, 음식점, 제주특별자치도 제주시 연동10길 3, 3, 3.0
풍요로움, 음식점, 제주특별자치도 제주시 은남4길 31, 0, 0.0
치킨신드롬 신제주점, 음식점, 제주특별자치도 제주시 연동10길 4, 4, 4.0
빙고25, 음식점, 제주특별자치도 제주시 사장1길 33, 2, 4.0
덮밥90도씨 제주신도시점, 음식점, 제주특별자치도 제주시 노연로 103, 0, 0.0
참사랑회센타, 음식점, 제주특별자치도 제주시 연동10길 3, 2, 3.0
LA오빠네숯불김밥, 음식점, 제주특별자치도 제주시 연동10길 7, 0, 0.0
치킨더홈 연동점, 음식점, 제주특별자치도 제주시 은남4길 37, 0, 0.0
딜리버리쿡 제주연동점, 음식점, 제주특별자치도 제주시 사장1길 40, 0, 0.0
오니이자카야, 음식점, 제주특별자치도 제주시 연동10길 4, 0, 0.0
1943, 음식점, 제주특별자치도 제주시 연동7길 38, 2, 5.0
생활맥주 제주연동점, 음식점, 제주특별자치도 제주시 연동7길 40, 18, 3.5
돈후명가 제주본점, 음식점, 제주특별자치도 제주시 연동7길 42, 2, 5.0
다비다비, 음식점, 제주특별자치도 제주시 연동7길 38, 0, 0.0
향토정, 음식점, 제주특별자치도 제주시 신광로 61, 0, 0.0
빨간집 제원점, 음식점, 제주특별자치도 제주시 신대로16길 51, 14, 4.2
한신포차 제주연동점, 음식점, 제주특별자치도 제주시 신대로16길 49, 4, 2.3
미복빈대떡, 음식점, 제주특별자치도 제주시 신대로16길 49, 9, 3.1
형제갈비 신제주점, 음식점, 제주특별자치도 제주시 은남4길 41, 0, 0.0
은남두루치기, 음식점, 제주특별자치도 제주시 은남4길 41, 0, 0.0
스페이스, 음식점, 제주특별자치도 제주시 신대로16길 51, 0, 0.0
플렉스, 음식점, 제주특별자치도 제주시 신대로16길 51, 0, 0.0
대관령 아구찜조개구이, 음식점, 제주특별자치도 제주시 신대로16길 56, 5, 3.4
의정설렁탕, 음식점, 제주특별자치도 제주시 연동7길 26, 2, 3.0
홍초불닭 신제주점, 음식점, 제주특별자치도 제주시 신대로16길 56, 1, 5.0
짝치즈등갈비, 음식점, 제주특별자치도 제주시 신대로16길 56, 0, 0.0
타투, 음식점, 제주특별자치도 제주시 연동7길 30, 1, 0.0
북경양꼬치, 음식점, 제주특별자치도 제주시 신대로16길 50, 9, 4.0
투다리 신제주점, 음식점, 제주특별자치도 제주시 신대로16길 52, 3, 1.3
꼬치면, 음식점, 제주특별자치도 제주시 신대로16길 52, 0, 0.0
양포차 제주점, 음식점, 제주특별자치도 제주시 신대로16길 50, 0, 0.0
천향강사천요리, 음식점, 제주특별자치도 제주시 신대로16길 50, 0, 0.0
신주양꼬치 제주점, 음식점, 제주특별자치도 제주시 신대로16길 45, 10, 4.2
로당 연동점, 음식점, 제주특별자치도 제주시 신대로16길 47, 1, 5.0
꼴통집 본점, 음식점, 제주특별자치도 제주시 신대로16길 45, 2, 5.0
육회공작소, 음식점, 제주특별자치도 제주시 신대로16길 47, 3, 3.3
참숯불닭발, 음식점, 제주특별자치도 제주시 은남4길 37, 4, 5.0
허니돈, 음식점, 제주특별자치도 제주시 은남4길 37, 4, 5.0
어촌마당, 음식점, 제주특별자치도 제주시 은남4길 37, 1, 5.0
제주정곱창, 음식점, 제주특별자치도 제주시 은남4길 31, 29, 4.5
돼지목장, 음식점, 제주특별자치도 제주시 연동9길 37, 0, 0.0
사랑방, 음식점, 제주특별자치도 제주시 신대로16길 37-1, 2, 5.0
전주 이모네국수, 음식점, 제주특별자치도 제주시 연동9길 37, 9, 4.2
경희네몽생이, 음식점, 제주특별자치도 제주시 연동9길 37, 4, 5.0
영건식당, 음식점, 제주특별자치도 제주시 신대로16길 44, 7, 4.4
마라양꼬치, 음식점, 제주특별자치도 제주시 신대로16길 44, 12, 4.3
금별맥주 제주제원점, 음식점, 제주특별자치도 제주시 은남3길 38, 2, 4.5
더팔당제주, 음식점, 제주특별자치도 제주시 신대로16길 44, 2, 5.0
빅브라더, 음식점, 제주특별자치도 제주시 신대로16길 44, 0, 0.0
자미성, 음식점, 제주특별자치도 제주시 신대로16길 44, 2, 4.0
스테이크보스 제주제원점, 음식점, 제주특별자치도 제주시 신대로16길 44, 0, 0.0
자미성꼬치구이, 음식점, 제주특별자치도 제주시 신대로16길 44, 0, 0.0
통큰두마리찜닭 신제주3호점, 음식점, 제주특별자치도 제주시 신대로16길 44, 0, 0.0
화룡양꼬치, 음식점, 제주특별자치도 제주시 신대로16길 40, 9, 5.0
가락국수, 음식점, 제주특별자치도 제주시 연동9길 25, 14, 3.8
춘천명동닭갈비 연동점, 음식점, 제주특별자치도 제주시 연동9길 25, 4, 2.0
폴레, 음식점, 제주특별자치도 제주시 은남3길 33, 21, 4.9
큰아들떡볶이 신제주점, 음식점, 제주특별자치도 제주시 연동9길 29, 11, 4.4
신신불닭발 본점, 음식점, 제주특별자치도 제주시 신대로16길 42, 2, 3.0
솔이네막창순대, 음식점, 제주특별자치도 제주시 연동9길 29, 0, 0.0
미스터와규, 음식점, 제주특별자치도 제주시 은남3길 33, 1, 5.0
물음표민속주점, 음식점, 제주특별자치도 제주시 신대로16길 40, 1, 1.0
김효린이네칼국수, 음식점, 제주특별자치도 제주시 연동9길 29, 0, 0.0
산우정, 음식점, 제주특별자치도 제주시 은남4길 29, 18, 3.9
연동계수나무집, 음식점, 제주특별자치도 제주시 연동11길 39, 6, 5.0
털보산해횟집, 음식점, 제주특별자치도 제주시 은남4길 29, 9, 4.6
배달의쌀국수 신제주점, 음식점, 제주특별자치도 제주시 사장1길 29, 0, 0.0
제주밀박사, 음식점, 제주특별자치도 제주시 연동11길 42, 0, 0.0
ing 3호점, 음식점, 제주특별자치도 제주시 노연로 123, 0, 0.0
바코드나인, 음식점, 제주특별자치도 제주시 연동11길 42, 0, 0.0
족발슈퍼 연동점, 음식점, 제주특별자치도 제주시 노연로 135, 1, 5.0
연동빵집, 음식점, 제주특별자치도 제주시 은남4길 11, 6, 3.3
당근포차, 음식점, 제주특별자치도 제주시 노연로 134, 2, 5.0
부가네얼큰이 연동점, 음식점, 제주특별자치도 제주시 노연로 137, 2, 5.0
또온다곱창, 음식점, 제주특별자치도 제주시 연동13길 41, 0, 0.0
오래옥식당, 음식점, 제주특별자치도 제주시 신대로16길 36, 9, 3.6
아싸회, 음식점, 제주특별자치도 제주시 연동11길 36, 14, 2.8
아주좋아, 음식점, 제주특별자치도 제주시 신대로16길 34, 14, 3.7
아싸살아있네, 음식점, 제주특별자치도 제주시 신대로16길 32-1, 3, 4.3
다올레, 음식점, 제주특별자치도 제주시 신대로16길 36-1, 16, 3.6
삼오칠회센터, 음식점, 제주특별자치도 제주시 신대로16길 33, 18, 4.4
한라산산더미불고기, 음식점, 제주특별자치도 제주시 신대로16길 30, 5, 3.4
시골못난이 2호점, 음식점, 제주특별자치도 제주시 신대로16길 35, 10, 4.3
신제주은남정식, 음식점, 제주특별자치도 제주시 연동11길 30, 4, 4.0
황가네 신제주점, 음식점, 제주특별자치도 제주시 은남3길 28, 0, 0.0
한남1990, 음식점, 제주특별자치도 제주시 은남3길 19, 4, 3.8
신덴뿌라, 음식점, 제주특별자치도 제주시 신대로16길 30, 1, 5.0
또순이이모부페, 음식점, 제주특별자치도 제주시 연동11길 30, 0, 0.0
지지고부치고, 음식점, 제주특별자치도 제주시 연동11길 33, 0, 0.0
시골못난이투, 음식점, 제주특별자치도 제주시 신대로16길 35, 2, 4.5
정현이모, 음식점, 제주특별자치도 제주시 은남3길 21, 0, 0.0
오라버니회센타, 음식점, 제주특별자치도 제주시 연동11길 36, 1, 5.0
돈모아식당, 음식점, 제주특별자치도 제주시 연동11길 30, 0, 0.0
1박2일호프, 음식점, 제주특별자치도 제주시 신대로16길 38, 1, 5.0
팝콘, 음식점, 제주특별자치도 제주시 연동11길 30, 0, 0.0
스테이크백, 음식점, 제주특별자치도 제주시 연동13길 34, 1, 5.0
우도스토리, 음식점, 제주특별자치도 제주시 신대로16길 24, 0, 0.0
김밥천국 연동점, 음식점, 제주특별자치도 제주시 신광로 47, 14, 2.6
신화파전, 음식점, 제주특별자치도 제주시 신대로14길 49, 4, 4.0
천하육회 신제주1호점, 음식점, 제주특별자치도 제주시 연동7길 26, 2, 4.5
예림관숯불꼬치, 음식점, 제주특별자치도 제주시 신대로14길 49, 1, 5.0
을찌로국물떡볶이 제주연동점, 음식점, 제주특별자치도 제주시 신대로14길 49, 1, 1.0
고씨회관, 음식점, 제주특별자치도 제주시 신대로14길 49, 2, 3.0
잭펍, 음식점, 제주특별자치도 제주시 신광로 41, 0, 0.0
이자카야쇼부 신제주점, 음식점, 제주특별자치도 제주시 연동7길 26, 0, 0.0
맛동산식당, 음식점, 제주특별자치도 제주시 신대로12길 51, 0, 0.0
린흥유엔, 음식점, 제주특별자치도 제주시 신대로14길 52, 0, 0.0
논짓물, 음식점, 제주특별자치도 제주시 신대로12길 41, 45, 3.8
어신, 음식점, 제주특별자치도 제주시 신대로12길 39, 23, 4.3
냉동고, 음식점, 제주특별자치도 제주시 신대로14길 46, 4, 5.0
동이트는집 신제주점, 음식점, 제주특별자치도 제주시 연동9길 13, 12, 3.8
제주청정원한우마당, 음식점, 제주특별자치도 제주시 신대로14길 42, 3, 5.0
강촌숯불닭갈비 제주본점, 음식점, 제주특별자치도 제주시 신대로14길 50, 1, 5.0
산보, 음식점, 제주특별자치도 제주시 신대로14길 46, 0, 0.0
곱창이야기 제주연동점, 음식점, 제주특별자치도 제주시 신대로14길 43, 4, 2.0
제주가 정육식당, 음식점, 제주특별자치도 제주시 신대로12길 45, 3, 5.0
강국수, 음식점, 제주특별자치도 제주시 신대로14길 38, 3, 5.0
몬스타쉐프의무한곱창 제원점, 음식점, 제주특별자치도 제주시 신대로14길 48, 1, 5.0
더짝 제원점, 음식점, 제주특별자치도 제주시 신대로14길 48, 0, 0.0
기영이숯불두마리치킨 신제주점, 음식점, 제주특별자치도 제주시 신대로14길 48, 2, 5.0
옛날아우내순대 제주제원점, 음식점, 제주특별자치도 제주시 신대로14길 48, 0, 0.0
신의혼밥, 음식점, 제주특별자치도 제주시 신대로14길 40, 0, 0.0
7번가, 음식점, 제주특별자치도 제주시 신대로14길 43, 0, 0.0
유끼, 음식점, 제주특별자치도 제주시 은남2길 32, 0, 0.0
마라영웅 제주본점, 음식점, 제주특별자치도 제주시 연동9길 18, 0, 0.0
더마시따, 음식점, 제주특별자치도 제주시 은남2길 41, 0, 0.0
딱한잔포차, 음식점, 제주특별자치도 제주시 연동9길 18, 0, 0.0
번개포차, 음식점, 제주특별자치도 제주시 연동9길 18, 7, 4.4
고바, 음식점, 제주특별자치도 제주시 신대로14길 48, 0, 0.0
일드뱅, 음식점, 제주특별자치도 제주시 신대로12길 56, 3, 5.0
바1.0.1, 음식점, 제주특별자치도 제주시 삼무로 38, 1, 5.0
범섬횟집, 음식점, 제주특별자치도 제주시 삼무로 40, 1, 4.0
해올레국수, 음식점, 제주특별자치도 제주시 은남1길 46, 0, 0.0
신제주삼계탕, 음식점, 제주특별자치도 제주시 연동7길 4, 0, 0.0
태평양, 음식점, 제주특별자치도 제주시 연동7길 8, 0, 0.0
조마루 연동점, 음식점, 제주특별자치도 제주시 삼무로 52, 0, 0.0
신대장군집, 음식점, 제주특별자치도 제주시 삼무로 50, 5, 3.4
연동길, 음식점, 제주특별자치도 제주시 은남2길 23, 24, 2.8
천하일품, 음식점, 제주특별자치도 제주시 신대로14길 35, 1, 3.0
오월수산장어집, 음식점, 제주특별자치도 제주시 신대로12길 35, 9, 4.8
송림식당 신제주본점, 음식점, 제주특별자치도 제주시 신대로14길 34, 12, 3.7
풍촌식당, 음식점, 제주특별자치도 제주시 은남2길 28, 5, 4.4
부산할매아구찜 신제주점, 음식점, 제주특별자치도 제주시 연동11길 12, 10, 2.6
먹보횟집, 음식점, 제주특별자치도 제주시 연동11길 24, 8, 3.9
경성숯불양꼬치, 음식점, 제주특별자치도 제주시 신대로14길 36, 5, 4.6
풍년내장탕해장국, 음식점, 제주특별자치도 제주시 연동11길 15, 1, 5.0
대화, 음식점, 제주특별자치도 제주시 신대로14길 31, 2, 5.0
짱갈비04, 음식점, 제주특별자치도 제주시 신대로14길 38, 0, 0.0
킹덤, 음식점, 제주특별자치도 제주시 신대로14길 38, 0, 0.0
셔츠 카페&바, 음식점, 제주특별자치도 제주시 신대로14길 29, 0, 0.0
대선, 음식점, 제주특별자치도 제주시 신대로12길 37, 2, 4.5
diaoyudao, 음식점, 제주특별자치도 제주시 은남2길 29, 2, 5.0
제주국담, 음식점, 제주특별자치도 제주시 신대로12길 17, 133, 4.3
꼬방, 음식점, 제주특별자치도 제주시 신대로12길 21, 6, 4.5
안트래, 음식점, 제주특별자치도 제주시 연동13길 16, 0, 0.0
곤지암할매소머리국밥 신제주점, 음식점, 제주특별자치도 제주시 삼무로 60, 9, 2.4
매운향솥, 음식점, 제주특별자치도 제주시 은남1길 31, 3, 4.3
고기중독, 음식점, 제주특별자치도 제주시 신대로12길 32, 9, 4.3
시골길, 음식점, 제주특별자치도 제주시 연동13길 9, 84, 3.4
피자헛 제주연동점, 음식점, 제주특별자치도 제주시 삼무로 78, 9, 2.9
일소추어탕, 음식점, 제주특별자치도 제주시 삼무로 74, 5, 5.0
다정이네곱창집, 음식점, 제주특별자치도 제주시 은남1길 17, 10, 5.0
흥미맛집, 음식점, 제주특별자치도 제주시 삼무로 77, 8, 4.9
중화루, 음식점, 제주특별자치도 제주시 삼무로 68, 1, 5.0
국민닭발 제주점, 음식점, 제주특별자치도 제주시 연동13길 9, 5, 4.8
대영한밥상, 음식점, 제주특별자치도 제주시 삼무로 68, 8, 5.0
아모르 살사바, 음식점, 제주특별자치도 제주시 삼무로 77, 0, 0.0
이금돈지, 음식점, 제주특별자치도 제주시 노연로 143, 35, 3.6
24시누름돌김치찌개 제주연동점, 음식점, 제주특별자치도 제주시 노연로 146, 14, 4.4
빨간집 연동점, 음식점, 제주특별자치도 제주시 신대로 126, 6, 4.8
산전수전인생역전, 음식점, 제주특별자치도 제주시 은남길 40, 14, 4.9
대복관, 음식점, 제주특별자치도 제주시 신대로 126, 3, 2.7
킹바, 음식점, 제주특별자치도 제주시 노연로 139, 0, 0.0
국민떡볶이, 음식점, 제주특별자치도 제주시 신대로 134, 9, 3.4
동네마당, 음식점, 제주특별자치도 제주시 노연로 148, 3, 5.0
홍보석, 음식점, 제주특별자치도 제주시 비월길 5, 15, 4.3
연동대게회타운, 음식점, 제주특별자치도 제주시 신대로 125, 24, 3.4
오늘김밥, 음식점, 제주특별자치도 제주시 신대로 131, 14, 4.1
연한돈, 음식점, 제주특별자치도 제주시 선덕로 6, 1, 5.0
크라운호프 제주연동점, 음식점, 제주특별자치도 제주시 신대로 125, 3, 2.3
가가미일식, 음식점, 제주특별자치도 제주시 신대로 125, 0, 0.0
통큰두마리찜닭 제주선덕로점, 음식점, 제주특별자치도 제주시 선덕로 4, 0, 0.0
대도식당 연동점, 음식점, 제주특별자치도 제주시 은남길 31, 8, 3.4
신제주삼보식당, 음식점, 제주특별자치도 제주시 신대로16길 10, 16, 4.5
좀녀마을뚝배기, 음식점, 제주특별자치도 제주시 은남길 25, 21, 3.9
배스킨라빈스 제주도청점, 음식점, 제주특별자치도 제주시 신대로 124, 6, 4.0
한라산해장국, 음식점, 제주특별자치도 제주시 은남길 25, 1, 4.0
장충왕족발보쌈, 음식점, 제주특별자치도 제주시 은남4길 2, 1, 5.0
일등아들, 음식점, 제주특별자치도 제주시 신대로 124, 2, 5.0
카사블랑카, 음식점, 제주특별자치도 제주시 은남길 38, 0, 0.0
막끌리나, 음식점, 제주특별자치도 제주시 은남길 30, 0, 0.0
검은돈 신제주용역점, 음식점, 제주특별자치도 제주시 은남길 30, 0, 0.0
돈가, 음식점, 제주특별자치도 제주시 문송길 36, 18, 4.2
제주옹기설렁탕, 음식점, 제주특별자치도 제주시 문송길 27, 13, 4.4
고니식당, 음식점, 제주특별자치도 제주시 신대로 119, 4, 4.0
어머니빵집 신제주점, 음식점, 제주특별자치도 제주시 신대로 109, 1, 2.0
신영돌판구이, 음식점, 제주특별자치도 제주시 신대로15길 2, 6, 5.0
태리 로제떡볶이 닭강정, 음식점, 제주특별자치도 제주시 신대로15길 2, 1, 5.0
파스타입니다 제주연동점, 음식점, 제주특별자치도 제주시 신대로 119, 0, 0.0
부길가든, 음식점, 제주특별자치도 제주시 신대로 123, 2, 5.0
마라하오, 음식점, 제주특별자치도 제주시 신대로 119, 0, 0.0
올레풍경, 음식점, 제주특별자치도 제주시 신대로 123, 0, 0.0
청기와집, 음식점, 제주특별자치도 제주시 신대로15길 2, 0, 0.0
앞뱅디식당, 음식점, 제주특별자치도 제주시 선덕로 32, 0, 0.0
재현이네갈비, 음식점, 제주특별자치도 제주시 선덕로 7, 7, 5.0
아랑, 음식점, 제주특별자치도 제주시 선덕로5길 25, 6, 3.5
회식 제주점, 음식점, 제주특별자치도 제주시 선덕로5길 25, 0, 0.0
평강분식, 음식점, 제주특별자치도 제주시 선덕로5길 32, 2, 5.0
웰컴, 음식점, 제주특별자치도 제주시 선덕로 23, 2, 4.5
대박국수, 음식점, 제주특별자치도 제주시 신대로14길 5, 21, 3.5
해장길, 음식점, 제주특별자치도 제주시 신대로12길 7, 25, 4.5
지지지제주흑돼지, 음식점, 제주특별자치도 제주시 신대로 104, 259, 4.5
포동정식 도청점, 음식점, 제주특별자치도 제주시 문송길 18, 12, 3.5
송탄부대찌개집, 음식점, 제주특별자치도 제주시 신대로12길 11, 18, 3.9
카도돈카츠 본점, 음식점, 제주특별자치도 제주시 문송길 19, 22, 3.1
대관원, 음식점, 제주특별자치도 제주시 신대로13길 3, 18, 4.0
수목원집밥, 음식점, 제주특별자치도 제주시 삼무로 82, 19, 3.8
해봉이네, 음식점, 제주특별자치도 제주시 은남길 14, 7, 3.0
성게애빠져, 음식점, 제주특별자치도 제주시 신대로14길 5, 4, 4.8
네네치킨 연동점, 음식점, 제주특별자치도 제주시 삼무로 82, 1, 5.0
김씨며느리, 음식점, 제주특별자치도 제주시 문송길 25, 4, 5.0
도랑도랑, 음식점, 제주특별자치도 제주시 문송길 20, 2, 5.0
최고밥상, 음식점, 제주특별자치도 제주시 은남길 18, 2, 5.0
삼겹면 대패리, 음식점, 제주특별자치도 제주시 신대로14길 5, 0, 0.0
새몽실식당, 음식점, 제주특별자치도 제주시 신대로12길 11, 0, 0.0
신대로12길식당, 음식점, 제주특별자치도 제주시 신대로12길 13, 6, 4.3
미초밥집, 음식점, 제주특별자치도 제주시 신대로12길 7, 0, 0.0
삼성혈 해물탕 본점, 음식점, 제주특별자치도 제주시 선덕로5길 20, 86, 3.0
수복강녕, 음식점, 제주특별자치도 제주시 선덕로3길 40, 86, 4.8
진진, 음식점, 제주특별자치도 제주시 선덕로5길 19, 62, 3.8
맛장터해장국, 음식점, 제주특별자치도 제주시 신대로13길 10, 20, 4.4
민준이네, 음식점, 제주특별자치도 제주시 선덕로5길 19, 9, 4.4
우리집밥상, 음식점, 제주특별자치도 제주시 신대로13길 19, 20, 4.4
돼지구이연구소 본점, 음식점, 제주특별자치도 제주시 신대로13길 19, 7, 4.3
신미조리, 음식점, 제주특별자치도 제주시 문송1길 2, 0, 0.0
다해복어, 음식점, 제주특별자치도 제주시 문송1길 17, 3, 4.0
삼다칼국수, 음식점, 제주특별자치도 제주시 문송1길 2, 6, 5.0
신신낙지, 음식점, 제주특별자치도 제주시 문송1길 15, 4, 2.0
문송식당, 음식점, 제주특별자치도 제주시 문송1길 21, 0, 0.0
깡부대찌개, 음식점, 제주특별자치도 제주시 문송1길 23, 6, 5.0
제주특별자치도청 구내식당, 음식점, 제주특별자치도 제주시 문연로 6, 1, 4.0
삼무국수, 음식점, 제주특별자치도 제주시 삼무로3길 46-1, 181, 3.0
산지물 신제주점, 음식점, 제주특별자치도 제주시 신대로10길 53, 125, 3.8
중원, 음식점, 제주특별자치도 제주시 삼무로 49, 15, 3.4
제주섬돈, 음식점, 제주특별자치도 제주시 삼무로3길 46, 9, 5.0
국수몰고랑, 음식점, 제주특별자치도 제주시 신대로10길 41, 48, 4.4
24시뼈다귀탕 신제주점, 음식점, 제주특별자치도 제주시 삼무로 47, 13, 3.1
희양양 연동점, 음식점, 제주특별자치도 제주시 삼무로3길 42, 11, 4.8
나고야, 음식점, 제주특별자치도 제주시 신대로10길 40, 2, 5.0
삼무공원흑돼지, 음식점, 제주특별자치도 제주시 신대로10길 42, 31, 4.8
봉하깡통구이, 음식점, 제주특별자치도 제주시 삼무로3길 36, 7, 4.0
풀고레, 음식점, 제주특별자치도 제주시 삼무로 35, 0, 0.0
삼무곱창, 음식점, 제주특별자치도 제주시 삼무로3길 40, 14, 4.8
대마족발 신제주점, 음식점, 제주특별자치도 제주시 신대로10길 41, 1, 2.0
국수나무집, 음식점, 제주특별자치도 제주시 신대로10길 43, 19, 4.3
삼무삼계탕, 음식점, 제주특별자치도 제주시 신대로10길 55, 2, 5.0
통영바다장어구이, 음식점, 제주특별자치도 제주시 신대로10길 47, 1, 1.0
브로콜리, 음식점, 제주특별자치도 제주시 삼무로 49, 0, 0.0
솔비, 음식점, 제주특별자치도 제주시 삼무로3길 38, 5, 5.0
원조마산초원아구찜, 음식점, 제주특별자치도 제주시 삼무로3길 46, 1, 5.0
애향포차, 음식점, 제주특별자치도 제주시 신대로10길 55, 1, 5.0
다미순대, 음식점, 제주특별자치도 제주시 삼무로 47, 0, 0.0
꿀꿀이식당, 음식점, 제주특별자치도 제주시 삼무로5길 3, 4, 3.0
파크사이드호텔 구내식당, 음식점, 제주특별자치도 제주시 도령로 126, 0, 0.0
경상도아지매, 음식점, 제주특별자치도 제주시 신대로10길 51, 0, 0.0
차돌집, 음식점, 제주특별자치도 제주시 신대로10길 29, 41, 4.1
무정해장국, 음식점, 제주특별자치도 제주시 신대로10길 29, 20, 4.5
원님네포장마차, 음식점, 제주특별자치도 제주시 신대로10길 35, 21, 2.8
보롬왓국수, 음식점, 제주특별자치도 제주시 삼무로3길 32, 13, 3.2
또장군, 음식점, 제주특별자치도 제주시 신대로10길 32, 9, 4.4
연동장어, 음식점, 제주특별자치도 제주시 삼무로3길 24, 4, 4.8
보름달, 음식점, 제주특별자치도 제주시 신대로10길 38, 3, 3.7
낭랑, 음식점, 제주특별자치도 제주시 신대로10길 29, 1, 5.0
노가리앤비어, 음식점, 제주특별자치도 제주시 삼무로7길 40, 1, 1.0
참좋다, 음식점, 제주특별자치도 제주시 삼무로3길 22, 3, 5.0
맛스타, 음식점, 제주특별자치도 제주시 신대로10길 29, 3, 5.0
서영이네해돈가, 음식점, 제주특별자치도 제주시 삼무로3길 30, 1, 5.0
명품회세꼬시, 음식점, 제주특별자치도 제주시 삼무로3길 22-1, 7, 4.6
인동마을7080, 음식점, 제주특별자치도 제주시 삼무로 61, 0, 0.0
제주대패VS한우곱창전골, 음식점, 제주특별자치도 제주시 삼무로 59, 1, 5.0
목포홍탁, 음식점, 제주특별자치도 제주시 신대로10길 32, 1, 3.0
영양식당, 음식점, 제주특별자치도 제주시 신대로10길 29, 0, 0.0
우낙촌, 음식점, 제주특별자치도 제주시 신대로10길 29, 0, 0.0
모살물, 음식점, 제주특별자치도 제주시 삼무로3길 14, 114, 3.8
두루두루식당, 음식점, 제주특별자치도 제주시 삼무로3길 14, 24, 4.3
엉덩물, 음식점, 제주특별자치도 제주시 성두길 7-7, 19, 3.8
자구내, 음식점, 제주특별자치도 제주시 삼무로3길 18, 10, 3.3
길객주리, 음식점, 제주특별자치도 제주시 삼무로3길 14, 12, 3.0
민재네황태전문점, 음식점, 제주특별자치도 제주시 삼무로3길 10, 17, 4.9
또올래실내포장마차, 음식점, 제주특별자치도 제주시 삼무로3길 14, 4, 3.8
전복나라, 음식점, 제주특별자치도 제주시 삼무로3길 20, 8, 4.3
신사본가송탄부대찌개, 음식점, 제주특별자치도 제주시 신대로10길 28, 6, 5.0
모심청국장, 음식점, 제주특별자치도 제주시 신대로10길 17, 11, 3.6
숙희네흑돼지, 음식점, 제주특별자치도 제주시 삼무로3길 16, 8, 4.0
꽃보다소 제주연동점, 음식점, 제주특별자치도 제주시 신대로10길 18, 2, 5.0
삼무해장국밥, 음식점, 제주특별자치도 제주시 신대로10길 22, 2, 5.0
까투리 태양점, 음식점, 제주특별자치도 제주시 신대로10길 22, 0, 0.0
일미고을, 음식점, 제주특별자치도 제주시 신대로10길 24, 1, 5.0
반석떡집, 음식점, 제주특별자치도 제주시 신대로10길 24-1, 3, 1.0
투다리 남서울점, 음식점, 제주특별자치도 제주시 신대로10길 24-1, 0, 0.0
달빛무리, 음식점, 제주특별자치도 제주시 삼무로3길 18, 0, 0.0
우디비어, 음식점, 제주특별자치도 제주시 신대로10길 23, 0, 0.0
퀀텀, 음식점, 제주특별자치도 제주시 신대로10길 20, 0, 0.0
몰디브, 음식점, 제주특별자치도 제주시 삼무로3길 14, 0, 0.0
참맛나흑돼지, 음식점, 제주특별자치도 제주시 신대로8길 29, 34, 4.2
마마손칼국수, 음식점, 제주특별자치도 제주시 신대로8길 34, 11, 4.5
사랑담은해물, 음식점, 제주특별자치도 제주시 신대로6길 29, 11, 3.4
마메종, 음식점, 제주특별자치도 제주시 신대로8길 40, 12, 4.2
이것이 참흑돼지, 음식점, 제주특별자치도 제주시 삼무로7길 25, 8, 4.1
삼미정바다장어랑오리, 음식점, 제주특별자치도 제주시 신대로8길 30, 0, 0.0
스페샬 삼무점, 음식점, 제주특별자치도 제주시 삼무로7길 27, 0, 0.0
민속감자탕 제주1호본점, 음식점, 제주특별자치도 제주시 삼무로9길 26, 16, 4.4
박가네갈비, 음식점, 제주특별자치도 제주시 삼무로9길 15, 13, 3.6
돌하르방 신제주점, 음식점, 제주특별자치도 제주시 신대로8길 18, 8, 4.4
엄지척분식, 음식점, 제주특별자치도 제주시 삼무로9길 22, 2, 3.0
오막집한우막창, 음식점, 제주특별자치도 제주시 도령로 132, 9, 4.7
오태식해바라기치킨 연동점, 음식점, 제주특별자치도 제주시 연삼로 22, 9, 4.8
대박왕갈비 연동점, 음식점, 제주특별자치도 제주시 신광로1길 13, 2, 5.0
미나리, 음식점, 제주특별자치도 제주시 삼무로11길 34, 21, 3.3
어장군, 음식점, 제주특별자치도 제주시 신대로 72, 19, 3.1
황가네뚝배기, 음식점, 제주특별자치도 제주시 삼무로11길 24, 23, 4.6
바다예찬, 음식점, 제주특별자치도 제주시 귀아랑길 26, 9, 2.4
강명선 샤브샤브, 음식점, 제주특별자치도 제주시 귀아랑길 14, 17, 3.8
제주통큰장어, 음식점, 제주특별자치도 제주시 신대로 60, 5, 4.0
달맞이 신대로점, 음식점, 제주특별자치도 제주시 신대로6길 13, 17, 4.3
신제주그랜드일식, 음식점, 제주특별자치도 제주시 신대로 70, 2, 3.0
청호정, 음식점, 제주특별자치도 제주시 신대로10길 10, 10, 4.1
미송식탁, 음식점, 제주특별자치도 제주시 삼무로11길 36, 13, 3.5
황소곱창, 음식점, 제주특별자치도 제주시 삼무로3길 8, 16, 4.6
전주콩나루콩나물국밥 신제주점, 음식점, 제주특별자치도 제주시 신대로10길 16, 6, 4.3
깜돈흑돼지, 음식점, 제주특별자치도 제주시 삼무로3길 6, 5, 3.8
연예인반점, 음식점, 제주특별자치도 제주시 삼무로11길 36, 3, 4.7
황구촌, 음식점, 제주특별자치도 제주시 신대로10길 14, 3, 4.7
담백한그집, 음식점, 제주특별자치도 제주시 신대로8길 5, 1, 5.0
신제주치킨하우스, 음식점, 제주특별자치도 제주시 신대로6길 11, 2, 5.0
스바루, 음식점, 제주특별자치도 제주시 신대로7길 4, 1, 5.0
우일, 음식점, 제주특별자치도 제주시 삼무로11길 16, 0, 0.0
더플러스, 음식점, 제주특별자치도 제주시 삼무로11길 16, 0, 0.0
장수물식당, 음식점, 제주특별자치도 제주시 연문2길 18, 110, 4.1
짬뽕에취한날, 음식점, 제주특별자치도 제주시 귀아랑2길 4, 69, 3.6
제주분식, 음식점, 제주특별자치도 제주시 귀아랑길 23, 36, 2.1
만원의행복, 음식점, 제주특별자치도 제주시 신대로7길 9, 17, 3.5
하나맘김밥, 음식점, 제주특별자치도 제주시 귀아랑2길 14, 13, 5.0
보배반점 제주도청점, 음식점, 제주특별자치도 제주시 귀아랑길 13, 2, 2.5
엄마순대국, 음식점, 제주특별자치도 제주시 신대로7길 13, 5, 4.2
삼다가, 음식점, 제주특별자치도 제주시 신대로9길 27, 8, 3.8
신성할망식당, 음식점, 제주특별자치도 제주시 신대로7길 23, 20, 3.8
어장관리, 음식점, 제주특별자치도 제주시 귀아랑길 23, 4, 2.8
뜨르르, 음식점, 제주특별자치도 제주시 신대로9길 9, 8, 2.9
토박이장터, 음식점, 제주특별자치도 제주시 귀아랑길 21, 3, 4.7
제주맛동산칼국수, 음식점, 제주특별자치도 제주시 신대로9길 19, 10, 4.5
육남매, 음식점, 제주특별자치도 제주시 신대로7길 15-1, 0, 0.0
원더샌드위치 연동점, 음식점, 제주특별자치도 제주시 귀아랑길 13, 6, 4.7
예일갈비, 음식점, 제주특별자치도 제주시 신대로9길 17, 9, 4.0
제주도교육청 구내식당, 음식점, 제주특별자치도 제주시 문연로 5, 1, 4.0
가완, 음식점, 제주특별자치도 제주시 신대로7길 20, 0, 0.0
공항뚝배기 제주공항본점, 음식점, 제주특별자치도 제주시 연삼로 31, 31, 4.6
마리나, 음식점, 제주특별자치도 제주시 신대로 45, 0, 0.0
삼대전통고기국수, 음식점, 제주특별자치도 제주시 신대로5길 17, 37, 4.0
조선옥 순두부정식 본점, 음식점, 제주특별자치도 제주시 신대로5길 32, 0, 0.0
전주토속청국장, 음식점, 제주특별자치도 제주시 귀아랑길 9, 11, 4.8
은희네해장국 2호점, 음식점, 제주특별자치도 제주시 연북로 178, 31, 3.7
연북로해물탕, 음식점, 제주특별자치도 제주시 연북로 221, 51, 4.1
모이세해장국 본점, 음식점, 제주특별자치도 제주시 연북로 221, 39, 3.5
어우늘, 음식점, 제주특별자치도 제주시 연북로 222, 23, 4.1
송쿠쉐, 음식점, 제주특별자치도 제주시 신대로13길 43-8, 29, 4.4
이비가짬뽕 제주연동점, 음식점, 제주특별자치도 제주시 연오로 134, 20, 3.3
대독장, 음식점, 제주특별자치도 제주시 연북로 212, 23, 2.7
시더스초밥 제주연동점, 음식점, 제주특별자치도 제주시 연오로 91, 0, 0.0
스터딩키친열공부엌, 음식점, 제주특별자치도 제주시 선덕로8길 26, 2, 4.5
홍도니 냉동삼겹살, 음식점, 제주특별자치도 제주시 연오로 123, 1, 4.0
홍어일번지, 음식점, 제주특별자치도 제주시 연오로 31, 10, 5.0
낙동생오리, 음식점, 제주특별자치도 제주시 연미2길 23, 0, 0.0
어머니빵집, 음식점, 제주특별자치도 제주시 도령로 103, None, None
맛깔참죽 신제주점, 음식점, 제주특별자치도 제주시 도령로 111, None, None
디디치킨 연동점, 음식점, 제주특별자치도 제주시 국기로 43, None, None
영구스피자 제주점, 음식점, 제주특별자치도 제주시 국기로 45, None, None
꼬지사께 제주연동점, 음식점, 제주특별자치도 제주시 국기로4길 1, None, None
노조미, 음식점, 제주특별자치도 제주시 국기로2길 2-3, None, None
돼지삼춘생구이, 음식점, 제주특별자치도 제주시 국기로3길 7, None, None
제노테카, 음식점, 제주특별자치도 제주시 국기로 35, None, None
화덕앤그릴, 음식점, 제주특별자치도 제주시 국기로 23, None, None
둘둘김밥앤와플칸 연동점, 음식점, 제주특별자치도 제주시 국기로 21, None, None
돛배, 음식점, 제주특별자치도 제주시 국기로3길 9-4, None, None
램스키친, 음식점, 제주특별자치도 제주시 국기로 35, None, None
동화로 연탄구이, 음식점, 제주특별자치도 제주시 국기중길 12, None, None
스크루지펍 2, 음식점, 제주특별자치도 제주시 국기로3길 3, None, None
제노티카, 음식점, 제주특별자치도 제주시 국기로 35, None, None
모모, 음식점, 제주특별자치도 제주시 국기로3길 5-11, None, None
연동신도시식당, 음식점, 제주특별자치도 제주시 국기중길 28, None, None
자작나무, 음식점, 제주특별자치도 제주시 아연로 23, None, None
고기역, 음식점, 제주특별자치도 제주시 국기로1길 4, None, None
일공공샤브 제주연동점, 음식점, 제주특별자치도 제주시 연북로 86, None, None
해방, 음식점, 제주특별자치도 제주시 과원북4길 95, None, None
만운성민물장어, 음식점, 제주특별자치도 제주시 과원북4길 93, None, None
맛있당 돈까스 제주본점, 음식점, 제주특별자치도 제주시 국기로1길 2, None, None
배스킨라빈스 제주연동점, 음식점, 제주특별자치도 제주시 연북로 82, None, None
치사토부엌, 음식점, 제주특별자치도 제주시 국기로 5, None, None
에이플러스, 음식점, 제주특별자치도 제주시 국기중길 3, None, None
비노프리메라, 음식점, 제주특별자치도 제주시 국기중길 7, None, None
엘리, 음식점, 제주특별자치도 제주시 과원북4길 102, None, None
짱구분식, 음식점, 제주특별자치도 제주시 연동8길 28, None, None
중식당 화월랑, 음식점, 제주특별자치도 제주시 연동8길 28, None, None
연화양꼬치, 음식점, 제주특별자치도 제주시 연동8길 28, None, None
베르네닭강정, 음식점, 제주특별자치도 제주시 연동8길 28, None, None
주다수산, 음식점, 제주특별자치도 제주시 연동10길 31, None, None
서은이네생고기, 음식점, 제주특별자치도 제주시 연동8길 15, None, None
오토코 연동지점, 음식점, 제주특별자치도 제주시 신대로18길 56, None, None
돈돼지국밥 연동점, 음식점, 제주특별자치도 제주시 연동8길 9, None, None
핫쿵푸마라탕 연동점, 음식점, 제주특별자치도 제주시 연동8길 21, None, None
조개집, 음식점, 제주특별자치도 제주시 연동8길 9, None, None
비행기바, 음식점, 제주특별자치도 제주시 연동8길 13, None, None
아름푸드체인, 음식점, 제주특별자치도 제주시 연동8길 9, None, None
화로구이 소, 음식점, 제주특별자치도 제주시 신대로20길 46, None, None
제주산흑돼지원조족발, 음식점, 제주특별자치도 제주시 연동10길 11, None, None
떡볶이참잘하는집 신제주점, 음식점, 제주특별자치도 제주시 연동10길 13, None, None
헌치스핫도그 연동점, 음식점, 제주특별자치도 제주시 신대로20길 46, None, None
궁한스샤브 신제주점, 음식점, 제주특별자치도 제주시 사장길 38, None, None
돈까스튀기는서대리, 음식점, 제주특별자치도 제주시 연동14길 14, None, None
BBQ 제주연동점, 음식점, 제주특별자치도 제주시 신대로20길 34, None, None
정한토속삼계탕원조설렁탕, 음식점, 제주특별자치도 제주시 신대로18길 16, None, None
키친글라, 음식점, 제주특별자치도 제주시 연동12길 25-1, None, None
제쭈도, 음식점, 제주특별자치도 제주시 사장2길 12, None, None
장모님밥상, 음식점, 제주특별자치도 제주시 신대로18길 30, None, None
제쭈도in연동, 음식점, 제주특별자치도 제주시 사장2길 12, None, None
칠돈가 제주공항직영점, 음식점, 제주특별자치도 제주시 신대로 144, None, None
철수네숯불갈비, 음식점, 제주특별자치도 제주시 연북로 170, None, None
연안식당 제주연동점, 음식점, 제주특별자치도 제주시 신대로 169, None, None
진품꽈배기, 음식점, 제주특별자치도 제주시 신대로 147, None, None
소림마라 신제주점, 음식점, 제주특별자치도 제주시 비월길 19, None, None
조선화로집 제주연북로점, 음식점, 제주특별자치도 제주시 연북로 173, None, None
식객의주방, 음식점, 제주특별자치도 제주시 사장길 12, None, None
부어치킨 신제주점, 음식점, 제주특별자치도 제주시 사장길 21, None, None
짝태노가리 제주1호점, 음식점, 제주특별자치도 제주시 신대로 149, None, None
마라영웅 제주점, 음식점, 제주특별자치도 제주시 신대로 165, None, None
소문난먹거리, 음식점, 제주특별자치도 제주시 사장길 21, None, None
건방진회, 음식점, 제주특별자치도 제주시 연북로 164, None, None
오쏘, 음식점, 제주특별자치도 제주시 연북로 166, None, None
신라스테이 제주 카페, 음식점, 제주특별자치도 제주시 노연로 100, None, None
신라스테이 제주 바, 음식점, 제주특별자치도 제주시 노연로 100, None, None
동북왕, 음식점, 제주특별자치도 제주시 사장1길 43, None, None
제주족국수, 음식점, 제주특별자치도 제주시 노연로 95, None, None
골든블루, 음식점, 제주특별자치도 제주시 사장1길 43, None, None
역전할머니맥주 제주연동점, 음식점, 제주특별자치도 제주시 노연로 108, None, None
세련대게, 음식점, 제주특별자치도 제주시 노연로 106, None, None
요거트아이스크림맛집 연동점, 음식점, 제주특별자치도 제주시 노연로 103, None, None
서서방숯불닭갈비, 음식점, 제주특별자치도 제주시 신광로 61, None, None
이자까야 숲, 음식점, 제주특별자치도 제주시 신광로 59, None, None
범맥주 제주연동점, 음식점, 제주특별자치도 제주시 신광로 59, None, None
kmgm 신제주점, 음식점, 제주특별자치도 제주시 신광로 63, None, None
스타루프탑라운지, 음식점, 제주특별자치도 제주시 연동7길 38, None, None
반포차 제주연동점, 음식점, 제주특별자치도 제주시 연동7길 38, None, None
돌담흑돼지 연동, 음식점, 제주특별자치도 제주시 연동7길 35, None, None
용용선생 제주연동점, 음식점, 제주특별자치도 제주시 은남4길 46, None, None
칭따오객잔, 음식점, 제주특별자치도 제주시 신대로16길 51, None, None
베이스캠프 제원점, 음식점, 제주특별자치도 제주시 은남4길 43, None, None
완미족발 제주연동점, 음식점, 제주특별자치도 제주시 연동7길 35, None, None
땅땅치킨 제주연동점, 음식점, 제주특별자치도 제주시 연동7길 35, None, None
탭탭, 음식점, 제주특별자치도 제주시 연동7길 41, None, None
담담매운갈비연구소 연동본점, 음식점, 제주특별자치도 제주시 연동7길 41, None, None
제주닭한마리, 음식점, 제주특별자치도 제주시 연동7길 30, None, None
동대문엽기떡볶이 신제주점, 음식점, 제주특별자치도 제주시 신대로16길 52, None, None
탐라요정 신제주점, 음식점, 제주특별자치도 제주시 연동7길 31, None, None
주다방 제원점, 음식점, 제주특별자치도 제주시 신대로16길 52, None, None
천향휘훠궈 제주본점, 음식점, 제주특별자치도 제주시 신대로16길 50, None, None
오늘술집주다방 제주연동점, 음식점, 제주특별자치도 제주시 신대로16길 52, None, None
설맥 제주연동점, 음식점, 제주특별자치도 제주시 신대로16길 52, None, None
열열이얼큰이 제원점, 음식점, 제주특별자치도 제주시 연동7길 31, None, None
영갈분식, 음식점, 제주특별자치도 제주시 노연로 103, None, None
프렌즈, 음식점, 제주특별자치도 제주시 은남4길 37, None, None
서가장인곱창 연동점, 음식점, 제주특별자치도 제주시 신대로16길 47, None, None
세광양대창 제주연동점, 음식점, 제주특별자치도 제주시 신대로16길 39, None, None
카도 본점, 음식점, 제주특별자치도 제주시 신대로16길 41, None, None
원조부안집 연동점, 음식점, 제주특별자치도 제주시 신대로16길 41, None, None
더블에스, 음식점, 제주특별자치도 제주시 신대로16길 39, None, None
낚시꾼, 음식점, 제주특별자치도 제주시 신대로16길 37-1, None, None
오늘와인한잔 연동점, 음식점, 제주특별자치도 제주시 신대로16길 44, None, None
노랑통닭 제주연동점, 음식점, 제주특별자치도 제주시 신대로16길 44, None, None
양푼속닭한마리, 음식점, 제주특별자치도 제주시 연동9길 26, None, None
달리자서울포차 연동점, 음식점, 제주특별자치도 제주시 신대로16길 44, None, None
종승호, 음식점, 제주특별자치도 제주시 신대로16길 44, None, None
팔구칠야시장 제원점, 음식점, 제주특별자치도 제주시 신대로16길 44, None, None
명자네분식, 음식점, 제주특별자치도 제주시 신대로16길 44, None, None
산방산, 음식점, 제주특별자치도 제주시 신대로16길 44, None, None
박한우, 음식점, 제주특별자치도 제주시 신대로16길 44, None, None
제주곱, 음식점, 제주특별자치도 제주시 신대로16길 42, None, None
솔담, 음식점, 제주특별자치도 제주시 은남3길 32, None, None
빌라누스, 음식점, 제주특별자치도 제주시 신대로16길 42, None, None
호맥 연동점, 음식점, 제주특별자치도 제주시 은남3길 34, None, None
DK치킨 신제주점, 음식점, 제주특별자치도 제주시 은남3길 34, None, None
오늘여기, 음식점, 제주특별자치도 제주시 신대로16길 42, None, None
해븐해븐, 음식점, 제주특별자치도 제주시 은남3길 34, None, None
블릿홀덤, 음식점, 제주특별자치도 제주시 신대로16길 42, None, None
모이세해장국 연동점, 음식점, 제주특별자치도 제주시 연동11길 42, None, None
쿠야, 음식점, 제주특별자치도 제주시 연동11길 39, None, None
엘씨엘로, 음식점, 제주특별자치도 제주시 연동12길 4, None, None
안, 음식점, 제주특별자치도 제주시 노연로 134, None, None
쭈꾸쭈꾸쭈꾸미 5호점, 음식점, 제주특별자치도 제주시 연동11길 33, None, None
제일곱창 제주직영점, 음식점, 제주특별자치도 제주시 은남3길 29, None, None
은남3길, 음식점, 제주특별자치도 제주시 은남3길 32, None, None
마라유혹, 음식점, 제주특별자치도 제주시 연동11길 25, None, None
제이라운지, 음식점, 제주특별자치도 제주시 은남3길 30, None, None
육계절, 음식점, 제주특별자치도 제주시 은남3길 19, None, None
연동회관, 음식점, 제주특별자치도 제주시 연동13길 33, None, None
더 시그니처 이자카야, 음식점, 제주특별자치도 제주시 신광로 47, None, None
라지마할, 음식점, 제주특별자치도 제주시 신광로 43, None, None
사계진미숯불닭갈비 제원점, 음식점, 제주특별자치도 제주시 연동7길 22, None, None
랜돌프비어 제주연동점, 음식점, 제주특별자치도 제주시 연동7길 24, None, None
파리바게뜨 신제주점, 음식점, 제주특별자치도 제주시 신광로 47, None, None
에그드랍 신제주연동점, 음식점, 제주특별자치도 제주시 신대로14길 52, None, None
간또, 음식점, 제주특별자치도 제주시 연동7길 19, None, None
미미고찹쌀꽈배기 제주연동점, 음식점, 제주특별자치도 제주시 연동7길 14, None, None
인쌩맥주 제주연동점, 음식점, 제주특별자치도 제주시 신대로14길 51, None, None
카인드홀덤펍, 음식점, 제주특별자치도 제주시 연동7길 24, None, None
레드제플린 Led Zeppelin, 음식점, 제주특별자치도 제주시 신광로 37, None, None
옥희 연동점, 음식점, 제주특별자치도 제주시 신대로14길 51, None, None
삼천촉도, 음식점, 제주특별자치도 제주시 신대로14길 51, None, None
777홀덤아레나, 음식점, 제주특별자치도 제주시 신대로14길 49, None, None
웨이브제이, 음식점, 제주특별자치도 제주시 연동7길 24, None, None
옛날깡통, 음식점, 제주특별자치도 제주시 연동7길 18, None, None
돈플라이, 음식점, 제주특별자치도 제주시 연동7길 20, None, None
리얼바, 음식점, 제주특별자치도 제주시 신광로 47, None, None
다도푸드, 음식점, 제주특별자치도 제주시 신대로12길 51, None, None
비자림중한식당, 음식점, 제주특별자치도 제주시 신대로12길 51, None, None
다경, 음식점, 제주특별자치도 제주시 신대로12길 51, None, None
추동 신제주점, 음식점, 제주특별자치도 제주시 신대로12길 51, None, None
소렉, 음식점, 제주특별자치도 제주시 은남2길 41, None, None
마이도, 음식점, 제주특별자치도 제주시 은남2길 35, None, None
탕궁훠궈, 음식점, 제주특별자치도 제주시 은남2길 41, None, None
둥지, 음식점, 제주특별자치도 제주시 신대로14길 50, None, None
이화닭발 1979, 음식점, 제주특별자치도 제주시 신대로14길 42, None, None
갈비아빠, 음식점, 제주특별자치도 제주시 신대로12길 37-1, None, None
흑돼지싸롱, 음식점, 제주특별자치도 제주시 신대로14길 40, None, None
호야네꼬마김밥, 음식점, 제주특별자치도 제주시 연동9길 18, None, None
토대력 로데오점, 음식점, 제주특별자치도 제주시 신대로14길 48, None, None
바라수제버거, 음식점, 제주특별자치도 제주시 신대로14길 42, None, None
쎌빠 제주연동점, 음식점, 제주특별자치도 제주시 신대로14길 50, None, None
이유, 음식점, 제주특별자치도 제주시 신대로14길 43, None, None
007포차, 음식점, 제주특별자치도 제주시 연동9길 18, None, None
돼지게티 제주연동점, 음식점, 제주특별자치도 제주시 신대로14길 43, None, None
도도름한우와흑돈, 음식점, 제주특별자치도 제주시 삼무로 36, None, None
도도름, 음식점, 제주특별자치도 제주시 삼무로 36, None, None
삼무곱창흑돼지 연동점, 음식점, 제주특별자치도 제주시 삼무로 38, None, None
도리스, 음식점, 제주특별자치도 제주시 삼무로 40, None, None
BBQ 제주삼무공원점, 음식점, 제주특별자치도 제주시 삼무로 40, None, None
문워크, 음식점, 제주특별자치도 제주시 신광로 35, None, None
교촌치킨 제주1호점, 음식점, 제주특별자치도 제주시 삼무로 50, None, None
샐러드바스켓 제주연동점, 음식점, 제주특별자치도 제주시 삼무로 46, None, None
대한식당 연동점, 음식점, 제주특별자치도 제주시 삼무로 46, None, None
돈오름숯불갈비, 음식점, 제주특별자치도 제주시 신대로12길 33, None, None
육로, 음식점, 제주특별자치도 제주시 신대로14길 38, None, None
바나나껍데기, 음식점, 제주특별자치도 제주시 은남2길 30, None, None
수다 카페&바, 음식점, 제주특별자치도 제주시 신대로14길 32, None, None
누룩대통령, 음식점, 제주특별자치도 제주시 연동11길 24, None, None
명호마농갈비 본점, 음식점, 제주특별자치도 제주시 신대로12길 15, None, None
낙지로, 음식점, 제주특별자치도 제주시 신대로12길 19, None, None
하타나카 연동점, 음식점, 제주특별자치도 제주시 신대로12길 15, None, None
조가네세꼬시 연동본점, 음식점, 제주특별자치도 제주시 신대로12길 25, None, None
배두리광장, 음식점, 제주특별자치도 제주시 삼무로 60, None, None
원조오막집국수, 음식점, 제주특별자치도 제주시 삼무로 66, None, None
골드문, 음식점, 제주특별자치도 제주시 삼무로 62, None, None
피자쿠치나 신제주점, 음식점, 제주특별자치도 제주시 신대로 134, None, None
정다운집, 음식점, 제주특별자치도 제주시 노연로 144, None, None
미풍해장국 코스모스점, 음식점, 제주특별자치도 제주시 선덕로 2, None, None
남다른대구막창 연동점, 음식점, 제주특별자치도 제주시 신대로 131, None, None
프랭크버거 제주도청점, 음식점, 제주특별자치도 제주시 선덕로 1, None, None
제주창스닥 코스모스점, 음식점, 제주특별자치도 제주시 선덕로 4, None, None
203안전한먹거리연구소, 음식점, 제주특별자치도 제주시 선덕로 4, None, None
엄지곱창, 음식점, 제주특별자치도 제주시 문송길 41, None, None
국수만찬, 음식점, 제주특별자치도 제주시 은남3길 1, None, None
꼼닭, 음식점, 제주특별자치도 제주시 은남길 33, None, None
독도는우리땅, 음식점, 제주특별자치도 제주시 은남길 30, None, None
광양이조찌개 연동점, 음식점, 제주특별자치도 제주시 신대로16길 6, None, None
페리카나 신제주점, 음식점, 제주특별자치도 제주시 신대로 124, None, None
닭가대표 연동점, 음식점, 제주특별자치도 제주시 은남3길 1, None, None
파도국수, 음식점, 제주특별자치도 제주시 신대로15길 2, None, None
포35, 음식점, 제주특별자치도 제주시 문송길 35, None, None
추자본섬 연동점, 음식점, 제주특별자치도 제주시 선덕로 14-1, None, None
귀아낭덕자국밥, 음식점, 제주특별자치도 제주시 선덕로 22, None, None
서귀포모녀식당, 음식점, 제주특별자치도 제주시 선덕로3길 20, None, None
지코바 연동점, 음식점, 제주특별자치도 제주시 선덕로 26, None, None
국밥 먹고가자, 음식점, 제주특별자치도 제주시 선덕로 10, None, None
제주흑미면옥 본점, 음식점, 제주특별자치도 제주시 선덕로 10, None, None
정직한초밥, 음식점, 제주특별자치도 제주시 신대로12길 10, None, None
고슬, 음식점, 제주특별자치도 제주시 문송길 22, None, None
녹색집, 음식점, 제주특별자치도 제주시 은남길 16, None, None
뒤뜰에한우, 음식점, 제주특별자치도 제주시 신대로 104, None, None
신흥관, 음식점, 제주특별자치도 제주시 문송길 19, None, None
추자어부, 음식점, 제주특별자치도 제주시 신대로 104, None, None
신제주보말칼국수 제주본점, 음식점, 제주특별자치도 제주시 선덕로5길 19, None, None
제주어멍국수 본점, 음식점, 제주특별자치도 제주시 선덕로3길 28, None, None
봉플라봉뱅, 음식점, 제주특별자치도 제주시 문송1길 6-1, None, None
화정연화, 음식점, 제주특별자치도 제주시 선덕로3길 44, None, None
꽃담777, 음식점, 제주특별자치도 제주시 선덕로5길 18, None, None
외양간, 음식점, 제주특별자치도 제주시 선덕로5길 13, None, None
제주의온도, 음식점, 제주특별자치도 제주시 선덕로5길 20-1, None, None
미담만두, 음식점, 제주특별자치도 제주시 선덕로3길 28, None, None
24시제주해장국, 음식점, 제주특별자치도 제주시 삼무로 45, None, None
케무리, 음식점, 제주특별자치도 제주시 삼무로 41, None, None
힘찬장어, 음식점, 제주특별자치도 제주시 삼무로3길 32-1, None, None
돼갈통, 음식점, 제주특별자치도 제주시 삼무로3길 39, None, None
야미포차, 음식점, 제주특별자치도 제주시 삼무로3길 34, None, None
빙고스토리지, 음식점, 제주특별자치도 제주시 삼무로 43, None, None
장춘육당, 음식점, 제주특별자치도 제주시 신대로10길 36, None, None
청해, 음식점, 제주특별자치도 제주시 신대로10길 28-1, None, None
모퉁이에머릿돌, 음식점, 제주특별자치도 제주시 신대로10길 34, None, None
김복남맥주 제주연동점, 음식점, 제주특별자치도 제주시 삼무로 59, None, None
노연동 가마솥국밥 2호점, 음식점, 제주특별자치도 제주시 신대로10길 32, None, None
큰소곱창, 음식점, 제주특별자치도 제주시 삼무로 59, None, None
키로, 음식점, 제주특별자치도 제주시 성두길 7-7, None, None
삼다참치, 음식점, 제주특별자치도 제주시 삼무로9길 30, None, None
담, 음식점, 제주특별자치도 제주시 삼무로9길 39, None, None
연곱, 음식점, 제주특별자치도 제주시 삼무로9길 35, None, None
풀하우스 제주썬호텔, 음식점, 제주특별자치도 제주시 삼무로 67, None, None
오도독, 음식점, 제주특별자치도 제주시 삼무로3길 9, None, None
스톤아일랜드 탭하우스, 음식점, 제주특별자치도 제주시 삼무로7길 16, None, None
이게밥도둑, 음식점, 제주특별자치도 제주시 삼무로7길 23, None, None
배떡 연동점, 음식점, 제주특별자치도 제주시 신대로8길 35, None, None
족발신선생 신제주점, 음식점, 제주특별자치도 제주시 신대로8길 30, None, None
스몰시티도넛, 음식점, 제주특별자치도 제주시 신대로8길 38, None, None
모살물 2호점, 음식점, 제주특별자치도 제주시 삼무로9길 24, None, None
성두길15포차, 음식점, 제주특별자치도 제주시 성두길 15, None, None
소영식당, 음식점, 제주특별자치도 제주시 삼무로9길 16, None, None
빕스 제주점, 음식점, 제주특별자치도 제주시 도령로 142, None, None
오봉집 연동점, 음식점, 제주특별자치도 제주시 연삼로 20, None, None
해물바당, 음식점, 제주특별자치도 제주시 연삼로 20, None, None
우리솥해장국, 음식점, 제주특별자치도 제주시 연삼로 10, None, None
집밥연구소, 음식점, 제주특별자치도 제주시 연삼로 22, None, None
포차야, 음식점, 제주특별자치도 제주시 연삼로 12, None, None
올래국수 본점, 음식점, 제주특별자치도 제주시 귀아랑길 24, None, None
파리바게뜨 제주삼다점, 음식점, 제주특별자치도 제주시 신대로 72, None, None
소랑분식, 음식점, 제주특별자치도 제주시 신대로 67, None, None
킹콩부대찌개 제주연동점, 음식점, 제주특별자치도 제주시 삼무로11길 26, None, None
야식돼지, 음식점, 제주특별자치도 제주시 삼무로11길 16, None, None
싱싱배달횟집, 음식점, 제주특별자치도 제주시 삼무로11길 16, None, None
제주탑해장국앤돈가스 본점, 음식점, 제주특별자치도 제주시 신대로7길 7, None, None
모이세해장국 신제주로타리점, 음식점, 제주특별자치도 제주시 귀아랑길 31, None, None
넝쿨하눌연동, 음식점, 제주특별자치도 제주시 신대로7길 17, None, None
퍼틴 제주점, 음식점, 제주특별자치도 제주시 신대로9길 21-1, None, None
라멘맛심, 음식점, 제주특별자치도 제주시 신대로9길 7, None, None
베이글포레스트, 음식점, 제주특별자치도 제주시 귀아랑길 29, None, None
귀아랑2길베이커리 카페, 음식점, 제주특별자치도 제주시 귀아랑2길 8, None, None
츄카소바코너, 음식점, 제주특별자치도 제주시 신대로9길 21-1, None, None
차곡, 음식점, 제주특별자치도 제주시 문연로 5, None, None
토라네코 제주본점, 음식점, 제주특별자치도 제주시 삼무로11길 9, None, None
민들레소반, 음식점, 제주특별자치도 제주시 삼무로11길 3, None, None
카페토스피아 제주연동점, 음식점, 제주특별자치도 제주시 삼무로11길 9, None, None
청정오메기떡, 음식점, 제주특별자치도 제주시 연삼로 61, None, None
영주말가든, 음식점, 제주특별자치도 제주시 연북로 196, None, None
중종 흑돼지, 음식점, 제주특별자치도 제주시 연오로 39, None, None
메밀꽃차롱, 음식점, 제주특별자치도 제주시 연오로 136, None, None
동부두삼십년해장국홍도니, 음식점, 제주특별자치도 제주시 연오로 123, None, None
개염지영말축, 음식점, 제주특별자치도 제주시 연오로 68, None, None
메종드쁘띠푸르 공항점, 음식점, 제주특별자치도 제주시 연오로 59, None, None
정담국수, 음식점, 제주특별자치도 제주시 연오로 59, None, None
전철우해장국, 음식점, 제주특별자치도 제주시 연북로 201, None, None
메콩스카이, 음식점, 제주특별자치도 제주시 연오로 35, None, None
은강, 음식점, 제주특별자치도 제주시 연오로 8, None, None
명태명가 제주점, 음식점, 제주특별자치도 제주시 연오로 35, None, None
올댓브라운, 음식점, 제주특별자치도 제주시 연문6길 29, None, None
인생포차, 음식점, 제주특별자치도 제주시 연문4길 17, None, None
신제주초등학교, 학교, 제주특별자치도 제주시 비월길 29, 1, 5.0
제주중앙중학교, 학교, 제주특별자치도 제주시 선덕로5길 37, 1, 3.0
제원직업전문학교, 학교, 제주특별자치도 제주시 노연로 119, None, None
천진암, 사찰, 제주특별자치도 제주시 연미3길 17-4, 5, 5.0
안심정사 제주도량, 사찰, 제주특별자치도 제주시 연동7길 41, None, None
제주관광공연장, 문화시설, 제주특별자치도 제주시 삼무로 51, 0, 0.0
대림1차e편한세상아파트, 아파트, 제주특별자치도 제주시 국기로 14, 440, 0.0
디지털한빛아파트, 아파트, 제주특별자치도 제주시 연동4길 32, 102, 0.0
연동뜨레모아아파트, 아파트, 제주특별자치도 제주시 연동4길 36, 84, 0.0
도원아미스아파트, 아파트, 제주특별자치도 제주시 연동6길 29, 36, 0.0
연동공간에버빌아파트, 아파트, 제주특별자치도 제주시 신광로12길 2, 12, 0.0
연동에코그린오피스텔, 아파트, 제주특별자치도 제주시 연북로 70, 45, 0.0
제원1차아파트, 아파트, 제주특별자치도 제주시 신광로6길 13, 278, 0.0
연동백강스위트엠1아파트, 아파트, 제주특별자치도 제주시 연동4길 12-12, 73, 0.0
제원2차아파트, 아파트, 제주특별자치도 제주시 신광로6길 25, 150, 0.0
동서연동타워아파트, 아파트, 제주특별자치도 제주시 연동1길 3, 49, 0.0
뉴제원아파트, 아파트, 제주특별자치도 제주시 제원1길 23, 34, 0.0
ABC빌아파트, 아파트, 제주특별자치도 제주시 노연로 87, 45, 0.0
굿윌카운티아파트, 아파트, 제주특별자치도 제주시 연동4길 6-12, 54, 0.0
연동태림아파트, 아파트, 제주특별자치도 제주시 신광로8길 7, 14, 0.0
연동한일씨티파크아파트, 아파트, 제주특별자치도 제주시 도령로 103, 160, 0.0
신동부삼무하이빌아파트, 아파트, 제주특별자치도 제주시 삼무로 19, 70, 0.0
갤럭시타운아파트, 아파트, 제주특별자치도 제주시 도령로 106, 56, 0.0
연동태홍누리안3차아파트, 아파트, 제주특별자치도 제주시 삼무로 15, 48, 0.0
진호뉴캐슬아파트, 아파트, 제주특별자치도 제주시 도령로 111, 39, 0.0
제주시연동중흥S클래스아파트, 아파트, 제주특별자치도 제주시 신대로 160, 151, 0.0
코스모스태홍누리안5차아파트, 아파트, 제주특별자치도 제주시 신대로 136, 117, 0.0
벽강하이본타워아파트, 아파트, 제주특별자치도 제주시 신대로22길 40, 91, 0.0
시스빌아파트, 아파트, 제주특별자치도 제주시 연동11길 39, 70, 0.0
크라운아트빌아파트, 아파트, 제주특별자치도 제주시 연동8길 15, 75, 0.0
민트하우스아파트, 아파트, 제주특별자치도 제주시 은남4길 19, 43, 0.0
예그린하우스텔2차아파트, 아파트, 제주특별자치도 제주시 은남1길 19, 43, 0.0
아델하임아파트, 아파트, 제주특별자치도 제주시 신대로 161, 32, 0.0
하늘그린아파트, 아파트, 제주특별자치도 제주시 신광로 105, 27, 0.0
제웅솔내음아파트, 아파트, 제주특별자치도 제주시 신대로20길 45, 42, 0.0
연동엘리시아3차아파트, 아파트, 제주특별자치도 제주시 은남1길 18, 63, 0.0
대원에버그린빌아파트, 아파트, 제주특별자치도 제주시 노연로 126, 56, 0.0
연동월드하우스아파트, 아파트, 제주특별자치도 제주시 연동14길 3, 17, 0.0
고정아파트, 아파트, 제주특별자치도 제주시 선덕로 26, 34, 0.0
신세계아파트, 아파트, 제주특별자치도 제주시 노연로 140, 35, 0.0
가나휘닉스1아파트, 아파트, 제주특별자치도 제주시 신대로20길 46, 35, 0.0
에이스아크로빌아파트, 아파트, 제주특별자치도 제주시 신대로 152, 27, 0.0
아산프라자아파트, 아파트, 제주특별자치도 제주시 신대로 166, 32, 0.0
울담뜨레빌3차아파트, 아파트, 제주특별자치도 제주시 비월길 26, 42, 0.0
장원훼밀리아파트, 아파트, 제주특별자치도 제주시 사장길 29, 40, 0.0
그린아파트, 아파트, 제주특별자치도 제주시 비월길 34, 30, 0.0
엠디아파트, 아파트, 제주특별자치도 제주시 신대로22길 14, 30, 0.0
송우아모르아파트, 아파트, 제주특별자치도 제주시 연동12길 14, 16, 0.0
준영푸른빌2아파트, 아파트, 제주특별자치도 제주시 은남1길 20, 29, 0.0
휴레스트아파트, 아파트, 제주특별자치도 제주시 은남1길 22, 29, 0.0
제동네스트빌아파트, 아파트, 제주특별자치도 제주시 신대로14길 30, 15, 0.0
현암노블레스빌아파트, 아파트, 제주특별자치도 제주시 신대로18길 22, 32, 0.0
크라운빌아파트, 아파트, 제주특별자치도 제주시 사장1길 34, 31, 0.0
정암아파트, 아파트, 제주특별자치도 제주시 사장1길 9, 10, 0.0
수목아파트, 아파트, 제주특별자치도 제주시 선덕로6길 32, 23, 0.0
제주세기아파트, 아파트, 제주특별자치도 제주시 연삼로 64, 84, 0.0
연동이레빌아파트, 아파트, 제주특별자치도 제주시 신광로1길 6, 47, 0.0
해월루아파트, 아파트, 제주특별자치도 제주시 삼무로3길 41, 62, 0.0
아이진빌아파트, 아파트, 제주특별자치도 제주시 도령로15길 4, 49, 0.0
현일센츄럴파크뷰아파트, 아파트, 제주특별자치도 제주시 신대로 72, 48, 0.0
장원프라자아파트, 아파트, 제주특별자치도 제주시 신대로10길 23, 43, 0.0
휴마루아파트, 아파트, 제주특별자치도 제주시 신광로1길 36, 16, 0.0
가완에어텔아파트, 아파트, 제주특별자치도 제주시 신광로 17, 49, 0.0
장미빌라트, 아파트, 제주특별자치도 제주시 연문4길 24, 16, 0.0
세준아파트, 아파트, 제주특별자치도 제주시 연삼로 34, 31, 0.0
초석주상복합아파트, 아파트, 제주특별자치도 제주시 삼무로11길 15, 36, 0.0
세원멤버스아파트, 아파트, 제주특별자치도 제주시 신광로1길 44, 22, 0.0
조양상떼빌아파트, 아파트, 제주특별자치도 제주시 연삼로 30, 28, 0.0
삼무하이든빌아파트, 아파트, 제주특별자치도 제주시 도령로 123, 42, 0.0
삼무파크빌아파트, 아파트, 제주특별자치도 제주시 도령로 128, 26, 0.0
연동리젠시빌아파트, 아파트, 제주특별자치도 제주시 신광로1길 20, 19, 0.0
라이오니파크1차아파트, 아파트, 제주특별자치도 제주시 신대로8길 34, 19, 0.0
연동학산맨션, 아파트, 제주특별자치도 제주시 신광로1길 10, 42, 0.0
삼무빌리지아파트, 아파트, 제주특별자치도 제주시 삼무로3길 39, 14, 0.0
정원파인즈13차, 아파트, 제주특별자치도 제주시 연북로 203, 49, 0.0
연동2차미화주택아파트, 아파트, 제주특별자치도 제주시 선덕로8길 20, 46, 0.0
I고운힐C, 아파트, 제주특별자치도 제주시 연오로 61-19, 39, 0.0
재형그랜드빌아파트, 아파트, 제주특별자치도 제주시 연동4길 6-10, 11, 0.0
삼성하나로아파트, 아파트, 제주특별자치도 제주시 연동14길 13, 12, 0.0
덕진삼무아파트, 아파트, 제주특별자치도 제주시 신대로10길 48-8, 14, 0.0
수목아파트, 아파트, 제주특별자치도 제주시 선덕로6길 33, None, 0.0
한라하우스아파트, 아파트, 제주특별자치도 제주시 연삼로 26, None, 0.0
조양아파트, 아파트, 제주특별자치도 제주시 연삼로 8, None, 0.0
