미닝풀모먼츠, 카페, 제주특별자치도 제주시 노형6길 28, 27, 4.6
이츠커피, 카페, 제주특별자치도 제주시 정원로 57, 6, 4.7
킴스케이크, 카페, 제주특별자치도 제주시 방일4길 45-2, 0, 0.0
샌치블리, 카페, 제주특별자치도 제주시 진군3길 15-1, 6, 5.0
쥬씨 제주한라대점, 카페, 제주특별자치도 제주시 정원로 51, 1, 4.7
커피트리, 카페, 제주특별자치도 제주시 한라대학로 73, 0, 0.0
늘봄커피편의점, 카페, 제주특별자치도 제주시 한라대학로 12, 0, 0.0
커피스미다, 카페, 제주특별자치도 제주시 정원로 53, 1, 5.0
한앤솜하우스, 카페, 제주특별자치도 제주시 진군남2길 10-5, 2, 5.0
브릭커피, 카페, 제주특별자치도 제주시 정존1길 21, 29, 3.2
나지금제주, 카페, 제주특별자치도 제주시 수덕5길 85-5, 9, 4.3
디저트카페프룻, 카페, 제주특별자치도 제주시 수덕5길 82, 3, 4.8
잇츠오케이크, 카페, 제주특별자치도 제주시 수덕9길 85-2, 6, 4.6
테스그릭, 카페, 제주특별자치도 제주시 노형1길 12-13, 5, 4.4
나우커피 제주노형점, 카페, 제주특별자치도 제주시 정존5길 25, 1, 4.3
라볼페, 카페, 제주특별자치도 제주시 수덕5길 85-1, 0, 0.0
카페누리, 카페, 제주특별자치도 제주시 노형로 340, 0, 0.0
디뷰, 카페, 제주특별자치도 제주시 노형7길 9-16, 54, 4.4
컴플리트커피 노형점, 카페, 제주특별자치도 제주시 노형6길 21, 37, 4.0
제주커피집 심심, 카페, 제주특별자치도 제주시 노형7길 3-4, 16, 4.0
오하레, 카페, 제주특별자치도 제주시 노형4길 21, 13, 4.9
디저트39 제주노형점, 카페, 제주특별자치도 제주시 노형3길 21, 1, 1.5
샤론앤이든, 카페, 제주특별자치도 제주시 노형10길 4, 19, 5.0
달리는커피 제주노형점, 카페, 제주특별자치도 제주시 노형7길 4, 3, 5.0
타이거커피 제주점, 카페, 제주특별자치도 제주시 노형9길 1, 9, 4.0
힐록, 카페, 제주특별자치도 제주시 노형1길 33, 1, 5.0
한량2010, 카페, 제주특별자치도 제주시 노형4길 6, 4, 4.0
빽다방 제주노형뜨란채점, 카페, 제주특별자치도 제주시 수덕로 35, 0, 4.2
드림트리, 카페, 제주특별자치도 제주시 수덕9길 45, 0, 0.0
섬타르, 카페, 제주특별자치도 제주시 다랑곶1길 9, 203, 4.4
파스쿠찌 제주노형로타리점, 카페, 제주특별자치도 제주시 다랑곶길 4, 1, 4.0
베이비카페어놀 노형점, 카페, 제주특별자치도 제주시 노형로 407, 2, 3.5
커피아리움, 카페, 제주특별자치도 제주시 수덕3길 7, 0, 0.0
여행나누기, 카페, 제주특별자치도 제주시 노형로 407, 0, 0.0
점핑월드, 카페, 제주특별자치도 제주시 은수길 6-9, 5, 5.0
메가MGC커피 제주연동점, 카페, 제주특별자치도 제주시 과원북2길 48, 1, 3.6
스타만화카페 한라점, 카페, 제주특별자치도 제주시 한라대학로 89-1, 0, 5.0
세라비, 카페, 제주특별자치도 제주시 진군길 56-6, 2, 4.9
레아드레스&카페, 카페, 제주특별자치도 제주시 1100로 3213-8, 9, 5.0
카치토, 카페, 제주특별자치도 제주시 1100로 3213-2, 0, 0.0
카페수눌, 카페, 제주특별자치도 제주시 1100로 3230, 0, 3.7
하람, 카페, 제주특별자치도 제주시 연화로3길 6-1, 0, 0.0
코끼리안장에앉아, 카페, 제주특별자치도 제주시 진군1길 6, 0, 0.0
에이바우트커피 신제주점, 카페, 제주특별자치도 제주시 연북로 12, 5, 5.0
목리, 카페, 제주특별자치도 제주시 원노형로 51, 100, 4.8
이디야커피 제주연북로점, 카페, 제주특별자치도 제주시 연북로 34, 1, 2.7
리에또, 카페, 제주특별자치도 제주시 원노형로 49-1, 2, 5.0
도둑고양이, 카페, 제주특별자치도 제주시 진군길 1-9, 0, 0.0
모나미, 카페, 제주특별자치도 제주시 원노형남1길 25, 0, 0.0
리틀팝, 카페, 제주특별자치도 제주시 연북로 1, 0, 0.0
퐁고와해리, 카페, 제주특별자치도 제주시 과원북4길 7, 0, 0.0
제제카페, 카페, 제주특별자치도 제주시 원노형남2길 41, 0, 5.0
여카페, 카페, 제주특별자치도 제주시 신광로10길 23, 0, 5.0
모스트, 카페, 제주특별자치도 제주시 신광로10길 25, 0, 0.0
앤드앤드, 카페, 제주특별자치도 제주시 연동4길 28-16, 1, 0.0
커피비원, 카페, 제주특별자치도 제주시 연동4길 28-4, 0, 0.0
미나, 카페, 제주특별자치도 제주시 신광로10길 23, 0, 0.0
스타벅스 제주노형점, 카페, 제주특별자치도 제주시 도령로 27, 80, 4.3
회춘 제주노형점, 카페, 제주특별자치도 제주시 원노형4길 11, 33, 2.9
몬데이, 카페, 제주특별자치도 제주시 다랑곶6길 3, 1, 5.0
테스민, 카페, 제주특별자치도 제주시 다랑곶길 28, 0, 0.0
붐붐, 카페, 제주특별자치도 제주시 다랑곶4길 2, 0, 0.0
다희연포르테, 카페, 제주특별자치도 제주시 원노형6길 7, 0, 0.0
아이비카페, 카페, 제주특별자치도 제주시 노연로 13, 0, 0.0
블루레인, 카페, 제주특별자치도 제주시 원노형3길 6, 0, 0.0
카페여유, 카페, 제주특별자치도 제주시 원노형로 23, 0, 0.0
인바이트유, 카페, 제주특별자치도 제주시 광평동로 45, None, None
떼르떼, 카페, 제주특별자치도 제주시 수덕로 81, None, None
리코마망, 카페, 제주특별자치도 제주시 수덕9길 86-3, None, None
에이바우트커피 한라대점, 카페, 제주특별자치도 제주시 한라대학로 39, None, None
투썸플레이스 제주한라대점, 카페, 제주특별자치도 제주시 한라대학로 17, None, None
그날의조각, 카페, 제주특별자치도 제주시 노형1길 39, None, None
메가MGC커피 제주한라대점, 카페, 제주특별자치도 제주시 한라대학로 82, None, None
공차 제주한라대점, 카페, 제주특별자치도 제주시 한라대학로 31, None, None
피스풀제주카페, 카페, 제주특별자치도 제주시 진군3길 22, None, None
구움디저트, 카페, 제주특별자치도 제주시 진군3길 27-27, None, None
씨커, 카페, 제주특별자치도 제주시 한라대학로 33, None, None
그리키, 카페, 제주특별자치도 제주시 노형2길 47-4, None, None
더벤티 제주한라대점, 카페, 제주특별자치도 제주시 한라대학로 37, None, None
에이프릴, 카페, 제주특별자치도 제주시 진군1길 29, None, None
지유명차 제주노형점, 카페, 제주특별자치도 제주시 진군중길 1, None, None
귤낭, 카페, 제주특별자치도 제주시 고사마루길 69, None, None
카페38, 카페, 제주특별자치도 제주시 한라대학로 38, None, None
꽃이피다, 카페, 제주특별자치도 제주시 진군3길 27-23, None, None
커피한라, 카페, 제주특별자치도 제주시 정원로 57, None, None
에스프레소라운지, 카페, 제주특별자치도 제주시 한라대학로 1, None, None
카페소바니, 카페, 제주특별자치도 제주시 수덕9길 85-6, None, None
허커피로스터스, 카페, 제주특별자치도 제주시 정존5길 9, None, None
파스쿠찌 제주한라대점, 카페, 제주특별자치도 제주시 고사마루길 2, None, None
여흘, 카페, 제주특별자치도 제주시 노형1길 10, None, None
청자다방 노형1호점, 카페, 제주특별자치도 제주시 정존5길 23, None, None
먼트커피, 카페, 제주특별자치도 제주시 정존5길 31, None, None
스톤브로스, 카페, 제주특별자치도 제주시 정존7길 19, None, None
커피마마퀸 제주노형점, 카페, 제주특별자치도 제주시 수덕로 69, None, None
사계절커피, 카페, 제주특별자치도 제주시 정존3길 26, None, None
볼케노 카페, 카페, 제주특별자치도 제주시 정존3길 26, None, None
카페블루 하우스 제주점, 카페, 제주특별자치도 제주시 노형5길 11, None, None
스위츠커피바, 카페, 제주특별자치도 제주시 노형4길 25, None, None
투썸플레이스 제주노형오거리점, 카페, 제주특별자치도 제주시 1100로 3339, None, None
더치앤빈 제주노형점, 카페, 제주특별자치도 제주시 노형10길 9, None, None
에이바우트커피 아이파크점, 카페, 제주특별자치도 제주시 노형8길 9, None, None
빽다방 탐라도서관점, 카페, 제주특별자치도 제주시 노형6길 27, None, None
도노미, 카페, 제주특별자치도 제주시 정존9길 5, None, None
베러먼데이커피 제주노형주민센터점, 카페, 제주특별자치도 제주시 노형11길 18, None, None
꾸잇베이크샵, 카페, 제주특별자치도 제주시 정존7길 3, None, None
노다웃디저트, 카페, 제주특별자치도 제주시 정존7길 3, None, None
카페다원, 카페, 제주특별자치도 제주시 노형7길 7, None, None
정낭티룸, 카페, 제주특별자치도 제주시 노형3길 6-10, None, None
소이재, 카페, 제주특별자치도 제주시 다랑곶3길 20, None, None
메가MGC커피 제주노형점, 카페, 제주특별자치도 제주시 월랑로8길 1, None, None
더벤티 제주노형점, 카페, 제주특별자치도 제주시 월랑로 5, None, None
스무디킹 CGV제주노형점, 카페, 제주특별자치도 제주시 노형로 407, None, None
벌크커피 노형점, 카페, 제주특별자치도 제주시 월랑로 35, None, None
키즈오션월드, 카페, 제주특별자치도 제주시 노형로 407, None, None
자현사주카페, 카페, 제주특별자치도 제주시 노형로 407, None, None
카페클레이, 카페, 제주특별자치도 제주시 월랑로 3, None, None
팔팔커피, 카페, 제주특별자치도 제주시 수덕5길 14, None, None
이루다, 카페, 제주특별자치도 제주시 수덕5길 14, None, None
히아담, 카페, 제주특별자치도 제주시 과원로 28, None, None
멜버즈, 카페, 제주특별자치도 제주시 한라대학로 114, None, None
벌툰 제주한라대점, 카페, 제주특별자치도 제주시 진군남4길 5, None, None
바닐라파레트, 카페, 제주특별자치도 제주시 진군길 56-2, None, None
팔공티 제주노형점, 카페, 제주특별자치도 제주시 연화로 33, None, None
동감, 카페, 제주특별자치도 제주시 진군길 38, None, None
도토리, 카페, 제주특별자치도 제주시 진군길 31, None, None
진군길 40 타로살롱, 카페, 제주특별자치도 제주시 진군길 40, None, None
진주다방, 카페, 제주특별자치도 제주시 진군길 42, None, None
밀랩스, 카페, 제주특별자치도 제주시 은수길 7, None, None
카페드슬리밍고 제주중앙점, 카페, 제주특별자치도 제주시 과원로 36, None, None
스타벅스 제주노형공원점, 카페, 제주특별자치도 제주시 연북로 12, None, None
스타벅스 신제주이마트점, 카페, 제주특별자치도 제주시 1100로 3348, None, None
Soin Coffee(소인 커피), 카페, 제주특별자치도 제주시 원노형8길 21, None, None
세라젬웰카페 제주노형점, 카페, 제주특별자치도 제주시 연북로 30, None, None
슈슈봉봉 제주점, 카페, 제주특별자치도 제주시 1100로 3321, None, None
에이바우트커피 이편한세상시티점, 카페, 제주특별자치도 제주시 원노형남1길 24, None, None
컴포즈커피 제주노형점, 카페, 제주특별자치도 제주시 과원북4길 9, None, None
펫다방, 카페, 제주특별자치도 제주시 1100로 3328, None, None
루루비건, 카페, 제주특별자치도 제주시 연북로 28, None, None
빽다방 제주연북로점, 카페, 제주특별자치도 제주시 과원북4길 19, None, None
올더타임, 카페, 제주특별자치도 제주시 원노형남1길 11, None, None
어린왕자 제주점, 카페, 제주특별자치도 제주시 과원북4길 19, None, None
공차 이마트신제주점, 카페, 제주특별자치도 제주시 1100로 3348, None, None
혼디, 카페, 제주특별자치도 제주시 진군길 19-3, None, None
온도커피, 카페, 제주특별자치도 제주시 원노형로 64-1, None, None
벌크커피 연북로점, 카페, 제주특별자치도 제주시 원노형로 82, None, None
카페베네 제주롯데마트점, 카페, 제주특별자치도 제주시 연북로 1, None, None
스무디킹 이마트신제주점, 카페, 제주특별자치도 제주시 1100로 3348, None, None
하이티파니, 카페, 제주특별자치도 제주시 연북로 26, None, None
연북로28, 카페, 제주특별자치도 제주시 연북로 28, None, None
카페스위티, 카페, 제주특별자치도 제주시 연북로 18, None, None
빽다방 빵연구소 제주연동점, 카페, 제주특별자치도 제주시 신광로10길 27, None, None
제주휘낭시에, 카페, 제주특별자치도 제주시 과원북4길 61, None, None
카페봄봄 제주연동점, 카페, 제주특별자치도 제주시 연북로 48, None, None
키즈팡팡, 카페, 제주특별자치도 제주시 과원북4길 61, None, None
커피코알라, 카페, 제주특별자치도 제주시 과원북4길 71, None, None
양기원키즈카페, 카페, 제주특별자치도 제주시 과원북4길 61, None, None
연동커피, 카페, 제주특별자치도 제주시 신광로10길 25, None, None
비밀, 카페, 제주특별자치도 제주시 연북로 38, None, None
플랏포커피, 카페, 제주특별자치도 제주시 원노형5길 27, None, None
라라카페 더블루, 카페, 제주특별자치도 제주시 원노형로 36, None, None
베러댄버터, 카페, 제주특별자치도 제주시 월랑로2길 30, None, None
제주공간초록펍앤카페, 카페, 제주특별자치도 제주시 노연로 34, None, None
날쌘카페 제주노형점, 카페, 제주특별자치도 제주시 다랑곶4길 14, None, None
동백2020, 카페, 제주특별자치도 제주시 노연로 28, None, None
도로시, 카페, 제주특별자치도 제주시 다랑곶6길 3, None, None
v까페, 카페, 제주특별자치도 제주시 노연로 41, None, None
에이바우트커피 신라신성점, 카페, 제주특별자치도 제주시 노연로 62, None, None
더벤티 제주원노형점, 카페, 제주특별자치도 제주시 원노형로 35, None, None
셀렉토커피 제주노형점, 카페, 제주특별자치도 제주시 노연로 48, None, None
노형호텔, 여관, 제주특별자치도 제주시 수덕1길 7, 2, 4.5
사쿠라호텔, 여관, 제주특별자치도 제주시 원노형6길 18, 0, 5.0
호텔모닝캄, 여관, 제주특별자치도 제주시 원노형2길 21, 0, 4.0
메이플호텔, 여관, 제주특별자치도 제주시 원노형3길 41, 3, 3.5
늘송파크텔, 여관, 제주특별자치도 제주시 원노형5길 22, 5, 3.7
베니스호텔, 여관, 제주특별자치도 제주시 원노형6길 3-3, 0, 3.3
자유모텔, 여관, 제주특별자치도 제주시 월랑로2길 16, 0, 0.0
제이원호텔, 여관, 제주특별자치도 제주시 원노형3길 5, 1, 0.0
유명렌트카, 렌트카, 제주특별자치도 제주시 정존11길 31, 0, 4.0
JB우리캐피탈 제주사무소, 렌트카, 제주특별자치도 제주시 노형로 397, None, None
망고카, 렌트카, 제주특별자치도 제주시 연북로 10, None, None
노형성당, 성당, 제주특별자치도 제주시 광평동로 37, 0, 5.0
제주한마음교회, 교회, 제주특별자치도 제주시 광평동로 31-4, 0, 0.0
신일교회, 교회, 제주특별자치도 제주시 고사마루길 39-6, 0, 0.0
노형 중앙교회, 교회, 제주특별자치도 제주시 다랑곶1길 4, 0, 0.0
제주반석교회, 교회, 제주특별자치도 제주시 노형로 307-4, 0, 0.0
행복한우리교회, 교회, 제주특별자치도 제주시 수덕5길 7, 0, 5.0
제주새순교회, 교회, 제주특별자치도 제주시 수덕5길 50, 0, 0.0
허브교회, 교회, 제주특별자치도 제주시 정존11길 31, 0, 0.0
기적의교회, 교회, 제주특별자치도 제주시 과원북2길 1, 0, 0.0
제주평안교회, 교회, 제주특별자치도 제주시 과원로 12, 0, 5.0
제주복음교회, 교회, 제주특별자치도 제주시 진군길 48, 0, 2.3
사랑하는교회, 교회, 제주특별자치도 제주시 과원북4길 5, 0, 5.0
제주 화평교회, 교회, 제주특별자치도 제주시 다랑곶길 29, 0, 0.0
하늘가족교회, 교회, 제주특별자치도 제주시 월랑로2길 18, 0, 0.0
늘푸른교회, 교회, 제주특별자치도 제주시 과원북4길 3, 0, 0.0
은혜동산교회, 교회, 제주특별자치도 제주시 원노형10길 32, 0, 0.0
신제주광염교회, 교회, 제주특별자치도 제주시 한라대학로 31, None, None
CGV 제주노형, 문화시설, 제주특별자치도 제주시 노형로 407, None, None
제주드림타워, 콘도, 제주특별자치도 제주시 노연로 12, 140, 2.6
대장부게스트하우스, 게스트하우스, 제주특별자치도 제주시 1100로 3228, 0, 0.0
노연스테이, 게스트하우스, 제주특별자치도 제주시 노연로 37, 0, 5.0
시그널게스트하우스, 게스트하우스, 제주특별자치도 제주시 원노형3길 34, None, None
최고이비인후과의원, 병원, 제주특별자치도 제주시 노형로 376, 1, 2.0
눈사랑안과의원, 병원, 제주특별자치도 제주시 노형8길 2, 0, 3.0
노형그랜드치과의원, 병원, 제주특별자치도 제주시 신형로 2, 0, 3.0
서울오름치과, 병원, 제주특별자치도 제주시 노형14길 14, 0, 3.0
신제주학문외과, 병원, 제주특별자치도 제주시 노형8길 2, 0, 1.0
조대경안심내과의원, 병원, 제주특별자치도 제주시 노형8길 2, 0, 3.0
청담루이성형외과, 병원, 제주특별자치도 제주시 노형14길 14, 0, 2.0
슬하정신건강의학과의원, 병원, 제주특별자치도 제주시 노형8길 2, 0, 3.0
홍성희여성외과, 병원, 제주특별자치도 제주시 노형8길 2, 0, 1.0
하늘체한의원 제주점, 병원, 제주특별자치도 제주시 노형14길 14, 4, 4.0
노형치과의원, 병원, 제주특별자치도 제주시 노형8길 2, 2, 3.0
진플란티아치과의원, 병원, 제주특별자치도 제주시 1100로 3347, 0, 5.0
조은한의원, 병원, 제주특별자치도 제주시 수덕로 29, 0, 5.0
제주한의원, 병원, 제주특별자치도 제주시 정존13길 3, 0, 3.0
아름다운피부과의원, 병원, 제주특별자치도 제주시 도령로 5, 3, 5.0
서울수치과의원, 병원, 제주특별자치도 제주시 월랑로 3, 2, 4.0
노형이비인후과의원, 병원, 제주특별자치도 제주시 월랑로 1, 0, 2.0
박지욱신경과의원, 병원, 제주특별자치도 제주시 월랑로 3, 0, 4.0
서울 내과의원, 병원, 제주특별자치도 제주시 도령로 1, 0, 4.0
가톨릭정신과의원, 병원, 제주특별자치도 제주시 도령로 1, 0, 0.0
홍건수안과의원, 병원, 제주특별자치도 제주시 월랑로 3, 0, 3.0
현대정형외과의원, 병원, 제주특별자치도 제주시 월랑로 1, 0, 4.0
제일내과의원, 병원, 제주특별자치도 제주시 월랑로 1, 0, 3.0
미우 성형외과, 병원, 제주특별자치도 제주시 노형로 407, 0, 0.0
미치과교정과치과의원, 병원, 제주특별자치도 제주시 도령로 5, 0, 4.0
제주보화당한의원, 병원, 제주특별자치도 제주시 노형로 407, 0, 5.0
박내과의원, 병원, 제주특별자치도 제주시 월랑로 3, 0, 2.0
행복한가정의학과, 병원, 제주특별자치도 제주시 수덕1길 3, 0, 4.0
화이트치과, 병원, 제주특별자치도 제주시 월랑로 1, 0, 1.0
현정신건강의학과의원, 병원, 제주특별자치도 제주시 월랑로 1, 0, 5.0
날씬의원, 병원, 제주특별자치도 제주시 도령로 5, 0, 0.0
김영석 성형외과, 병원, 제주특별자치도 제주시 도령로 1, 0, 0.0
해맑은소아과, 병원, 제주특별자치도 제주시 수덕로 6, 1, 4.0
문창민한의원, 병원, 제주특별자치도 제주시 수덕로 4, 1, 5.0
제일치과의원, 병원, 제주특별자치도 제주시 수덕로 6, 0, 0.0
엔젤치과, 병원, 제주특별자치도 제주시 월랑로 29, 0, 3.0
뢰영성한의원, 병원, 제주특별자치도 제주시 월랑로 16, 0, 3.0
예치과의원, 병원, 제주특별자치도 제주시 과원로 28, 0, 5.0
미래산부인과, 병원, 제주특별자치도 제주시 연북로 28, 0, 2.0
예인치과, 병원, 제주특별자치도 제주시 1100로 3342, 0, 4.0
모아의원, 병원, 제주특별자치도 제주시 과원북4길 5, 0, 3.0
새로이치과교정과치과의원, 병원, 제주특별자치도 제주시 연북로 30, 1, 3.0
그린치과의원, 병원, 제주특별자치도 제주시 연북로 22, 0, 5.0
서울플란트치과의원, 병원, 제주특별자치도 제주시 1100로 3333, 0, 4.0
하늘마취통증의학과의원, 병원, 제주특별자치도 제주시 1100로 3333, 0, 3.0
경희장수한의원, 병원, 제주특별자치도 제주시 과원북4길 5, 0, 4.0
도형유니치과의원, 병원, 제주특별자치도 제주시 연북로 10, 0, 0.0
상쾌한속내과의원, 병원, 제주특별자치도 제주시 연북로 38, 0, 3.0
탑치과의원, 병원, 제주특별자치도 제주시 연북로 42, 0, 5.0
이철승치과의원, 병원, 제주특별자치도 제주시 연북로 36, 0, 5.0
한솔한의원, 병원, 제주특별자치도 제주시 연북로 36, 0, 5.0
좋은이웃내과의원, 병원, 제주특별자치도 제주시 도령로 7, 0, 5.0
가지런e치과, 병원, 제주특별자치도 제주시 도령로 21, 0, 2.0
한나산부인과, 병원, 제주특별자치도 제주시 도령로 7, 0, 2.0
녹십자정형외과의원, 병원, 제주특별자치도 제주시 도령로 9, 0, 1.0
더미인의원, 병원, 제주특별자치도 제주시 도령로 25, 0, 0.0
서울나눔마취통증의학과의원, 병원, 제주특별자치도 제주시 고사마루길 2, None, None
어울림의원, 병원, 제주특별자치도 제주시 노형로 362, None, None
예쁨주의쁨의원, 병원, 제주특별자치도 제주시 노형8길 3, None, None
톡스앤필의원 제주점, 병원, 제주특별자치도 제주시 노형로 378, None, None
이종영안과의원, 병원, 제주특별자치도 제주시 노형로 378, None, None
전원중속내과의원, 병원, 제주특별자치도 제주시 노형로 378, None, None
이지봄안과의원, 병원, 제주특별자치도 제주시 노형로 390, None, None
삼성서울정형외과의원, 병원, 제주특별자치도 제주시 노형로 386, None, None
주소아청소년과의원, 병원, 제주특별자치도 제주시 노형8길 8, None, None
제주아나픈치과의원, 병원, 제주특별자치도 제주시 노형로 362, None, None
현광철정형외과, 병원, 제주특별자치도 제주시 노형8길 3, None, None
대한내과의원, 병원, 제주특별자치도 제주시 노형11길 25, None, None
권대헌내과의원, 병원, 제주특별자치도 제주시 노형로 386, None, None
미모피부과의원, 병원, 제주특별자치도 제주시 1100로 3347, None, None
최인철정신건강의원, 병원, 제주특별자치도 제주시 1100로 3347, None, None
강남스타성형외과, 병원, 제주특별자치도 제주시 신형로 14, None, None
서울위즈덤성형외과의원, 병원, 제주특별자치도 제주시 노형로 388, None, None
김영중의원, 병원, 제주특별자치도 제주시 노형로 386, None, None
아미의원, 병원, 제주특별자치도 제주시 노형14길 12, None, None
속편한드림내과의원, 병원, 제주특별자치도 제주시 노형8길 3, None, None
노형오거리재활의학과의원, 병원, 제주특별자치도 제주시 1100로 3347, None, None
김민범한의원, 병원, 제주특별자치도 제주시 노형로 373, None, None
장원석치과의원, 병원, 제주특별자치도 제주시 노형로 378, None, None
윤동원한의원, 병원, 제주특별자치도 제주시 노형로 388, None, None
드림미성형외과의원, 병원, 제주특별자치도 제주시 1100로 3347, None, None
노형365준의원, 병원, 제주특별자치도 제주시 수덕로 41, None, None
푸른치과, 병원, 제주특별자치도 제주시 수덕로 41, None, None
선한의원, 병원, 제주특별자치도 제주시 수덕로 33, None, None
자연주의의원, 병원, 제주특별자치도 제주시 노형로 397, None, None
강남성모안과의원, 병원, 제주특별자치도 제주시 수덕1길 3, None, None
제주사랑한의원, 병원, 제주특별자치도 제주시 월랑로 13, None, None
후한의원 제주점, 병원, 제주특별자치도 제주시 노형로 407, None, None
아이엠플란트치과의원, 병원, 제주특별자치도 제주시 월랑로 5, None, None
기만덕내과, 병원, 제주특별자치도 제주시 노형로 407, None, None
우리치과, 병원, 제주특별자치도 제주시 월랑로 13, None, None
제주수흉부외과의원, 병원, 제주특별자치도 제주시 노형로 407, None, None
이민정산부인과의원, 병원, 제주특별자치도 제주시 노형로 407, None, None
연세엘치과의원, 병원, 제주특별자치도 제주시 노형로 407, None, None
서울푸른정신건강의학과의원, 병원, 제주특별자치도 제주시 노형로 407, None, None
아나파마취통증의학과, 병원, 제주특별자치도 제주시 노형로 407, None, None
윤치과, 병원, 제주특별자치도 제주시 수덕1길 3, None, None
마릴린제이의원, 병원, 제주특별자치도 제주시 월랑로 5, None, None
꽃잎위에선한의원, 병원, 제주특별자치도 제주시 노형로 407, None, None
메이한의원, 병원, 제주특별자치도 제주시 노형로 407, None, None
이지현의원, 병원, 제주특별자치도 제주시 월랑로8길 1, None, None
에덴산부인과, 병원, 제주특별자치도 제주시 수덕로 6, None, None
온기담은한의원, 병원, 제주특별자치도 제주시 월랑로 38, None, None
현동효내과의원, 병원, 제주특별자치도 제주시 월랑로8길 1, None, None
샌프란시스코치과의원, 병원, 제주특별자치도 제주시 수덕로 4, None, None
오케이치과, 병원, 제주특별자치도 제주시 월랑로 38, None, None
정한의원, 병원, 제주특별자치도 제주시 월랑로 23, None, None
늘봄미아름의원, 병원, 제주특별자치도 제주시 월랑로 33, None, None
맘편한산부인과, 병원, 제주특별자치도 제주시 1100로 3283, None, None
노형바툼낭의원, 병원, 제주특별자치도 제주시 1100로 3213-27, None, None
자윤한의원 제주점, 병원, 제주특별자치도 제주시 진군남4길 5, None, None
연세휴먼치과의원, 병원, 제주특별자치도 제주시 과원로 28, None, None
서울안과의원, 병원, 제주특별자치도 제주시 1100로 3333, None, None
국가대표정형외과의원, 병원, 제주특별자치도 제주시 1100로 3321, None, None
로즈앤의원, 병원, 제주특별자치도 제주시 1100로 3333, None, None
맑은수면이비인후과, 병원, 제주특별자치도 제주시 원노형남1길 1, None, None
유쾌한비뇨기과의원 제주점, 병원, 제주특별자치도 제주시 1100로 3333, None, None
김앤김신경외과의원, 병원, 제주특별자치도 제주시 1100로 3324, None, None
한라정형외과, 병원, 제주특별자치도 제주시 연북로 26, None, None
서울탑외과의원, 병원, 제주특별자치도 제주시 1100로 3321, None, None
서울고마운정형외과의원, 병원, 제주특별자치도 제주시 신형로 51, None, None
연세하루치과의원, 병원, 제주특별자치도 제주시 1100로 3321, None, None
서울고른이치과교정과치과의원, 병원, 제주특별자치도 제주시 노형12길 27, None, None
유디치과의원 제주노형점, 병원, 제주특별자치도 제주시 연북로 30, None, None
쿨맨남성의원, 병원, 제주특별자치도 제주시 1100로 3328, None, None
바른이치과의원, 병원, 제주특별자치도 제주시 연북로 14, None, None
서울삼성치과의원, 병원, 제주특별자치도 제주시 1100로 3334, None, None
자연과한의원 제주 다이어트, 병원, 제주특별자치도 제주시 1100로 3342, None, None
제주라파의원, 병원, 제주특별자치도 제주시 연북로 34, None, None
푸르미소아청소년과의원, 병원, 제주특별자치도 제주시 연북로 28, None, None
원광려한의원, 병원, 제주특별자치도 제주시 1100로 3334, None, None
큐치과의원, 병원, 제주특별자치도 제주시 연북로 34, None, None
서울탑정신건강의학과의원, 병원, 제주특별자치도 제주시 1100로 3321, None, None
그린서울내과의원, 병원, 제주특별자치도 제주시 1100로 3333, None, None
호박한의원, 병원, 제주특별자치도 제주시 1100로 3328, None, None
메디컬오한의원 제주점, 병원, 제주특별자치도 제주시 1100로 3324, None, None
신제주 이비인후과의원, 병원, 제주특별자치도 제주시 연북로 38, None, None
연세피부과의원, 병원, 제주특별자치도 제주시 연북로 38, None, None
제주맘모아외과의원, 병원, 제주특별자치도 제주시 연북로 38, None, None
애플정신건강의학과의원, 병원, 제주특별자치도 제주시 연북로 38, None, None
이창현정형외과의원, 병원, 제주특별자치도 제주시 연북로 50, None, None
튼튼소아청소년과의원, 병원, 제주특별자치도 제주시 과원북4길 35, None, None
제이여성의원, 병원, 제주특별자치도 제주시 연북로 38, None, None
늘푸른경희한의원, 병원, 제주특별자치도 제주시 과원북4길 29, None, None
연세마음편한치과의원, 병원, 제주특별자치도 제주시 연북로 46, None, None
늘푸른내과의원, 병원, 제주특별자치도 제주시 과원북4길 35, None, None
예쁜아이치과의원, 병원, 제주특별자치도 제주시 연북로 40, None, None
우리들소아청소년과의원, 병원, 제주특별자치도 제주시 연북로 38, None, None
김광정정형외과의원, 병원, 제주특별자치도 제주시 연북로 38, None, None
예일소아과의원, 병원, 제주특별자치도 제주시 연북로 40, None, None
길한의원, 병원, 제주특별자치도 제주시 과원북4길 33, None, None
노형백세치과, 병원, 제주특별자치도 제주시 도령로 20, None, None
김병훈정형외과, 병원, 제주특별자치도 제주시 도령로 7, None, None
미소의원, 병원, 제주특별자치도 제주시 노연로 29, None, None
동인당한의원, 병원, 제주특별자치도 제주시 도령로 21, None, None
맨투맨남성의원, 병원, 제주특별자치도 제주시 도령로 7, None, None
서상원 정신건강의학과의원, 병원, 제주특별자치도 제주시 도령로 7, None, None
프라임치과의원, 병원, 제주특별자치도 제주시 도령로 7, None, None
장은식치과의원, 병원, 제주특별자치도 제주시 도령로 9, None, None
레슬리호텔, 호텔, 제주특별자치도 제주시 광평길 3, 10, 4.5
그랜드하얏트제주, 특급호텔, 제주특별자치도 제주시 노연로 12, 1, 178.0
베스트웨스턴 제주호텔, 호텔, 제주특별자치도 제주시 도령로 27, 228, 2.9
호텔위드제주, 호텔, 제주특별자치도 제주시 노연로 34, 110, 3.1
위드스테이호텔, 호텔, 제주특별자치도 제주시 노연로 34, 41, 3.4
뉴제주호텔, 호텔, 제주특별자치도 제주시 원노형6길 2, 41, 2.9
엠버씨티호텔, 호텔, 제주특별자치도 제주시 노연로 13, 15, 2.5
위드시티호텔, 호텔, 제주특별자치도 제주시 노연로 34, 6, 2.0
엠버호텔 센트럴, 호텔, 제주특별자치도 제주시 노연로 24, 16, 2.5
포시즌호텔, 호텔, 제주특별자치도 제주시 원노형3길 19, 13, 2.0
위너스호텔, 호텔, 제주특별자치도 제주시 원노형3길 29, 0, 4.0
와싱톤호텔, 호텔, 제주특별자치도 제주시 도령로 25, 0, 0.0
아시아호텔, 호텔, 제주특별자치도 제주시 노연로 53, 58, 3.5
제주아일랜드, 호텔, 제주특별자치도 제주시 고사마루길 30, None, None
제주시탐라도서관, 도서관, 제주특별자치도 제주시 정원로 50, 28, 4.0
혜낭도서관, 도서관, 제주특별자치도 제주시 노형1길 28, 0, 0.0
노형부영2차새마을작은도서관, 도서관, 제주특별자치도 제주시 과원로 11, 0, 0.0
원앙새마을작은도서관, 도서관, 제주특별자치도 제주시 원노형로 93, 0, 0.0
으뜸새마을작은도서관, 도서관, 제주특별자치도 제주시 진군1길 3, 0, 0.0
연동대림새마을작은도서관, 도서관, 제주특별자치도 제주시 국기로 14, 0, 0.0
노형꿈틀작은도서관, 도서관, 제주특별자치도 제주시 노형로 351, None, None
바오밥작은도서관, 도서관, 제주특별자치도 제주시 정존15길 33, None, None
해오름새마을작은도서관, 도서관, 제주특별자치도 제주시 연화로 16, None, None
행복나눔작은도서관, 도서관, 제주특별자치도 제주시 원노형로 46, None, None
이마트 신제주점, 대형마트, 제주특별자치도 제주시 1100로 3348, 78, 3.2
롯데마트 제주점, 대형마트, 제주특별자치도 제주시 연북로 1, 45, 3.1
엘리스테이, 펜션, 제주특별자치도 제주시 광평안길 40-1, 0, 5.0
제주노형하울게스트하우스, 펜션, 제주특별자치도 제주시 월랑로6길 3, 0, 0.0
스테이영, 숙박, 제주특별자치도 제주시 광평안길 16, 0, 0.0
희가, 숙박, 제주특별자치도 제주시 원노형8길 27, 0, 5.0
한림칼국수 공항점, 음식점, 제주특별자치도 제주시 광평중길 82, 56, 4.0
황금토종닭, 음식점, 제주특별자치도 제주시 방일4길 4, 12, 2.9
방일쉼터, 음식점, 제주특별자치도 제주시 방일4길 36, 0, 0.0
진대감 제주점, 음식점, 제주특별자치도 제주시 광평동로 45, 12, 3.8
레아스마카롱, 음식점, 제주특별자치도 제주시 수덕로 78, 6, 5.0
노형토종닭, 음식점, 제주특별자치도 제주시 광평길 19, 6, 4.0
어상횟집, 음식점, 제주특별자치도 제주시 수덕9길 82-7, 3, 5.0
주왕회센타, 음식점, 제주특별자치도 제주시 수덕9길 86-4, 3, 5.0
삼춘이야기 노형점, 음식점, 제주특별자치도 제주시 광평동로 45, 11, 5.0
제주지현정식닭갈비, 음식점, 제주특별자치도 제주시 수덕9길 82-5, 2, 5.0
조마루 노형점, 음식점, 제주특별자치도 제주시 수덕로 83, 8, 2.8
곰보숯불갈비, 음식점, 제주특별자치도 제주시 광평동로 40, 14, 4.0
노형탑부평, 음식점, 제주특별자치도 제주시 광평동로 45, 3, 3.7
아리랑양곱창, 음식점, 제주특별자치도 제주시 수덕9길 86-1, 6, 4.7
신통치킨 제주1호점, 음식점, 제주특별자치도 제주시 광평동로 40, 1, 5.0
늘봄흑돼지, 음식점, 제주특별자치도 제주시 한라대학로 12, 0, 0.0
제주늘봄, 음식점, 제주특별자치도 제주시 고사마루길 6, 0, 0.0
제주늘봄 한우관, 음식점, 제주특별자치도 제주시 고사마루길 10, 0, 0.0
제주늘봄 소고기관, 음식점, 제주특별자치도 제주시 한라대학로 12, 2, 3.0
파리바게뜨 제주한라대점, 음식점, 제주특별자치도 제주시 한라대학로 68, 6, 4.3
오븐에빠진닭 제주한라대점, 음식점, 제주특별자치도 제주시 한라대학로 66, 4, 3.3
더한상, 음식점, 제주특별자치도 제주시 정원로 55, 1, 1.0
동경초밥, 음식점, 제주특별자치도 제주시 정원로 55, 0, 0.0
귀빈, 음식점, 제주특별자치도 제주시 정원로 53-1, 23, 3.0
돈누리, 음식점, 제주특별자치도 제주시 진군중길 22, 7, 4.6
청년다방 제주노형점, 음식점, 제주특별자치도 제주시 한라대학로 80, 9, 3.3
포팩토리, 음식점, 제주특별자치도 제주시 정원로 51, 10, 3.7
마마칼국수, 음식점, 제주특별자치도 제주시 한라대학로 87, 11, 4.5
맘스터치 한라대점, 음식점, 제주특별자치도 제주시 한라대학로 76, 7, 3.0
고전 떡볶이 한라대점, 음식점, 제주특별자치도 제주시 한라대학로 71, 7, 3.9
석봉이네밥집, 음식점, 제주특별자치도 제주시 진군4길 30, 3, 5.0
한솥도시락 제주한라대점, 음식점, 제주특별자치도 제주시 한라대학로 73-1, 2, 2.0
꼬들목살집, 음식점, 제주특별자치도 제주시 진군중길 26, 3, 4.0
봉구비어 제주한라대점, 음식점, 제주특별자치도 제주시 한라대학로 76, 0, 0.0
한라샘해장국내장탕, 음식점, 제주특별자치도 제주시 한라대학로 77, 1, 5.0
노상치킨 노형연동점, 음식점, 제주특별자치도 제주시 한라대학로 81, 0, 0.0
하멜, 음식점, 제주특별자치도 제주시 노형2길 51-3, 105, 3.8
제주섬신룽푸마라탕 한라대점, 음식점, 제주특별자치도 제주시 한라대학로 33, 15, 1.9
피자베이 노형점, 음식점, 제주특별자치도 제주시 노형2길 47, 19, 4.1
신전떡볶이 노형점, 음식점, 제주특별자치도 제주시 노형2길 47-3, 12, 2.4
바로족발보쌈, 음식점, 제주특별자치도 제주시 진군1길 25, 60, 4.4
오키나와, 음식점, 제주특별자치도 제주시 진군중길 2, 24, 4.3
신해바라기분식 한라대점, 음식점, 제주특별자치도 제주시 정원로 47, 26, 1.9
사리원, 음식점, 제주특별자치도 제주시 진군2길 9, 20, 2.6
흑돼지가있는풍경 노형점, 음식점, 제주특별자치도 제주시 진군1길 27, 11, 4.5
돈까스가있는풍경, 음식점, 제주특별자치도 제주시 정원로 39-1, 21, 4.1
본가장수촌 제주점, 음식점, 제주특별자치도 제주시 정원로 33, 16, 3.7
바로족발보쌈 별관, 음식점, 제주특별자치도 제주시 진군중길 3, 1, 5.0
돼지아빠, 음식점, 제주특별자치도 제주시 진군3길 11, 2, 5.0
싱싱쌈촌, 음식점, 제주특별자치도 제주시 정원로 49, 3, 4.3
누나네식당, 음식점, 제주특별자치도 제주시 진군2길 24, 9, 3.6
홍돈가, 음식점, 제주특별자치도 제주시 진군길 46-8, 2, 5.0
해뜨는아구찜뼈감탕, 음식점, 제주특별자치도 제주시 진군중길 14, 3, 4.7
웅지숯불갈비, 음식점, 제주특별자치도 제주시 진군중길 16, 2, 5.0
흑대지가있는풍경 2호점, 음식점, 제주특별자치도 제주시 진군1길 27, 0, 0.0
용꽈배기 신제주점, 음식점, 제주특별자치도 제주시 수덕5길 85-7, 37, 4.3
부산아지매집 노형점, 음식점, 제주특별자치도 제주시 정존1길 17, 16, 4.1
다시오쿠다, 음식점, 제주특별자치도 제주시 수덕9길 81-8, 2, 5.0
흑돈가 제주본점, 음식점, 제주특별자치도 제주시 한라대학로 11, 87, 2.8
코시롱, 음식점, 제주특별자치도 제주시 노형1길 12-2, 71, 4.4
대나무집, 음식점, 제주특별자치도 제주시 정존1길 2, 12, 2.7
노형수산시장, 음식점, 제주특별자치도 제주시 한라대학로 7, 59, 2.8
114화교반점, 음식점, 제주특별자치도 제주시 노형로 342-1, 14, 4.0
제주진미마돈가 노형점, 음식점, 제주특별자치도 제주시 정존3길 2, 4, 3.5
응급실국물떡볶이 제주노형점, 음식점, 제주특별자치도 제주시 노형3길 10, 5, 5.0
달빛주막, 음식점, 제주특별자치도 제주시 정존9길 37, 0, 0.0
바베큐 통족 구이보쌈 노형점, 음식점, 제주특별자치도 제주시 정존3길 2, 0, 0.0
달리는려석들제주직영점노형, 음식점, 제주특별자치도 제주시 노형1길 7, 1, 5.0
제라한보쌈, 음식점, 제주특별자치도 제주시 정존1길 33, 29, 3.1
하르방밀면 노형점, 음식점, 제주특별자치도 제주시 수덕9길 67, 0, 0.0
가리본가 노형점, 음식점, 제주특별자치도 제주시 수덕9길 84, 7, 4.4
돈삼겹 노형뜨란채점, 음식점, 제주특별자치도 제주시 정존5길 33, 12, 5.0
돈마루, 음식점, 제주특별자치도 제주시 수덕5길 71-2, 5, 2.6
30년할매닭발 노형점, 음식점, 제주특별자치도 제주시 정존5길 29, 10, 4.1
금순이네흑돈, 음식점, 제주특별자치도 제주시 정존1길 31, 3, 4.7
리오, 음식점, 제주특별자치도 제주시 수덕9길 81-6, 0, 0.0
일등왕만두, 음식점, 제주특별자치도 제주시 정존5길 29, 0, 0.0
두루치기청춘, 음식점, 제주특별자치도 제주시 정존1길 25, 4, 3.8
비어크림, 음식점, 제주특별자치도 제주시 수덕11길 51, 0, 0.0
진미네식당 6호점, 음식점, 제주특별자치도 제주시 수덕5길 42, 12, 3.7
용이식당 노형점, 음식점, 제주특별자치도 제주시 정존3길 8, 6, 4.5
맛나감자탕 제주1호점, 음식점, 제주특별자치도 제주시 정존5길 7, 5, 3.0
부가네얼큰이 한라점, 음식점, 제주특별자치도 제주시 정존5길 1, 7, 3.7
남문 숯불바베큐앤치킨 노형점, 음식점, 제주특별자치도 제주시 정존5길 21, 5, 4.4
만금, 음식점, 제주특별자치도 제주시 수덕5길 58, 4, 5.0
치킨명가, 음식점, 제주특별자치도 제주시 정존5길 14, 16, 4.9
푸른바다회포차, 음식점, 제주특별자치도 제주시 수덕7길 47, 1, 5.0
치킨코리아 노형점, 음식점, 제주특별자치도 제주시 정존5길 4, 6, 5.0
도모다찌, 음식점, 제주특별자치도 제주시 정존3길 6, 0, 0.0
THE빵, 음식점, 제주특별자치도 제주시 수덕5길 65, 0, 0.0
푸른목장숯불갈비, 음식점, 제주특별자치도 제주시 정존5길 4, 0, 0.0
송하성, 음식점, 제주특별자치도 제주시 정존5길 21, 0, 0.0
열풍꼬치, 음식점, 제주특별자치도 제주시 수덕7길 47, 0, 0.0
뚜레쥬르 제주노형타운점, 음식점, 제주특별자치도 제주시 노형6길 2, 21, 1.6
별밥, 음식점, 제주특별자치도 제주시 노형1길 18, 2, 2.0
광어공방 노형본점, 음식점, 제주특별자치도 제주시 노형6길 20, 19, 4.7
피자알볼로 노형점, 음식점, 제주특별자치도 제주시 노형6길 9, 13, 3.2
너야말로진정회 신제주점, 음식점, 제주특별자치도 제주시 노형6길 23, 2, 3.0
산지해장국 노형직영점, 음식점, 제주특별자치도 제주시 노형9길 16-1, 18, 3.9
노형봉개족탕순대, 음식점, 제주특별자치도 제주시 노형9길 16, 13, 3.1
심양양꼬치, 음식점, 제주특별자치도 제주시 정존7길 8, 3, 3.7
츄러스1500 제주노형점, 음식점, 제주특별자치도 제주시 수덕3길 33, 0, 0.0
걸작떡볶이치킨 제주노형점, 음식점, 제주특별자치도 제주시 노형9길 7, 9, 4.1
미래언니네분식, 음식점, 제주특별자치도 제주시 수덕3길 33, 5, 3.2
노형삼대국수회관, 음식점, 제주특별자치도 제주시 노형13길 11, 36, 2.5
더부즈 제주, 음식점, 제주특별자치도 제주시 노형11길 5-4, 11, 4.2
탐라중식당, 음식점, 제주특별자치도 제주시 노형10길 23, 7, 5.0
아이스크림할인점, 음식점, 제주특별자치도 제주시 노형12길 24, 2, 1.0
고기가자, 음식점, 제주특별자치도 제주시 노형13길 16, 4, 5.0
야미1999, 음식점, 제주특별자치도 제주시 노형8길 12, 1, 5.0
두루김밥, 음식점, 제주특별자치도 제주시 정존5길 36, 12, 3.8
명당양과 노형점, 음식점, 제주특별자치도 제주시 수덕로 51, 8, 4.1
괸당집 노형점, 음식점, 제주특별자치도 제주시 수덕11길 40, 3, 3.7
봄날의춘천 제주본점, 음식점, 제주특별자치도 제주시 정존11길 37, 3, 2.7
기라네김밥, 음식점, 제주특별자치도 제주시 정존11길 29, 4, 4.0
자담치킨 제주노형점, 음식점, 제주특별자치도 제주시 수덕5길 35, 3, 3.7
버무리 제주노형점, 음식점, 제주특별자치도 제주시 정존11길 39, 4, 4.3
엉터리해장국 제주뜨란체점, 음식점, 제주특별자치도 제주시 수덕9길 43, 1, 1.0
7번가피자 신제주점, 음식점, 제주특별자치도 제주시 수덕로 31, 3, 2.7
뮌헨호프, 음식점, 제주특별자치도 제주시 수덕9길 48, 0, 0.0
호식이두마리치킨 노형뜨란채점, 음식점, 제주특별자치도 제주시 정존7길 28, 4, 3.5
김박사꽃찜닭, 음식점, 제주특별자치도 제주시 수덕11길 19, 1, 5.0
오부장치킨 노형뜨란채점, 음식점, 제주특별자치도 제주시 정존11길 43, 11, 4.5
달인도나스, 음식점, 제주특별자치도 제주시 정존7길 37, 0, 0.0
난타5000피자 제주뜨란채점, 음식점, 제주특별자치도 제주시 정존11길 39, 0, 0.0
쿨하게, 음식점, 제주특별자치도 제주시 수덕11길 44, 1, 5.0
빽포, 음식점, 제주특별자치도 제주시 정존11길 43, 0, 0.0
다람쥐와도토리, 음식점, 제주특별자치도 제주시 수덕11길 38, 0, 0.0
스페샬 한라점, 음식점, 제주특별자치도 제주시 정존11길 35, 0, 0.0
매코미호프, 음식점, 제주특별자치도 제주시 정존7길 37, 0, 0.0
303열정버거, 음식점, 제주특별자치도 제주시 정존11길 39, 0, 0.0
제주요리요푸드, 음식점, 제주특별자치도 제주시 수덕5길 40, 0, 0.0
우리할매떡볶이, 음식점, 제주특별자치도 제주시 정존11길 31, 2, 4.5
베이커리지베, 음식점, 제주특별자치도 제주시 정존7길 37, 0, 0.0
밀밭, 음식점, 제주특별자치도 제주시 수덕로 13, 4, 5.0
정든주막, 음식점, 제주특별자치도 제주시 정존11길 54, 0, 0.0
오리정, 음식점, 제주특별자치도 제주시 수덕3길 4, 11, 4.6
일억조흑돼지, 음식점, 제주특별자치도 제주시 정존13길 4, 7, 2.4
국수&전, 음식점, 제주특별자치도 제주시 수덕5길 7, 14, 4.8
지중해참치, 음식점, 제주특별자치도 제주시 월랑로 13, 2, 4.0
또바기, 음식점, 제주특별자치도 제주시 정존13길 21, 2, 4.5
굽네치킨 제주노형점, 음식점, 제주특별자치도 제주시 정존13길 14, 9, 4.6
뚜레쥬르 제주노형오거리점, 음식점, 제주특별자치도 제주시 월랑로 15, 17, 1.6
제주돈담, 음식점, 제주특별자치도 제주시 수덕7길 1, 2, 5.0
김복남맥주 제주노형점, 음식점, 제주특별자치도 제주시 월랑로 15, 2, 5.0
노란주전자, 음식점, 제주특별자치도 제주시 수덕5길 6, 0, 0.0
곱딱, 음식점, 제주특별자치도 제주시 정존13길 21, 2, 5.0
바른고깃집, 음식점, 제주특별자치도 제주시 수덕5길 24, 0, 0.0
만민떡집, 음식점, 제주특별자치도 제주시 정존13길 13, 0, 0.0
호야치킨앤닭강정 노형점, 음식점, 제주특별자치도 제주시 정존11길 22, 4, 5.0
김밥명가 노형점, 음식점, 제주특별자치도 제주시 월랑로 13, 2, 1.0
귀족홍길동, 음식점, 제주특별자치도 제주시 수덕5길 8, 1, 5.0
베이커리두, 음식점, 제주특별자치도 제주시 수덕3길 9, 8, 4.8
말리따 제주점, 음식점, 제주특별자치도 제주시 수덕5길 6, 1, 5.0
이로리, 음식점, 제주특별자치도 제주시 정존11길 22, 0, 0.0
양푼왕갈비, 음식점, 제주특별자치도 제주시 수덕7길 21, 0, 0.0
제주떡볶이, 음식점, 제주특별자치도 제주시 정존11길 23, 5, 3.2
남원어시장, 음식점, 제주특별자치도 제주시 수덕7길 1, 0, 0.0
29퀴진, 음식점, 제주특별자치도 제주시 정존11길 22, 0, 0.0
삼촌네철판동태아구찜, 음식점, 제주특별자치도 제주시 정존15길 27, 0, 0.0
스시권, 음식점, 제주특별자치도 제주시 노형로 401, 341, 4.4
조박사샤브샤브 노형본점, 음식점, 제주특별자치도 제주시 다랑곶길 10, 15, 4.5
노형근고기, 음식점, 제주특별자치도 제주시 월랑로 11-1, 5, 4.8
채움국수, 음식점, 제주특별자치도 제주시 다랑곶길 3, 13, 4.8
원우정, 음식점, 제주특별자치도 제주시 다랑곶1길 6, 5, 3.6
진지상, 음식점, 제주특별자치도 제주시 다랑곶길 10, 1, 2.0
라멘신주쿠, 음식점, 제주특별자치도 제주시 노형로 407, 4, 4.0
혜자분식, 음식점, 제주특별자치도 제주시 다랑곶길 7, 0, 0.0
부자떡집, 음식점, 제주특별자치도 제주시 다랑곶길 9, 0, 0.0
참순대, 음식점, 제주특별자치도 제주시 월랑로 11-1, 0, 0.0
원우정성공, 음식점, 제주특별자치도 제주시 다랑곶1길 6, 0, 0.0
교촌치킨 노형점, 음식점, 제주특별자치도 제주시 월랑로 35, 14, 2.9
올바른면옥, 음식점, 제주특별자치도 제주시 수덕로 9, 4, 3.8
마님순대 제주본점, 음식점, 제주특별자치도 제주시 정존15길 42, 4, 1.3
써니킴밥, 음식점, 제주특별자치도 제주시 수덕11길 1, 6, 4.8
삼첩분식 신제주점, 음식점, 제주특별자치도 제주시 수덕11길 1, 2, 4.5
덮덮밥 신제주점, 음식점, 제주특별자치도 제주시 수덕11길 1, 0, 0.0
피자와치킨의러브레터 신제주점, 음식점, 제주특별자치도 제주시 수덕11길 10, 0, 0.0
꾼2, 음식점, 제주특별자치도 제주시 월랑로 35, 1, 5.0
선허브다이어트, 음식점, 제주특별자치도 제주시 수덕11길 1, 0, 0.0
장위동유성집 신제주점, 음식점, 제주특별자치도 제주시 수덕9길 3, 4, 4.8
사조회참치 명품점, 음식점, 제주특별자치도 제주시 정존15길 33, 1, 5.0
현주네 치킨, 음식점, 제주특별자치도 제주시 정존15길 32, 8, 4.9
원조홍가네칼국수, 음식점, 제주특별자치도 제주시 월랑로 31, 5, 4.2
팔도실비집 제주노형점, 음식점, 제주특별자치도 제주시 월랑로 29, 0, 0.0
제불노형본점, 음식점, 제주특별자치도 제주시 월랑로6길 5, 0, 0.0
천복, 음식점, 제주특별자치도 제주시 수덕9길 4, 0, 0.0
남다른비어, 음식점, 제주특별자치도 제주시 정존15길 33, 0, 0.0
식객노형정육식당, 음식점, 제주특별자치도 제주시 월랑로 30, 7, 4.9
가르텐비어 제주노형점, 음식점, 제주특별자치도 제주시 월랑로10길 2, 3, 2.3
티오바, 음식점, 제주특별자치도 제주시 월랑로10길 2, 0, 0.0
고바&카페, 음식점, 제주특별자치도 제주시 월랑로 36, 0, 0.0
해모루, 음식점, 제주특별자치도 제주시 월랑로4길 6, 35, 4.2
고향숯불막창 제주지사, 음식점, 제주특별자치도 제주시 월랑로4길 6, 20, 4.9
더통큰집, 음식점, 제주특별자치도 제주시 월랑로4길 6, 5, 3.2
족발야시장 제주노형점, 음식점, 제주특별자치도 제주시 다랑곶1길 9, 1, 5.0
탕탕이 2호점, 음식점, 제주특별자치도 제주시 다랑곶1길 15, 4, 5.0
사이통닭, 음식점, 제주특별자치도 제주시 월랑로4길 11, 10, 5.0
주민상회 제주노형점, 음식점, 제주특별자치도 제주시 다랑곶2길 12, 6, 5.0
노형집밥, 음식점, 제주특별자치도 제주시 다랑곶1길 9, 7, 4.3
유쾌육회, 음식점, 제주특별자치도 제주시 월랑로 16, 2, 5.0
이모손칼국수, 음식점, 제주특별자치도 제주시 월랑로4길 15, 7, 3.3
헝그리닭발포차 제주직영점, 음식점, 제주특별자치도 제주시 월랑로4길 3, 6, 4.3
봉구비어 제주노형점, 음식점, 제주특별자치도 제주시 다랑곶1길 16, 8, 5.0
호봉토스트 노형점, 음식점, 제주특별자치도 제주시 월랑로 16, 1, 2.0
까투리, 음식점, 제주특별자치도 제주시 월랑로4길 6, 0, 0.0
이인자뼈다귀해장국, 음식점, 제주특별자치도 제주시 다랑곶2길 7, 31, 5.0
내고향해장국 노형점, 음식점, 제주특별자치도 제주시 월랑로4길 14, 13, 4.1
이차돌 제주노형점, 음식점, 제주특별자치도 제주시 월랑로4길 17, 6, 3.8
추억공감, 음식점, 제주특별자치도 제주시 월랑로4길 15, 6, 5.0
쉐프부부, 음식점, 제주특별자치도 제주시 다랑곶길 15, 8, 5.0
홍홍분식, 음식점, 제주특별자치도 제주시 월랑로4길 15, 5, 5.0
어드레감수강, 음식점, 제주특별자치도 제주시 다랑곶4길 25, 3, 5.0
가야국수, 음식점, 제주특별자치도 제주시 다랑곶길 19, 3, 5.0
황금손해장국, 음식점, 제주특별자치도 제주시 다랑곶길 15, 0, 0.0
화제집중, 음식점, 제주특별자치도 제주시 다랑곶길 19, 4, 5.0
술이달아, 음식점, 제주특별자치도 제주시 다랑곶길 19, 0, 0.0
다랑곶, 음식점, 제주특별자치도 제주시 다랑곶2길 2, 2, 5.0
산과들비빔밥 본점, 음식점, 제주특별자치도 제주시 월랑로4길 21, 20, 4.3
남문 숯불바베큐&치킨 월랑점, 음식점, 제주특별자치도 제주시 월랑로4길 19, 1, 5.0
노형 삼조삼계탕, 음식점, 제주특별자치도 제주시 다랑곶4길 29, 2, 3.0
월랑길포차, 음식점, 제주특별자치도 제주시 다랑곶4길 31, 0, 0.0
행복한집, 음식점, 제주특별자치도 제주시 월랑로4길 25, 0, 0.0
제주순풍 신제주본점, 음식점, 제주특별자치도 제주시 진군남4길 7-8, 54, 3.6
어가, 음식점, 제주특별자치도 제주시 1100로 3213-8, 61, 4.3
봉자네숙성뼈갈비, 음식점, 제주특별자치도 제주시 1100로 3228, 4, 3.8
흑돼지가있는풍경 본점, 음식점, 제주특별자치도 제주시 진군남4길 7-8, 20, 3.7
육고깃집 노형점, 음식점, 제주특별자치도 제주시 진군4길 8, 14, 3.7
뚜레쥬르 제주노형한라점, 음식점, 제주특별자치도 제주시 진군남4길 7-1, 8, 3.3
빨간집 한라대점, 음식점, 제주특별자치도 제주시 한라대학로 91, 4, 2.0
국수도둑, 음식점, 제주특별자치도 제주시 한라대학로 97, 6, 3.3
노가리앤비어 한라대점, 음식점, 제주특별자치도 제주시 1100로 3213-27, 1, 5.0
한우바른곱창 제주한라대점, 음식점, 제주특별자치도 제주시 한라대학로 93, 0, 0.0
동동전, 음식점, 제주특별자치도 제주시 진군길 56, 0, 0.0
204 신제주점, 음식점, 제주특별자치도 제주시 진군길 52, 1, 5.0
토크박스 중흥점, 음식점, 제주특별자치도 제주시 한라대학로 99, 0, 0.0
한라산쑥찐빵 신제주점, 음식점, 제주특별자치도 제주시 진군1길 7, 7, 4.0
양촌리마을 본점, 음식점, 제주특별자치도 제주시 진군길 31-5, 10, 3.4
주앤정, 음식점, 제주특별자치도 제주시 진군2길 5, 2, 5.0
주&정, 음식점, 제주특별자치도 제주시 진군2길 5, 1, 5.0
만리성, 음식점, 제주특별자치도 제주시 진군길 31-12, 10, 2.5
천수산 제주지사, 음식점, 제주특별자치도 제주시 진군1길 15, 3, 3.3
치킨마루 제주노형제일고점, 음식점, 제주특별자치도 제주시 진군1길 3, 9, 4.4
수라수라, 음식점, 제주특별자치도 제주시 진군길 40, 1, 5.0
하나더아이스크림할인점, 음식점, 제주특별자치도 제주시 진군1길 4, 0, 0.0
공룡고기 제주노형점, 음식점, 제주특별자치도 제주시 과원로 22, 32, 3.9
수목원삼계탕, 음식점, 제주특별자치도 제주시 연화로 57, 7, 3.3
평창메밀막국수, 음식점, 제주특별자치도 제주시 은수길 6-9, 24, 4.6
돈삼겹 한라점, 음식점, 제주특별자치도 제주시 연화로 51, 6, 2.8
마농떡볶이 1호점, 음식점, 제주특별자치도 제주시 연화로 49, 4, 4.0
참돼지, 음식점, 제주특별자치도 제주시 연화로3길 10, 9, 3.2
한라생얼큰이 연동점, 음식점, 제주특별자치도 제주시 과원로 39, 3, 4.0
신농, 음식점, 제주특별자치도 제주시 과원로 39, 3, 4.7
고구려, 음식점, 제주특별자치도 제주시 연화로 47, 9, 4.9
부가네얼큰이 신시가지점, 음식점, 제주특별자치도 제주시 연화로 41, 5, 5.0
서희원꼬지닷컴 한라점, 음식점, 제주특별자치도 제주시 연화로 35, 1, 1.0
부가네치킨, 음식점, 제주특별자치도 제주시 연화로 41, 0, 0.0
김밥상회, 음식점, 제주특별자치도 제주시 과원북2길 58, 20, 4.3
호야네집, 음식점, 제주특별자치도 제주시 연화로1길 6-1, 16, 4.6
해맑은떡방, 음식점, 제주특별자치도 제주시 과원북2길 54, 3, 5.0
BBQ 제주신연동점, 음식점, 제주특별자치도 제주시 연화로1길 15, 6, 2.3
신제주명동보쌈, 음식점, 제주특별자치도 제주시 연화중길 13, 5, 3.0
난타5000피자 연동점, 음식점, 제주특별자치도 제주시 연화로2길 7, 3, 2.3
편의방, 음식점, 제주특별자치도 제주시 연화로2길 1, 0, 0.0
영성반점, 음식점, 제주특별자치도 제주시 진군길 1-1, 12, 4.1
래원, 음식점, 제주특별자치도 제주시 과원북4길 3, 10, 2.9
국수나무 제주노형점, 음식점, 제주특별자치도 제주시 1100로 3308, 5, 4.0
세숫대야냉면, 음식점, 제주특별자치도 제주시 진군길 1-7, 6, 3.8
디엔비베이커리, 음식점, 제주특별자치도 제주시 연북로 1, 0, 0.0
스시성, 음식점, 제주특별자치도 제주시 연북로 34, 17, 3.0
명당양과 본점, 음식점, 제주특별자치도 제주시 원노형로 83, 20, 3.5
마님순대 제주2호점, 음식점, 제주특별자치도 제주시 원노형로 81, 11, 2.5
마차이짬뽕, 음식점, 제주특별자치도 제주시 과원북4길 19, 11, 3.5
바세츠아이스크림 제주연동점, 음식점, 제주특별자치도 제주시 원노형로 84, 10, 3.9
인성참치 제주본점, 음식점, 제주특별자치도 제주시 과원북4길 15, 2, 1.0
노형둘레국수, 음식점, 제주특별자치도 제주시 과원북4길 15, 5, 4.2
해두리치킨 제주노형점, 음식점, 제주특별자치도 제주시 원노형로 90, 7, 5.0
보배케이크, 음식점, 제주특별자치도 제주시 과원북4길 17, 2, 3.0
송정동핫도그 노형점, 음식점, 제주특별자치도 제주시 연북로 28, 0, 0.0
으뜸아이스크림할인점 노형점, 음식점, 제주특별자치도 제주시 원노형로 81, 0, 0.0
초롱박, 음식점, 제주특별자치도 제주시 원노형로 83, 0, 0.0
하얀토끼, 음식점, 제주특별자치도 제주시 과원북4길 17, 0, 0.0
푸동, 음식점, 제주특별자치도 제주시 원노형2길 22, 17, 4.1
금땡이양꼬치, 음식점, 제주특별자치도 제주시 원노형4길 17, 5, 4.8
라이프, 음식점, 제주특별자치도 제주시 원노형2길 28, 9, 4.2
돈치비, 음식점, 제주특별자치도 제주시 원노형남1길 12, 7, 4.3
활주로, 음식점, 제주특별자치도 제주시 원노형남1길 18, 3, 4.0
솔밭정, 음식점, 제주특별자치도 제주시 원노형4길 17, 1, 1.0
호, 음식점, 제주특별자치도 제주시 원노형남1길 17, 0, 0.0
푸드코트수라정 이마트신제주점, 음식점, 제주특별자치도 제주시 1100로 3348, 0, 0.0
김서방재첩해장국, 음식점, 제주특별자치도 제주시 원노형6길 27, 62, 3.6
수영국밥, 음식점, 제주특별자치도 제주시 원노형6길 30, 13, 4.5
차차, 음식점, 제주특별자치도 제주시 원노형6길 29, 15, 4.7
한촌설렁탕 제주노형점, 음식점, 제주특별자치도 제주시 원노형6길 29, 8, 2.5
폭풍장어 제주본점, 음식점, 제주특별자치도 제주시 원노형로 54, 7, 3.3
평담옥, 음식점, 제주특별자치도 제주시 원노형로 66, 40, 4.2
맘스터치 제주연북로점, 음식점, 제주특별자치도 제주시 원노형남2길 35, 9, 3.1
다모인 바다장어해물탕, 음식점, 제주특별자치도 제주시 원노형남2길 33, 1, 5.0
제주금돼지식당, 음식점, 제주특별자치도 제주시 원노형로 68, 10, 4.5
백년초식당, 음식점, 제주특별자치도 제주시 원노형로 63-1, 1, 5.0
제주별돼지식당 노형점, 음식점, 제주특별자치도 제주시 원노형로 68, 2, 5.0
쭈슐랭, 음식점, 제주특별자치도 제주시 원노형로 64, 0, 0.0
제주본참숯불갈비, 음식점, 제주특별자치도 제주시 원노형남1길 31, 83, 4.1
오늘와인한잔 노형점, 음식점, 제주특별자치도 제주시 원노형남1길 24, 8, 4.5
다미야, 음식점, 제주특별자치도 제주시 원노형6길 24, 4, 4.0
정씨네소몰이 노형점, 음식점, 제주특별자치도 제주시 원노형남1길 32, 4, 5.0
불닭공장 노형점, 음식점, 제주특별자치도 제주시 원노형6길 19, 1, 5.0
곤지암할매한우소머리국밥 제주노형점, 음식점, 제주특별자치도 제주시 원노형남1길 19, 0, 0.0
운명갈비찜, 음식점, 제주특별자치도 제주시 원노형남1길 25, 1, 1.0
골든에스, 음식점, 제주특별자치도 제주시 원노형남1길 25, 0, 0.0
쏜바, 음식점, 제주특별자치도 제주시 원노형6길 18, 0, 0.0
신촌불닭발, 음식점, 제주특별자치도 제주시 원노형남1길 35, 19, 3.2
칼맞은삼겹살 노형점, 음식점, 제주특별자치도 제주시 원노형로 52, 7, 4.0
대학로참닭갈비 노형점, 음식점, 제주특별자치도 제주시 원노형로 52, 17, 2.7
순화국수, 음식점, 제주특별자치도 제주시 원노형8길 26, 9, 4.3
노형슈퍼, 음식점, 제주특별자치도 제주시 원노형8길 18, 0, 0.0
제주닭집, 음식점, 제주특별자치도 제주시 원노형남1길 33, 2, 1.5
신의주찹쌀순대 제주점, 음식점, 제주특별자치도 제주시 원노형로 54, 3, 3.7
네네치킨 노형점, 음식점, 제주특별자치도 제주시 원노형로 50, 4, 3.8
통큰왕만두찐빵 노형점, 음식점, 제주특별자치도 제주시 원노형로 46, 0, 0.0
임창정의모서리족발 노형점, 음식점, 제주특별자치도 제주시 원노형남1길 37, 4, 5.0
촌놈부대찌개&제주흑돼지존슨탕, 음식점, 제주특별자치도 제주시 원노형남1길 36, 5, 1.8
우렁이쌈밥, 음식점, 제주특별자치도 제주시 원노형로 43, 4, 3.0
낙곱당 신제주점, 음식점, 제주특별자치도 제주시 원노형남1길 31-1, 0, 0.0
툇마루, 음식점, 제주특별자치도 제주시 원노형로 48, 0, 0.0
역전할머니맥주 노형점, 음식점, 제주특별자치도 제주시 연북로 45, 6, 2.2
분식문방구 신제주1호점, 음식점, 제주특별자치도 제주시 원노형로 93, 3, 2.3
아키, 음식점, 제주특별자치도 제주시 연북로 45, 0, 0.0
샌드잇츠, 음식점, 제주특별자치도 제주시 과원북4길 69, 3, 5.0
행복한떡방, 음식점, 제주특별자치도 제주시 과원북4길 69, 2, 4.5
으뜸아이스크림할인점 연동점, 음식점, 제주특별자치도 제주시 과원북4길 57, 0, 0.0
연탄과친한돼지, 음식점, 제주특별자치도 제주시 원노형로 61, 51, 3.6
미보삿뽀로참치 제주연동점, 음식점, 제주특별자치도 제주시 연동4길 36, 7, 4.9
조가네갑오징어 신제주점, 음식점, 제주특별자치도 제주시 원노형남1길 45-1, 19, 3.3
문섬횟집, 음식점, 제주특별자치도 제주시 원노형로 45, 7, 4.9
우가네한우짝갈비살, 음식점, 제주특별자치도 제주시 원노형남1길 46, 1, 5.0
나성갈비 제주노형점, 음식점, 제주특별자치도 제주시 원노형남1길 44, 4, 3.8
노형궁전, 음식점, 제주특별자치도 제주시 원노형로 47, 1, 5.0
짝태&노가리, 음식점, 제주특별자치도 제주시 원노형남1길 46, 0, 0.0
간이역 정동역점, 음식점, 제주특별자치도 제주시 원노형로 43, 0, 0.0
점빵올래, 음식점, 제주특별자치도 제주시 원노형10길 20, 0, 0.0
태봉이네, 음식점, 제주특별자치도 제주시 원노형남1길 43, 0, 0.0
연정식당, 음식점, 제주특별자치도 제주시 신광로10길 29, 113, 1.8
일석이조, 음식점, 제주특별자치도 제주시 신광로10길 24, 0, 0.0
2도비어 제주연동점, 음식점, 제주특별자치도 제주시 신광로10길 22, 0, 0.0
부산서면양곱창 분점, 음식점, 제주특별자치도 제주시 신광로10길 22, 0, 0.0
문성반점, 음식점, 제주특별자치도 제주시 연동4길 12-9, 4, 2.0
스페샬, 음식점, 제주특별자치도 제주시 신광로10길 20, 0, 0.0
어매흑돼지, 음식점, 제주특별자치도 제주시 신광로10길 15, 18, 3.9
쨍하고회뜰날, 음식점, 제주특별자치도 제주시 신광로10길 18, 5, 4.0
단초제주, 음식점, 제주특별자치도 제주시 신광로10길 17, 1, 5.0
참새와방앗간, 음식점, 제주특별자치도 제주시 연동4길 16, 1, 5.0
제주세호해장국 제주본점, 음식점, 제주특별자치도 제주시 원노형3길 39, 29, 3.9
동백별장, 음식점, 제주특별자치도 제주시 원노형3길 44, 0, 0.0
능이버섯백숙향계, 음식점, 제주특별자치도 제주시 월랑로2길 11, 28, 4.7
맥도날드 제주노형DT점, 음식점, 제주특별자치도 제주시 노연로 7, 47, 2.3
제주드림타워 포차, 음식점, 제주특별자치도 제주시 노연로 12, 9, 4.2
고니식당 노형점, 음식점, 제주특별자치도 제주시 다랑곶4길 2, 3, 5.0
스시궁, 음식점, 제주특별자치도 제주시 도령로 11, 2, 4.5
지코바 신제주점, 음식점, 제주특별자치도 제주시 원노형5길 30, 5, 4.8
즐겨찾기, 음식점, 제주특별자치도 제주시 도령로 7, 0, 0.0
라운지38, 음식점, 제주특별자치도 제주시 노연로 12, 3, 5.0
황칠삼계탕, 음식점, 제주특별자치도 제주시 노연로 11, 0, 0.0
제주드림타워 카페8, 음식점, 제주특별자치도 제주시 노연로 12, 0, 0.0
보승식품, 음식점, 제주특별자치도 제주시 1100로 3348, 0, 0.0
제다농수산 이마트신제주점, 음식점, 제주특별자치도 제주시 1100로 3348, 0, 0.0
제주모다정, 음식점, 제주특별자치도 제주시 원노형6길 12, 31, 4.0
황궁쟁반짜장 노형점, 음식점, 제주특별자치도 제주시 원노형6길 7, 37, 4.0
양, 음식점, 제주특별자치도 제주시 원노형6길 3-8, 11, 4.3
헬로베트남, 음식점, 제주특별자치도 제주시 원노형6길 11-5, 0, 0.0
돈치킨 노형점, 음식점, 제주특별자치도 제주시 노연로 28, 0, 0.0
짜장2000, 음식점, 제주특별자치도 제주시 원노형6길 7, 0, 0.0
스페샬 원노형점, 음식점, 제주특별자치도 제주시 원노형6길 7, 0, 0.0
뉴제주호텔 구내식당, 음식점, 제주특별자치도 제주시 원노형6길 2, 0, 0.0
푸라닭치킨 신제주점, 음식점, 제주특별자치도 제주시 원노형로 36, 4, 4.0
녹두네, 음식점, 제주특별자치도 제주시 원노형로 42, 7, 2.7
바다향, 음식점, 제주특별자치도 제주시 원노형로 36, 0, 0.0
번지없는주막, 음식점, 제주특별자치도 제주시 원노형로 42, 2, 3.0
우림일식, 음식점, 제주특별자치도 제주시 도령로 28-2, 8, 2.9
베이징덕, 음식점, 제주특별자치도 제주시 노연로 25, 5, 3.8
짬뽕의정석, 음식점, 제주특별자치도 제주시 원노형5길 28, 31, 4.6
담소, 음식점, 제주특별자치도 제주시 원노형3길 34, 1, 5.0
도토리묵마을, 음식점, 제주특별자치도 제주시 원노형7길 10, 0, 0.0
알콜달콜, 음식점, 제주특별자치도 제주시 원노형로 22, 7, 5.0
금강민물장어, 음식점, 제주특별자치도 제주시 원노형로 16, 2, 3.0
투다리 노형정한점, 음식점, 제주특별자치도 제주시 원노형로 26, 2, 5.0
맘스터치 피자앤치킨 신제주점, 음식점, 제주특별자치도 제주시 노연로 37-1, 0, 0.0
챙길밥, 음식점, 제주특별자치도 제주시 원노형5길 17-13, 0, 0.0
포시즌호텔 구내, 음식점, 제주특별자치도 제주시 원노형3길 19, 0, 0.0
시걸, 음식점, 제주특별자치도 제주시 원노형로 26, 0, 0.0
마구이양구이, 음식점, 제주특별자치도 제주시 월랑로2길 18, 20, 4.8
경일낙지, 음식점, 제주특별자치도 제주시 다랑곶길 30, 35, 4.1
행복식당, 음식점, 제주특별자치도 제주시 다랑곶길 23, 17, 4.5
풍무맛조림, 음식점, 제주특별자치도 제주시 다랑곶길 29, 8, 4.5
생돈구이촌, 음식점, 제주특별자치도 제주시 다랑곶길 19, 6, 4.2
돈까스군 오므라이스양, 음식점, 제주특별자치도 제주시 다랑곶길 32, 23, 4.6
정순화국밥, 음식점, 제주특별자치도 제주시 다랑곶길 25, 19, 3.9
원조호수아구찜, 음식점, 제주특별자치도 제주시 다랑곶4길 20, 0, 0.0
우돈숯불, 음식점, 제주특별자치도 제주시 다랑곶길 27, 2, 5.0
동광식당, 음식점, 제주특별자치도 제주시 다랑곶길 19, 1, 5.0
저팔계콧구멍, 음식점, 제주특별자치도 제주시 다랑곶길 19, 4, 4.0
오거리로스타, 음식점, 제주특별자치도 제주시 다랑곶길 19, 4, 4.0
빈대떡신사, 음식점, 제주특별자치도 제주시 다랑곶4길 17, 0, 0.0
삼춘장, 음식점, 제주특별자치도 제주시 월랑로2길 21, 0, 0.0
아맛나, 음식점, 제주특별자치도 제주시 다랑곶길 19, 0, 0.0
노형주점, 음식점, 제주특별자치도 제주시 다랑곶길 19, 1, 5.0
영희네만강촌, 음식점, 제주특별자치도 제주시 다랑곶길 26-1, 0, 0.0
W마라시대, 음식점, 제주특별자치도 제주시 다랑곶길 26-1, 1, 5.0
기차역, 음식점, 제주특별자치도 제주시 다랑곶4길 20, 0, 0.0
전남토속청국장, 음식점, 제주특별자치도 제주시 다랑곶6길 5, 6, 4.8
빅스타피자 제주노형점, 음식점, 제주특별자치도 제주시 월랑로2길 26-1, 0, 0.0
장인반점 노형점, 음식점, 제주특별자치도 제주시 월랑로2길 26-1, 0, 0.0
해심초, 음식점, 제주특별자치도 제주시 다랑곶6길 5, 3, 5.0
순수덮밥, 음식점, 제주특별자치도 제주시 월랑로2길 30, 0, 0.0
제주생면, 음식점, 제주특별자치도 제주시 월랑로2길 22, 0, 0.0
장안반점 노형점, 음식점, 제주특별자치도 제주시 월랑로2길 26-1, 0, 0.0
보리수, 음식점, 제주특별자치도 제주시 다랑곶길 29, 0, 0.0
달아놀자, 음식점, 제주특별자치도 제주시 원노형로 8, 0, 0.0
숙성도 노형점, 음식점, 제주특별자치도 제주시 원노형로 41, 480, 4.1
규태네양곱창 본점, 음식점, 제주특별자치도 제주시 노연로 55, 40, 3.7
신제주양곱창, 음식점, 제주특별자치도 제주시 원노형로 23, 3, 5.0
명품전통육개장, 음식점, 제주특별자치도 제주시 원노형로 37, 13, 3.1
가마치통닭 노형점, 음식점, 제주특별자치도 제주시 원노형로 37, 0, 0.0
이거스치킨피자밸리, 음식점, 제주특별자치도 제주시 노연로 55, 9, 4.7
현이네양곱창, 음식점, 제주특별자치도 제주시 노연로 55, 1, 5.0
컵밥플러스, 음식점, 제주특별자치도 제주시 원노형로 35, 3, 3.7
팍차이나, 음식점, 제주특별자치도 제주시 노연로 62, 0, 0.0
루스트플레이스 노형점, 음식점, 제주특별자치도 제주시 수덕로 79, None, None
신제주보쌈, 음식점, 제주특별자치도 제주시 광평동로 38, None, None
제주서서갈비 노형점, 음식점, 제주특별자치도 제주시 광평동로 39, None, None
BHC치킨 노형점, 음식점, 제주특별자치도 제주시 수덕로 81, None, None
소민떡방, 음식점, 제주특별자치도 제주시 수덕로 79, None, None
안빵, 음식점, 제주특별자치도 제주시 광평길 26, None, None
긴꼬리딱새, 음식점, 제주특별자치도 제주시 수덕9길 86-8, None, None
어가횟집, 음식점, 제주특별자치도 제주시 광평동로 45, None, None
한끼국수, 음식점, 제주특별자치도 제주시 광평동로 36, None, None
폴라니포케 제주노형점, 음식점, 제주특별자치도 제주시 수덕9길 86-3, None, None
반올림피자샵 노형점, 음식점, 제주특별자치도 제주시 광평동로 49, None, None
채식식당 푸른솔맑은향, 음식점,  제주특별자치도 제주시 노형동 1620-1 2동 지하 1층, None, None
별빛가루, 음식점, 제주특별자치도 제주시 방일4길 47, None, None
샤브마니아 제주노형점, 음식점, 제주특별자치도 제주시 한라대학로 25, None, None
전철우고향랭면 해장국 신제주직영점, 음식점, 제주특별자치도 제주시 노형로 308-1, None, None
허클베리핀, 음식점, 제주특별자치도 제주시 노형5길 44, None, None
뉴욕버거 제주노형점, 음식점, 제주특별자치도 제주시 노형2길 25, None, None
제주한라 더커먼스, 음식점, 제주특별자치도 제주시 한라대학로 38, None, None
남이스프앤소스, 음식점, 제주특별자치도 제주시 노형1길 18-9, None, None
샤오바오우육면 한라대점, 음식점, 제주특별자치도 제주시 한라대학로 65, None, None
도갈비, 음식점, 제주특별자치도 제주시 한라대학로 85, None, None
칠프로 칠백식당 제주직영점, 음식점, 제주특별자치도 제주시 진군중길 18, None, None
깐깐한족발 제주노형점, 음식점, 제주특별자치도 제주시 한라대학로 86, None, None
탐라스낵, 음식점, 제주특별자치도 제주시 진군4길 32, None, None
전티마이 베트남쌀국수 제주본점, 음식점, 제주특별자치도 제주시 한라대학로 73-1, None, None
배스킨라빈스 제주한라대점, 음식점, 제주특별자치도 제주시 한라대학로 72, None, None
푸라닭치킨 제주한라대점, 음식점, 제주특별자치도 제주시 한라대학로 70, None, None
듀블레베이크샵, 음식점, 제주특별자치도 제주시 진군중길 20, None, None
오태식해바라기치킨 한라대점, 음식점, 제주특별자치도 제주시 한라대학로 81, None, None
큰맘할매순대국 제주한라대점, 음식점, 제주특별자치도 제주시 한라대학로 71, None, None
김가네 제주한라대점, 음식점, 제주특별자치도 제주시 한라대학로 75, None, None
마피아떡볶이 제주노형점, 음식점, 제주특별자치도 제주시 정원로 53-1, None, None
꽃보다 낙곱새, 음식점, 제주특별자치도 제주시 진군3길 17, None, None
셰프의초밥 신제주점, 음식점, 제주특별자치도 제주시 정원로 55, None, None
참맛나김밥, 음식점, 제주특별자치도 제주시 한라대학로 31, None, None
세이슌 한라대점, 음식점, 제주특별자치도 제주시 노형2길 47-2, None, None
우나다, 음식점, 제주특별자치도 제주시 노형1길 41, None, None
복닥키친, 음식점, 제주특별자치도 제주시 진군3길 19, None, None
태을갈비, 음식점, 제주특별자치도 제주시 진군중길 12, None, None
청춘감성쌀핫도그&킹콩쥬스 한라대점, 음식점, 제주특별자치도 제주시 정원로 39, None, None
유별난수제생돈까스, 음식점, 제주특별자치도 제주시 정원로 41, None, None
두리칼국수, 음식점, 제주특별자치도 제주시 진군2길 23-4, None, None
두들리도넛 제주노형점, 음식점, 제주특별자치도 제주시 정원로 43-1, None, None
제주울어멍김밥, 음식점, 제주특별자치도 제주시 진군2길 17, None, None
시니어손맛집, 음식점, 제주특별자치도 제주시 진군3길 28, None, None
덮다, 음식점, 제주특별자치도 제주시 진군2길 23-2, None, None
부에난떡볶이 제주점, 음식점, 제주특별자치도 제주시 정원로 41, None, None
곱도리 오형제, 음식점, 제주특별자치도 제주시 진군3길 17, None, None
한라냉면, 음식점, 제주특별자치도 제주시 진군3길 17, None, None
돈사돈 별관, 음식점, 제주특별자치도 제주시 광평동로 15, None, None
제주올레냉면 제주본점, 음식점, 제주특별자치도 제주시 광평동로 19, None, None
일품순두부 제주본점, 음식점, 제주특별자치도 제주시 광평동로 25, None, None
제주따이, 음식점, 제주특별자치도 제주시 수덕9길 85-5, None, None
노형바다장어, 음식점, 제주특별자치도 제주시 광평동로 12, None, None
추담골 제주점, 음식점, 제주특별자치도 제주시 광평동로 19, None, None
너븐드르, 음식점, 제주특별자치도 제주시 수덕5길 86, None, None
춘심이네오메기떡 신제주유통센터점, 음식점, 제주특별자치도 제주시 노형로 336, None, None
짬뽕지존 제주점, 음식점, 제주특별자치도 제주시 노형로 336, None, None
자현우육면, 음식점, 제주특별자치도 제주시 노형1길 8-8, None, None
노형짚불도, 음식점, 제주특별자치도 제주시 노형3길 3, None, None
장가가마솥정식, 음식점,  제주특별자치도 제주시 노형동 2520-15, None, None
노형3길3, 음식점, 제주특별자치도 제주시 노형3길 3, None, None
신토불이수산, 음식점, 제주특별자치도 제주시 정존3길 25, None, None
제주스럽닭 노형점, 음식점, 제주특별자치도 제주시 수덕9길 85, None, None
제주산방식당 노형점, 음식점, 제주특별자치도 제주시 정존3길 26, None, None
만복반미, 음식점, 제주특별자치도 제주시 수덕9길 82-4, None, None
노형자연산횟집, 음식점, 제주특별자치도 제주시 정존3길 26, None, None
김사장네명태조림, 음식점, 제주특별자치도 제주시 수덕11길 66, None, None
낭뿌리식당, 음식점, 제주특별자치도 제주시 수덕9길 82, None, None
슬립인하노이, 음식점, 제주특별자치도 제주시 수덕9길 63, None, None
모닥샐러드, 음식점, 제주특별자치도 제주시 수덕9길 82-1, None, None
시인의마을, 음식점, 제주특별자치도 제주시 정존1길 27, None, None
아침바다, 음식점, 제주특별자치도 제주시 수덕5길 66, None, None
춘리마라탕 노형동점, 음식점, 제주특별자치도 제주시 수덕7길 45, None, None
온미담, 음식점, 제주특별자치도 제주시 정존3길 6, None, None
중앙원, 음식점, 제주특별자치도 제주시 수덕5길 45, None, None
베이커블, 음식점, 제주특별자치도 제주시 노형7길 9-5, None, None
그린보이즈, 음식점, 제주특별자치도 제주시 노형5길 23, None, None
젤라떼리아섬, 음식점, 제주특별자치도 제주시 노형5길 7, None, None
양가형제노형, 음식점, 제주특별자치도 제주시 노형4길 10, None, None
아로제, 음식점, 제주특별자치도 제주시 노형7길 3-5, None, None
겹겹의 의도, 음식점, 제주특별자치도 제주시 노형5길 11, None, None
윤가우동 노형점, 음식점, 제주특별자치도 제주시 노형4길 18, None, None
현, 음식점, 제주특별자치도 제주시 신형로 23, None, None
히비키아일랜드, 음식점, 제주특별자치도 제주시 신형로 25, None, None
그랜마스 노형점, 음식점, 제주특별자치도 제주시 노형9길 6, None, None
탕수육, 음식점, 제주특별자치도 제주시 노형9길 8, None, None
밀집, 음식점, 제주특별자치도 제주시 노형9길 8, None, None
제주솥밥모락모락, 음식점, 제주특별자치도 제주시 신형로 19, None, None
남가네설악추어탕 신제주점, 음식점, 제주특별자치도 제주시 노형9길 9, None, None
제주자매상점, 음식점, 제주특별자치도 제주시 정존7길 3, None, None
루스트플레이스 아이파크점, 음식점, 제주특별자치도 제주시 노형8길 9, None, None
피즈버거 노형점, 음식점, 제주특별자치도 제주시 노형10길 6, None, None
홍대개미 제주노형점, 음식점, 제주특별자치도 제주시 노형8길 19, None, None
딤섬9898, 음식점, 제주특별자치도 제주시 노형8길 17, None, None
야해, 음식점, 제주특별자치도 제주시 노형11길 6, None, None
서가앤쿡 제주노형점, 음식점, 제주특별자치도 제주시 노형8길 16, None, None
시나르, 음식점, 제주특별자치도 제주시 노형10길 3, None, None
던킨 신제주점, 음식점, 제주특별자치도 제주시 노형8길 3, None, None
민타이, 음식점, 제주특별자치도 제주시 노형11길 16, None, None
파리바게뜨 노형오거리점, 음식점, 제주특별자치도 제주시 노형14길 14, None, None
우마담풍하, 음식점, 제주특별자치도 제주시 노형13길 7, None, None
말렛, 음식점, 제주특별자치도 제주시 노형11길 6, None, None
온달, 음식점, 제주특별자치도 제주시 노형13길 7, None, None
시드니양갈비 제주노형점, 음식점, 제주특별자치도 제주시 노형10길 10, None, None
제주침시술소바, 음식점, 제주특별자치도 제주시 노형10길 21, None, None
노형농원, 음식점, 제주특별자치도 제주시 노형8길 14, None, None
국수대표, 음식점, 제주특별자치도 제주시 노형14길 12, None, None
애월연어 노형점, 음식점, 제주특별자치도 제주시 노형8길 7, None, None
함쉐프키친 시티점, 음식점, 제주특별자치도 제주시 노형13길 16, None, None
포케올데이 제주노형점, 음식점, 제주특별자치도 제주시 노형8길 22, None, None
민스펍, 음식점, 제주특별자치도 제주시 노형10길 10, None, None
포메인 제주노형점, 음식점, 제주특별자치도 제주시 1100로 3339, None, None
고기에오르다 노형직영점, 음식점, 제주특별자치도 제주시 노형13길 16, None, None
스와니호프하우스, 음식점, 제주특별자치도 제주시 노형11길 19-4, None, None
본도시락 제주노형점, 음식점, 제주특별자치도 제주시 노형14길 12, None, None
꼬치의품격 신제주점, 음식점, 제주특별자치도 제주시 노형10길 21, None, None
대손가, 음식점, 제주특별자치도 제주시 노형8길 22, None, None
두찜 신제주점, 음식점, 제주특별자치도 제주시 노형10길 17, None, None
우심 제주점, 음식점, 제주특별자치도 제주시 노형11길 18, None, None
미스터킴팝, 음식점, 제주특별자치도 제주시 노형8길 17, None, None
켄시드, 음식점, 제주특별자치도 제주시 수덕로 51, None, None
대명한우갈비살, 음식점, 제주특별자치도 제주시 수덕11길 45, None, None
돈사무소 노형점, 음식점, 제주특별자치도 제주시 정존11길 39, None, None
사랑김밥, 음식점, 제주특별자치도 제주시 수덕9길 35, None, None
영공방 제주점, 음식점, 제주특별자치도 제주시 수덕5길 40, None, None
제주밤밤, 음식점, 제주특별자치도 제주시 수덕로 33, None, None
죽이야기 제주카페점, 음식점, 제주특별자치도 제주시 정존11길 39, None, None
파리바게뜨 신노형점, 음식점, 제주특별자치도 제주시 정존11길 31, None, None
요리랄라, 음식점, 제주특별자치도 제주시 수덕5길 42, None, None
밥엔청국장 노형뜨란채점, 음식점, 제주특별자치도 제주시 정존7길 28, None, None
고피자 제주노형점, 음식점, 제주특별자치도 제주시 수덕11길 44, None, None
심취, 음식점, 제주특별자치도 제주시 정존11길 35, None, None
제주소풍김밥, 음식점, 제주특별자치도 제주시 수덕5길 40, None, None
꼬꼬점빵, 음식점, 제주특별자치도 제주시 정존11길 36, None, None
바우골곱창쭈꾸미 제주본점, 음식점, 제주특별자치도 제주시 정존11길 36, None, None
수복해장국, 음식점, 제주특별자치도 제주시 수덕7길 25, None, None
오태식해바라기치킨 노형점, 음식점, 제주특별자치도 제주시 수덕로 29, None, None
사과포차, 음식점, 제주특별자치도 제주시 수덕11길 34, None, None
이유치킨 제주노형점, 음식점, 제주특별자치도 제주시 수덕로 13, None, None
스페샬 노형주공점, 음식점, 제주특별자치도 제주시 정존11길 54, None, None
24시얼큰시원생고기김치찌개 노형점, 음식점, 제주특별자치도 제주시 수덕5길 5, None, None
바르메, 음식점, 제주특별자치도 제주시 정존13길 17, None, None
나우로우베이크샵, 음식점, 제주특별자치도 제주시 수덕9길 20, None, None
족발귀신 제주본점, 음식점, 제주특별자치도 제주시 수덕7길 14, None, None
치르메스치킨 제주노형점, 음식점, 제주특별자치도 제주시 정존11길 22, None, None
제주명월집, 음식점, 제주특별자치도 제주시 수덕7길 14, None, None
칭쯔지, 음식점, 제주특별자치도 제주시 수덕7길 14, None, None
대패가1900 제주노형점, 음식점, 제주특별자치도 제주시 수덕7길 14, None, None
돼지주식회사, 음식점, 제주특별자치도 제주시 정존13길 17, None, None
아웃백스테이크하우스 제주점, 음식점, 제주특별자치도 제주시 노형로 407, None, None
가든업, 음식점, 제주특별자치도 제주시 수덕3길 2, None, None
힛업, 음식점, 제주특별자치도 제주시 월랑로 9, None, None
바른치킨 노형직영점, 음식점, 제주특별자치도 제주시 월랑로 12, None, None
미스앤미스터포테이토 제주노형롯데시네마점, 음식점, 제주특별자치도 제주시 노형로 407, None, None
디자이너케익 제주점, 음식점, 제주특별자치도 제주시 노형로 407, None, None
허니비어 노형점, 음식점, 제주특별자치도 제주시 노형로 407, None, None
바다를본돼지 제주공항점, 음식점, 제주특별자치도 제주시 정존15길 42, None, None
슌앤스시, 음식점, 제주특별자치도 제주시 수덕로 4, None, None
명륜진사갈비 제주노형점, 음식점, 제주특별자치도 제주시 월랑로 35, None, None
샤브향 신제주점, 음식점, 제주특별자치도 제주시 월랑로 30, None, None
제주불고기, 음식점, 제주특별자치도 제주시 월랑로6길 5, None, None
제불, 음식점, 제주특별자치도 제주시 월랑로6길 5, None, None
피자런 신제주점, 음식점, 제주특별자치도 제주시 정존15길 33, None, None
마라양꼬치 2호점, 음식점, 제주특별자치도 제주시 월랑로 31, None, None
카페띠아모 제주북노형점, 음식점, 제주특별자치도 제주시 월랑로8길 1, None, None
일등본가, 음식점, 제주특별자치도 제주시 수덕9길 4, None, None
제홀스, 음식점, 제주특별자치도 제주시 월랑로 29, None, None
알빠, 음식점, 제주특별자치도 제주시 정존15길 33, None, None
파리바게뜨 제주노형백록점, 음식점, 제주특별자치도 제주시 월랑로 39, None, None
이운소나이국수 노형점, 음식점, 제주특별자치도 제주시 다랑곶2길 27, None, None
가시어멍김밥 제주본점, 음식점, 제주특별자치도 제주시 월랑로 36, None, None
다다미, 음식점, 제주특별자치도 제주시 월랑로 30, None, None
부가네얼큰이 노형점, 음식점, 제주특별자치도 제주시 월랑로8길 1, None, None
짚동가리쌩주 제주노형점, 음식점, 제주특별자치도 제주시 월랑로10길 2, None, None
제주돔베고기집, 음식점, 제주특별자치도 제주시 월랑로4길 6, None, None
라원양꼬치, 음식점, 제주특별자치도 제주시 월랑로4길 6, None, None
써니꼬마김밥 노형점, 음식점, 제주특별자치도 제주시 월랑로4길 13, None, None
60계 제주노형점, 음식점, 제주특별자치도 제주시 다랑곶1길 16, None, None
인쌩맥주 노형오거리점, 음식점, 제주특별자치도 제주시 다랑곶1길 9, None, None
땅스부대찌개 제주노형점, 음식점, 제주특별자치도 제주시 월랑로 12, None, None
단골손님 제주노형점, 음식점, 제주특별자치도 제주시 월랑로4길 3, None, None
소맥점빵앤펍, 음식점, 제주특별자치도 제주시 월랑로4길 3, None, None
돈따발 석쇠숯불고기, 음식점, 제주특별자치도 제주시 월랑로4길 13, None, None
오닉스바, 음식점, 제주특별자치도 제주시 월랑로 16, None, None
무한조개야, 음식점, 제주특별자치도 제주시 다랑곶2길 4, None, None
용팔이막창 노형점, 음식점, 제주특별자치도 제주시 월랑로4길 17, None, None
불타는오징어, 음식점, 제주특별자치도 제주시 다랑곶길 13, None, None
산적, 음식점, 제주특별자치도 제주시 월랑로4길 17, None, None
오규동 노형점, 음식점, 제주특별자치도 제주시 다랑곶4길 22, None, None
황금돼지등갈비, 음식점, 제주특별자치도 제주시 월랑로4길 17, None, None
식당마요네즈, 음식점, 제주특별자치도 제주시 다랑곶3길 18, None, None
밥자, 음식점, 제주특별자치도 제주시 다랑곶2길 26, None, None
물만난고기, 음식점, 제주특별자치도 제주시 다랑곶4길 24, None, None
별오름 노형점, 음식점, 제주특별자치도 제주시 1100로 3213-27, None, None
교촌치킨 한라대점, 음식점, 제주특별자치도 제주시 한라대학로 114, None, None
하루나, 음식점, 제주특별자치도 제주시 한라대학로 97, None, None
원조산고을칼국수 본점, 음식점, 제주특별자치도 제주시 진군남4길 5, None, None
바토라브와르, 음식점,  제주특별자치도 제주시 노형동 718 1동 1층, None, None
뽕짜탕앤퓨전포차, 음식점, 제주특별자치도 제주시 한라대학로 95, None, None
뉴욕뉴욕, 음식점, 제주특별자치도 제주시 1100로 3213-27, None, None
국시트멍, 음식점, 제주특별자치도 제주시 진군길 31-3, None, None
엉클통김밥 노형점, 음식점, 제주특별자치도 제주시 1100로 3283, None, None
이가, 음식점, 제주특별자치도 제주시 진군1길 17, None, None
천장어 제주점, 음식점, 제주특별자치도 제주시 진군1길 15, None, None
못난이찹쌀꽈배기 제주노형점, 음식점, 제주특별자치도 제주시 진군1길 7, None, None
피제이피자 제주1호점, 음식점, 제주특별자치도 제주시 진군1길 8, None, None
주민상회 제주한라대점, 음식점, 제주특별자치도 제주시 진군길 50, None, None
월드면 신제주점, 음식점, 제주특별자치도 제주시 진군1길 6, None, None
픽미픽미아이스 제주노형점, 음식점, 제주특별자치도 제주시 진군길 44, None, None
집밥홍선생, 음식점, 제주특별자치도 제주시 진군1길 6, None, None
보엠, 음식점, 제주특별자치도 제주시 원노형로 102, None, None
피자마루 제주연동점, 음식점, 제주특별자치도 제주시 과원북2길 18, None, None
김준호의대단한갈비 제주노형점, 음식점, 제주특별자치도 제주시 과원로 27, None, None
오키니, 음식점, 제주특별자치도 제주시 연화로2길 8, None, None
굽네치킨 한라초점, 음식점, 제주특별자치도 제주시 연화로3길 3-1, None, None
자가제빵선명희피자 신제주점, 음식점, 제주특별자치도 제주시 연화로2길 8, None, None
화양양, 음식점, 제주특별자치도 제주시 연화로4길 2, None, None
오마뎅 연동점, 음식점, 제주특별자치도 제주시 연화로 41, None, None
집밥뚝딱 한라초등학교점, 음식점, 제주특별자치도 제주시 연화로 39, None, None
한라생돈, 음식점, 제주특별자치도 제주시 연화중길 7, None, None
돈잇수다, 음식점, 제주특별자치도 제주시 연화로2길 17-7, None, None
명태골 연동점, 음식점, 제주특별자치도 제주시 연화중길 10, None, None
정직유부 제주연동점, 음식점, 제주특별자치도 제주시 연화로1길 9, None, None
백세장수설렁탕, 음식점, 제주특별자치도 제주시 연화로1길 7, None, None
우쿠야 신연동점, 음식점, 제주특별자치도 제주시 연화로1길 9, None, None
탐라국바비큐, 음식점, 제주특별자치도 제주시 연화로1길 7, None, None
그라나다, 음식점, 제주특별자치도 제주시 1100로 3308, None, None
유중현국수, 음식점, 제주특별자치도 제주시 연북로 1, None, None
보네스뻬 제주점, 음식점, 제주특별자치도 제주시 연북로 1, None, None
도미노피자 제주노형점, 음식점, 제주특별자치도 제주시 연북로 18, None, None
롯데리아 신제주점, 음식점, 제주특별자치도 제주시 연북로 22, None, None
국밥생각 노형점, 음식점, 제주특별자치도 제주시 과원북4길 17, None, None
형제술상, 음식점, 제주특별자치도 제주시 원노형로 93, None, None
신마라본색 제주1호점, 음식점, 제주특별자치도 제주시 과원북4길 17, None, None
샐러디 제주노형점, 음식점, 제주특별자치도 제주시 연북로 24, None, None
바르다김선생 제주연동신시가지점, 음식점, 제주특별자치도 제주시 연북로 24, None, None
한라생얼큰이 노형점, 음식점, 제주특별자치도 제주시 과원북4길 9, None, None
참치향, 음식점, 제주특별자치도 제주시 연북로 20, None, None
조스테이크 제주점, 음식점, 제주특별자치도 제주시 연북로 24, None, None
고기대박집우방, 음식점, 제주특별자치도 제주시 연북로 15, None, None
등촌샤브칼국수, 음식점, 제주특별자치도 제주시 원노형2길 29-11, None, None
막둥이횟집, 음식점, 제주특별자치도 제주시 원노형6길 12-3, None, None
스시제주, 음식점, 제주특별자치도 제주시 원노형남1길 16, None, None
돈짬 노형점, 음식점, 제주특별자치도 제주시 1100로 3320, None, None
춘리마라탕 드림타워점, 음식점, 제주특별자치도 제주시 원노형2길 20, None, None
연남물갈비 제주노형점, 음식점, 제주특별자치도 제주시 1100로 3334, None, None
까망꼬숑, 음식점, 제주특별자치도 제주시 노형12길 23, None, None
컨터, 음식점, 제주특별자치도 제주시 원노형2길 29-6, None, None
버거트레인, 음식점, 제주특별자치도 제주시 1100로 3342, None, None
백스비어 제주노형점, 음식점, 제주특별자치도 제주시 원노형남1길 16, None, None
에그셀런트 제주노형점, 음식점, 제주특별자치도 제주시 원노형남1길 11, None, None
포커페이스홀덤펍 노형점, 음식점, 제주특별자치도 제주시 원노형6길 29, None, None
청담이상 신제주점, 음식점, 제주특별자치도 제주시 원노형로 66, None, None
징기스 신제주점, 음식점, 제주특별자치도 제주시 원노형로 65, None, None
파리바게뜨 제주연동2호점, 음식점, 제주특별자치도 제주시 원노형남2길 35, None, None
소북경, 음식점, 제주특별자치도 제주시 원노형로 54, None, None
돼지촌, 음식점, 제주특별자치도 제주시 원노형남1길 28, None, None
제주등뼈가 노형본점, 음식점, 제주특별자치도 제주시 원노형남1길 24, None, None
전포여관, 음식점, 제주특별자치도 제주시 원노형남1길 23, None, None
삼다돈, 음식점, 제주특별자치도 제주시 원노형남1길 27, None, None
파페로, 음식점, 제주특별자치도 제주시 원노형6길 14, None, None
피자탑 신제주점, 음식점, 제주특별자치도 제주시 원노형6길 22, None, None
명륜진사갈비 제주연동점, 음식점, 제주특별자치도 제주시 원노형로 54, None, None
랜돌프비어 인 제주, 음식점, 제주특별자치도 제주시 원노형로 53, None, None
크라운호프 원노형점, 음식점, 제주특별자치도 제주시 원노형로 54, None, None
아비꼬 제주노형점, 음식점, 제주특별자치도 제주시 원노형로 48, None, None
송주불냉면&칼국수, 음식점, 제주특별자치도 제주시 원노형남1길 31-1, None, None
앙금소랑, 음식점, 제주특별자치도 제주시 원노형8길 17-1, None, None
일차돌 노형점, 음식점, 제주특별자치도 제주시 원노형남1길 38, None, None
완벽한인생 제주노형점, 음식점, 제주특별자치도 제주시 원노형남1길 33, None, None
취미생활, 음식점, 제주특별자치도 제주시 원노형로 50, None, None
은림성, 음식점, 제주특별자치도 제주시 원노형로 54, None, None
두끼떡볶이 제주노형점, 음식점, 제주특별자치도 제주시 연북로 48, None, None
BHC치킨 신연동점, 음식점, 제주특별자치도 제주시 연화로 16, None, None
개정 노형점, 음식점, 제주특별자치도 제주시 과원북4길 29, None, None
앤티앤스프레즐 제주노형점, 음식점, 제주특별자치도 제주시 연북로 48, None, None
금화왕돈까스 노형점, 음식점, 제주특별자치도 제주시 연북로 48, None, None
치킨더홈 제주노형점, 음식점, 제주특별자치도 제주시 연북로 41, None, None
바삭돈가스, 음식점, 제주특별자치도 제주시 과원북4길 61, None, None
도도름 신시가지점, 음식점, 제주특별자치도 제주시 과원북4길 61, None, None
치킨매니아 연동노형점, 음식점, 제주특별자치도 제주시 과원북4길 57, None, None
대성아귀찜 신제주점, 음식점, 제주특별자치도 제주시 원노형10길 38, None, None
스시렌, 음식점, 제주특별자치도 제주시 원노형10길 36, None, None
세컨디포레스트 제주점, 음식점, 제주특별자치도 제주시 원노형10길 32, None, None
스탁, 음식점, 제주특별자치도 제주시 원노형10길 34, None, None
뚜뿔한우, 음식점, 제주특별자치도 제주시 원노형10길 34, None, None
담이자카야, 음식점, 제주특별자치도 제주시 연동4길 36, None, None
호박이네, 음식점, 제주특별자치도 제주시 신광로10길 21, None, None
친절한선미씨, 음식점, 제주특별자치도 제주시 연동4길 36, None, None
제제김밥, 음식점, 제주특별자치도 제주시 원노형로 43-1, None, None
통김치찌개, 음식점, 제주특별자치도 제주시 원노형10길 20, None, None
프랭크버거 제주연동노형점, 음식점, 제주특별자치도 제주시 원노형로 51, None, None
김밥이보약, 음식점, 제주특별자치도 제주시 원노형남1길 45, None, None
꿀꿀이대패파삼, 음식점, 제주특별자치도 제주시 원노형10길 20, None, None
술한상, 음식점, 제주특별자치도 제주시 신광로10길 25, None, None
해빈촌, 음식점, 제주특별자치도 제주시 신광로10길 26, None, None
영재숯불갈비, 음식점, 제주특별자치도 제주시 신광로10길 23, None, None
해피소울라운지, 음식점, 제주특별자치도 제주시 신광로10길 27, None, None
아취, 음식점, 제주특별자치도 제주시 신광로10길 22, None, None
하시야, 음식점, 제주특별자치도 제주시 신광로10길 18, None, None
섬마을, 음식점, 제주특별자치도 제주시 신광로10길 17, None, None
김순례닭강정 신제주점, 음식점, 제주특별자치도 제주시 연동4길 22, None, None
머믈, 음식점, 제주특별자치도 제주시 연동4길 16, None, None
청보리, 음식점, 제주특별자치도 제주시 연동4길 29, None, None
살롱, 음식점, 제주특별자치도 제주시 신광로10길 18, None, None
버거킹 제주노형점, 음식점, 제주특별자치도 제주시 도령로 20, None, None
혹시, 음식점, 제주특별자치도 제주시 원노형3길 40, None, None
제주드림타워 그랜드키친, 음식점, 제주특별자치도 제주시 노연로 12, None, None
삼송빵집 신제주점, 음식점, 제주특별자치도 제주시 1100로 3348, None, None
밥이보약, 음식점, 제주특별자치도 제주시 도령로 11, None, None
제주드림타워 차이나하우스, 음식점, 제주특별자치도 제주시 노연로 12, None, None
제주핫팟, 음식점, 제주특별자치도 제주시 노연로 12, None, None
제주드림타워 스테이크하우스, 음식점, 제주특별자치도 제주시 노연로 12, None, None
기대만족 신제주점, 음식점, 제주특별자치도 제주시 원노형3길 40, None, None
제주드림타워 녹나무, 음식점, 제주특별자치도 제주시 노연로 12, None, None
유메야마, 음식점, 제주특별자치도 제주시 노연로 12, None, None
제주드림타워 팝업플라자, 음식점, 제주특별자치도 제주시 노연로 12, None, None
요기소바 본점, 음식점, 제주특별자치도 제주시 원노형6길 3-4, None, None
제주돈토랑, 음식점, 제주특별자치도 제주시 원노형6길 3-1, None, None
BBQ 드림타워점, 음식점, 제주특별자치도 제주시 노연로 28, None, None
제주댁, 음식점, 제주특별자치도 제주시 원노형6길 10, None, None
공간뉴제주, 음식점, 제주특별자치도 제주시 원노형6길 2, None, None
대손관 제주노형점, 음식점, 제주특별자치도 제주시 원노형6길 3-2, None, None
붉은동백, 음식점, 제주특별자치도 제주시 노연로 28, None, None
은희네해장국 노형점, 음식점, 제주특별자치도 제주시 원노형로 40, None, None
양대감, 음식점, 제주특별자치도 제주시 원노형로 36, None, None
홋카이도, 음식점, 제주특별자치도 제주시 노연로 42, None, None
수라간떡방, 음식점, 제주특별자치도 제주시 노연로 41, None, None
이삭토스트 제주노형점, 음식점, 제주특별자치도 제주시 노연로 43, None, None
후니참치, 음식점, 제주특별자치도 제주시 노연로 39, None, None
소수의견, 음식점, 제주특별자치도 제주시 원노형8길 2, None, None
일만족발, 음식점, 제주특별자치도 제주시 원노형로 42, None, None
청년피자 신제주점, 음식점, 제주특별자치도 제주시 원노형8길 6, None, None
순수치킨 신제주점, 음식점, 제주특별자치도 제주시 노연로 37-1, None, None
제철별미횟집, 음식점, 제주특별자치도 제주시 원노형3길 28, None, None
탱테일, 음식점, 제주특별자치도 제주시 원노형5길 19, None, None
골목돼지, 음식점, 제주특별자치도 제주시 원노형7길 3, None, None
제주마음, 음식점, 제주특별자치도 제주시 원노형3길 15, None, None
트로이 홀덤펍, 음식점, 제주특별자치도 제주시 원노형로 22, None, None
로드22, 음식점, 제주특별자치도 제주시 원노형로 22, None, None
순살만공격 신제주점, 음식점, 제주특별자치도 제주시 다랑곶길 26-1, None, None
힐링푸드, 음식점, 제주특별자치도 제주시 월랑로2길 22, None, None
김서방네황금객주, 음식점, 제주특별자치도 제주시 다랑곶4길 20, None, None
돼돼손손만두, 음식점, 제주특별자치도 제주시 월랑로2길 21, None, None
샐러드바스켓 제주점, 음식점, 제주특별자치도 제주시 월랑로2길 26-1, None, None
탭하우스더코너, 음식점, 제주특별자치도 제주시 도령로 27, None, None
호꼴락쪼꼴락 붕어빵, 음식점,  제주특별자치도 제주시 노형동 1292-10, None, None
테그42 노형점, 음식점, 제주특별자치도 제주시 월랑로2길 26-1, None, None
더회전훠궈, 음식점, 제주특별자치도 제주시 노연로 55, None, None
숙성도F&B, 음식점, 제주특별자치도 제주시 노연로 48, None, None
십원향, 음식점, 제주특별자치도 제주시 원노형로 23, None, None
물팡과허벅, 음식점, 제주특별자치도 제주시 원노형로 35, None, None
서자매김밥, 음식점, 제주특별자치도 제주시 원노형로 41-1, None, None
문희영해물아구찜, 음식점, 제주특별자치도 제주시 연동4길 6-7, None, None
돈풍, 음식점, 제주특별자치도 제주시 원노형로 23, None, None
라무진 신제주점, 음식점, 제주특별자치도 제주시 원노형로 35, None, None
숙성1프로, 음식점, 제주특별자치도 제주시 원노형3길 6, None, None
청담피자 신제주점, 음식점, 제주특별자치도 제주시 연동4길 6-12, None, None
다사랑치킨피자 신제주점, 음식점, 제주특별자치도 제주시 노연로 48, None, None
쿠킹차일드, 음식점, 제주특별자치도 제주시 원노형로 35-3, None, None
바랗, 음식점, 제주특별자치도 제주시 원노형로 37, None, None
제이앤비, 음식점, 제주특별자치도 제주시 원노형3길 6, None, None
탠탠하오 제주본가, 음식점, 제주특별자치도 제주시 노연로 48, None, None
비랗, 음식점, 제주특별자치도 제주시 원노형로 37, None, None
제주한라대학교, 학교, 제주특별자치도 제주시 한라대학로 38, 10, 5.0
노형중학교, 학교, 제주특별자치도 제주시 노형1길 28, 2, 4.0
제주제일고등학교, 학교, 제주특별자치도 제주시 진군길 22, 4, 4.0
제주제일고등학교부설방송통신고등학교, 학교, 제주특별자치도 제주시 진군길 22, 1, 0.0
노형초등학교, 학교, 제주특별자치도 제주시 노형로 383, 0, 3.0
한국방송통신대학교 제주지역대학, 학교, 제주특별자치도 제주시 정존7길 34, 0, 0.0
노형초등학교 병설유치원, 어린이집/유치원, 제주특별자치도 제주시 노형로 383, 1, 0.0
지진실내구호소 노형초등학교, 학교, 제주특별자치도 제주시 노형로 383, 0, 0.0
한라초등학교, 학교, 제주특별자치도 제주시 연화로 42, 0, 3.0
한라중학교, 학교, 제주특별자치도 제주시 과원북2길 24, 0, 2.0
제주고등학교, 학교, 제주특별자치도 제주시 1100로 3213, 2, 5.0
불광 포교원, 사찰, 제주특별자치도 제주시 광평길 19, 0, 0.0
한라아트홀 대극장, 문화시설, 제주특별자치도 제주시 한라대학로 38, 3, 0.0
KT&G 제주아틀리에, 문화시설, 제주특별자치도 제주시 연북로 33, 0, 0.0
아벡아트홀, 문화시설, 제주특별자치도 제주시 진군1길 15, None, None
뜨레모아7차, 아파트, 제주특별자치도 제주시 광평중길 65-1, 40, 0.0
뜨레모아10차, 아파트, 제주특별자치도 제주시 방일4길 46, 32, 0.0
노형이편한세상아파트, 아파트, 제주특별자치도 제주시 수덕로 78, 350, 0.0
뜨레모아8차, 아파트, 제주특별자치도 제주시 광평중길 65, 56, 0.0
노형탐라빌아파트, 아파트, 제주특별자치도 제주시 수덕9길 72, 124, 0.0
세기7차아파트, 아파트, 제주특별자치도 제주시 정존3길 34, 96, 0.0
세방아파트, 아파트, 제주특별자치도 제주시 정존9길 32-4, 76, 0.0
노형영진2차아파트, 아파트, 제주특별자치도 제주시 수덕5길 72, 48, 0.0
헤레스노형아파트, 아파트, 제주특별자치도 제주시 정존3길 26, 29, 0.0
노형맨션, 아파트, 제주특별자치도 제주시 정존3길 12, 49, 0.0
풍성웰빙파크아파트, 아파트, 제주특별자치도 제주시 정존3길 11, 36, 0.0
삼환5차아파트, 아파트, 제주특별자치도 제주시 수덕5길 49, 19, 0.0
수덕아파트, 아파트, 제주특별자치도 제주시 수덕5길 54, 19, 0.0
성림미래안아파트, 아파트, 제주특별자치도 제주시 수덕로 75, 14, 0.0
노형지산위더스빌아파트, 아파트, 제주특별자치도 제주시 수덕5길 66, 24, 0.0
노형맨션아파트, 아파트, 제주특별자치도 제주시 정존3길 12, 49, 0.0
노형2차아이파크아파트, 아파트, 제주특별자치도 제주시 노형12길 24, 174, 0.0
인텔리전트한빛아파트, 아파트, 제주특별자치도 제주시 1100로 3349, 108, 0.0
노형뜨란채아파트, 아파트, 제주특별자치도 제주시 수덕로 44, 1068, 0.0
노형수선화아파트, 아파트, 제주특별자치도 제주시 수덕로 25, 120, 0.0
노형삼환2차아파트, 아파트, 제주특별자치도 제주시 정존11길 35, 95, 0.0
대원상록수5차아파트, 아파트, 제주특별자치도 제주시 수덕9길 48, 49, 0.0
온산2차아파트, 아파트, 제주특별자치도 제주시 수덕11길 34, 19, 0.0
세기2차아파트, 아파트, 제주특별자치도 제주시 다랑곶2길 8, 35, 0.0
노형세기6차아파트, 아파트, 제주특별자치도 제주시 다랑곶1길 16, 82, 0.0
세기4차아파트, 아파트, 제주특별자치도 제주시 다랑곶4길 25, 40, 0.0
노형영진아파트, 아파트, 제주특별자치도 제주시 정존13길 23, 49, 0.0
노형동덕아파트, 아파트, 제주특별자치도 제주시 정존11길 30, 65, 0.0
노형세기3차아파트, 아파트, 제주특별자치도 제주시 수덕3길 9, 49, 0.0
노형세기1차아파트, 아파트, 제주특별자치도 제주시 수덕5길 2, 56, 0.0
미듬리드빌아파트, 아파트, 제주특별자치도 제주시 수덕5길 13, 63, 0.0
영보2차아파트, 아파트, 제주특별자치도 제주시 정존11길 17, 39, 0.0
노형대원상록수1차아파트, 아파트, 제주특별자치도 제주시 수덕7길 9, 40, 0.0
주원라비앙아파트, 아파트, 제주특별자치도 제주시 수덕7길 7, 28, 0.0
노블레스아파트, 아파트, 제주특별자치도 제주시 수덕9길 11, 40, 0.0
노형이화2차아파트, 아파트, 제주특별자치도 제주시 수덕로 13, 30, 0.0
영보3차아파트, 아파트, 제주특별자치도 제주시 정존11길 4, 14, 0.0
정원파인즈15차아파트, 아파트, 제주특별자치도 제주시 정존13길 11, 28, 0.0
뜨레모아5차, 아파트, 제주특별자치도 제주시 1100로 3213-15, 40, 0.0
부영2차아파트, 아파트, 제주특별자치도 제주시 과원로 11, 710, 0.0
중흥S클래스아파트, 아파트, 제주특별자치도 제주시 한라대학로 107, 372, 0.0
부영5차아파트, 아파트, 제주특별자치도 제주시 과원북2길 12, 384, 0.0
으뜸마을아파트, 아파트, 제주특별자치도 제주시 진군1길 3, 420, 0.0
뜨레모아6차, 아파트, 제주특별자치도 제주시 진군남4길 7-7, 48, 0.0
대림2차e편한세상아파트, 아파트, 제주특별자치도 제주시 연화로 25, 22, 0.0
부영3차아파트, 아파트, 제주특별자치도 제주시 과원로 27, 240, 0.0
노형아이파크아파트, 아파트, 제주특별자치도 제주시 원노형로 90, 247, 0.0
노형벨라시티아파트, 아파트, 제주특별자치도 제주시 1100로 3332, 96, 0.0
해모루아파트, 아파트, 제주특별자치도 제주시 원노형2길 33, 32, 0.0
노형해든빌아파트, 아파트, 제주특별자치도 제주시 원노형2길 38, 34, 0.0
경진아트빌아파트, 아파트, 제주특별자치도 제주시 원노형2길 36, 47, 0.0
동마아파트, 아파트, 제주특별자치도 제주시 원노형2길 33-1, 18, 0.0
해마루아파트, 아파트, 제주특별자치도 제주시 원노형6길 31-13, 10, 0.0
아델리안오피스텔, 아파트, 제주특별자치도 제주시 연북로 24, 49, 0.0
대림1차e편한세상아파트, 아파트, 제주특별자치도 제주시 국기로 14, 440, 0.0
해오름아파트, 아파트, 제주특별자치도 제주시 연화로 16, 346, 0.0
부영1차아파트, 아파트, 제주특별자치도 제주시 원노형로 93, 438, 0.0
유나이티드아파트, 아파트, 제주특별자치도 제주시 원노형10길 28, 197, 0.0
노형해모로루엔아파트, 아파트, 제주특별자치도 제주시 원노형10길 20, 157, 0.0
디지털한빛아파트, 아파트, 제주특별자치도 제주시 연동4길 32, 102, 0.0
연동뜨레모아아파트, 아파트, 제주특별자치도 제주시 연동4길 36, 84, 0.0
연동에코그린오피스텔, 아파트, 제주특별자치도 제주시 연북로 70, 45, 0.0
에코빌리지아파트, 아파트, 제주특별자치도 제주시 노연로 30, 60, 0.0
재영샤르빌아파트, 아파트, 제주특별자치도 제주시 원노형5길 34, 56, 0.0
엘리시아아파트, 아파트, 제주특별자치도 제주시 원노형5길 28, 36, 0.0
에이스아크로빌아파트, 아파트, 제주특별자치도 제주시 원노형5길 30, 17, 0.0
일호지오빌아파트, 아파트, 제주특별자치도 제주시 노연로 15, 28, 0.0
재형샤르빌아파트, 아파트, 제주특별자치도 제주시 원노형8길 2, 38, 0.0
세원멤버스노형1차아파트, 아파트, 제주특별자치도 제주시 원노형3길 13, 24, 0.0
영보아파트, 아파트, 제주특별자치도 제주시 원노형로 36, 16, 0.0
송우수자인아파트, 아파트, 제주특별자치도 제주시 원노형5길 20, 35, 0.0
노형아르모빌아파트, 아파트, 제주특별자치도 제주시 원노형3길 38, 24, 0.0
노형벽강하이본타워7차아파트, 아파트, 제주특별자치도 제주시 원노형로 35-2, 79, 0.0
연동백강스위트엠1아파트, 아파트, 제주특별자치도 제주시 연동4길 12-12, 73, 0.0
송우수자인아파트, 아파트, 제주특별자치도 제주시 원노형로 35, 35, 0.0
에코피아아파트, 아파트, 제주특별자치도 제주시 노연로 50, 35, 0.0
굿윌카운티아파트, 아파트, 제주특별자치도 제주시 연동4길 6-12, 54, 0.0
뜨레모아3차아파트, 아파트, 제주특별자치도 제주시 진군남4길 28, 28, 0.0
노형위더스빌아파트, 아파트, 제주특별자치도 제주시 수덕3길 43, 16, 0.0
지산11차위더스빌아파트, 아파트, 제주특별자치도 제주시 정존5길 27, 14, 0.0
서부파크빌아파트, 아파트, 제주특별자치도 제주시 수덕9길 73, 19, 0.0
노형대유아파트, 아파트, 제주특별자치도 제주시 수덕로 43, 54, 0.0
서부빌라트, 아파트, 제주특별자치도 제주시 정존7길 35, 16, 0.0
정든마을1단지아파트, 아파트, 제주특별자치도 제주시 정존11길 54, 620, 0.0
계림아파트, 아파트, 제주특별자치도 제주시 수덕9길 20, 94, 0.0
대왕아파트, 아파트, 제주특별자치도 제주시 수덕7길 14, 38, 0.0
노형삼환1차아파트, 아파트, 제주특별자치도 제주시 다랑곶길 15, 27, 0.0
제동프린스빌아파트, 아파트, 제주특별자치도 제주시 다랑곶길 10, 15, 0.0
한화아파트, 아파트, 제주특별자치도 제주시 원노형로 102, 234, 0.0
이화아파트, 아파트, 제주특별자치도 제주시 수덕5길 44, None, 0.0
한양아파트, 아파트, 제주특별자치도 제주시 정존5길 17, None, 0.0
덕진웰리브아파트, 아파트, 제주특별자치도 제주시 수덕9길 12, None, 0.0
대림아파트, 아파트, 제주특별자치도 제주시 다랑곶4길 9, None, 0.0
