다랑쉬, 카페, 제주특별자치도 제주시 용문로21길 4, 138, 4.1
스쿠피케이크, 카페, 제주특별자치도 제주시 용문로 145, 16, 5.0
레인보울, 카페, 제주특별자치도 제주시 용화로 54, 11, 5.0
터미널, 카페, 제주특별자치도 제주시 서광로 174, 209, 2.7
장호다방, 카페, 제주특별자치도 제주시 서광로 206-1, 0, 0.0
제주소년블루스, 카페, 제주특별자치도 제주시 서사로22길 2, 0, 0.0
무상찻집, 카페, 제주특별자치도 제주시 서광로5길 10, 81, 4.7
스팟커피빈벤더스, 카페, 제주특별자치도 제주시 서광로3길 11-1, 2, 5.0
이디야커피 제주삼도점, 카페, 제주특별자치도 제주시 서사로 90, 1, 5.0
레이지커피, 카페, 제주특별자치도 제주시 서광로11길 14, 35, 4.5
아일랜드프로젝트, 카페, 제주특별자치도 제주시 전농로 29, 28, 4.1
오삼커피바, 카페, 제주특별자치도 제주시 서광로13길 11, 25, 4.8
훕, 카페, 제주특별자치도 제주시 전농로 54-1, 1, 5.0
커피다, 카페, 제주특별자치도 제주시 서광로 197-1, 0, 3.7
벌크커피 제주삼도점, 카페, 제주특별자치도 제주시 서광로11길 19, 0, 0.0
로제뜨, 카페, 제주특별자치도 제주시 서사로20길 4, 1, 5.0
뜰방다방, 카페, 제주특별자치도 제주시 서광로13길 9, 0, 0.0
귀인, 카페, 제주특별자치도 제주시 서사로 126, 0, 0.0
해피데이, 카페, 제주특별자치도 제주시 서광로 193, 0, 0.0
카페온제, 카페, 제주특별자치도 제주시 용담일동 306-23 1층, 3, 5.0
부띠크아바, 카페, 제주특별자치도 제주시 남성로 75, 0, 5.0
어피니티, 카페, 제주특별자치도 제주시 남성로 78, 1, 4.2
영영카페, 카페, 제주특별자치도 제주시 서문로 1, 0, 0.0
더벌브, 카페, 제주특별자치도 제주시 남성로 129, 4, 5.0
생각집, 카페, 제주특별자치도 제주시 서사로12길 45, 0, 0.0
카페하나, 카페, 제주특별자치도 제주시 서사로 40, 0, 0.0
리듬앤브루스, 카페, 제주특별자치도 제주시 무근성7길 11, 65, 4.1
카페판, 카페, 제주특별자치도 제주시 무근성길 29-2, 11, 4.1
테이스트제주, 카페, 제주특별자치도 제주시 탑동로 115-2, 0, 5.0
금호다방, 카페, 제주특별자치도 제주시 서문로 76, 0, 0.0
피프스페이스, 카페, 제주특별자치도 제주시 흥운길 25-3, 4, 5.0
카페궤가슬, 카페, 제주특별자치도 제주시 서문로4길 12-2, 0, 0.0
다인휴게실, 카페, 제주특별자치도 제주시 서문로 68, 0, 0.0
일광다방, 카페, 제주특별자치도 제주시 서사로 10, 0, 0.0
부록카페, 카페, 제주특별자치도 제주시 서문로5길 14, 0, 0.0
미소다방, 카페, 제주특별자치도 제주시 탑동로 140, 0, 0.0
테이카웃마씸, 카페, 제주특별자치도 제주시 서문로 57, 0, 0.0
궤가슬카페 (휴업중), 카페, 제주특별자치도 제주시 서문로4길 12-2, 0, 0.0
카페드알라딘, 카페, 제주특별자치도 제주시 흥운길 61, 0, 0.0
리베라떼, 카페, 제주특별자치도 제주시 서사로 155, 1, 0.0
푸른산, 카페, 제주특별자치도 제주시 서광로 242-2, 0, 0.0
정자나무다방, 카페, 제주특별자치도 제주시 서광로 242-2, 0, 0.0
소은, 카페, 제주특별자치도 제주시 전농로 73-2, 30, 4.9
별, 카페, 제주특별자치도 제주시 서사로 95, 0, 0.0
나우커피 제주삼도점, 카페, 제주특별자치도 제주시 서광로25길 3, 1, 3.0
여우별, 카페, 제주특별자치도 제주시 서사로 127, 0, 5.0
소금인형, 카페, 제주특별자치도 제주시 전농로 109, 0, 0.0
르샹스, 카페, 제주특별자치도 제주시 서광로 219, 0, 0.0
홍랑길3413, 카페, 제주특별자치도 제주시 홍랑길 34-13, 0, 0.0
드롭탑 제주삼성점, 카페, 제주특별자치도 제주시 광양1길 2, 2, 3.3
옥다방, 카페, 제주특별자치도 제주시 광양2길 34, 0, 0.0
공예가있는찻집하늘, 카페, 제주특별자치도 제주시 동광로1길 23, 0, 0.0
양파, 카페, 제주특별자치도 제주시 서광로29길 11, 0, 0.0
달밤솔숲에바람지나가는소리, 카페, 제주특별자치도 제주시 전농로 113, 0, 0.0
자운도자기카페, 카페, 제주특별자치도 제주시 동광로1길 23, 0, 0.0
카페카페, 카페, 제주특별자치도 제주시 전농로 113, 0, 0.0
우무 2호점, 카페, 제주특별자치도 제주시 관덕로8길 40-1, 227, 3.4
녹원전통찻집, 카페, 제주특별자치도 제주시 중앙로 122-2, 1, 4.0
락희다방, 카페, 제주특별자치도 제주시 서사로 77, 0, 0.0
가희카페, 카페, 제주특별자치도 제주시 남성로 141, 0, 0.0
띵꽁빵꽁, 카페, 제주특별자치도 제주시 중앙로 125-1, 0, 0.0
아름다운커피, 카페, 제주특별자치도 제주시 중앙로 120, 0, 0.0
누옥, 카페, 제주특별자치도 제주시 삼성로5길 21-1, 76, 4.1
선라이즈 제주 칼 호텔, 카페, 제주특별자치도 제주시 중앙로 151, 0, 3.0
민다방, 카페, 제주특별자치도 제주시 중앙로 140, 0, 0.0
간세라운지, 카페, 제주특별자치도 제주시 관덕로8길 7-9, 8, 4.5
윤재커피, 카페, 제주특별자치도 제주시 중앙로12길 1, 46, 4.9
카페단단, 카페, 제주특별자치도 제주시 관덕로4길 1-6, 52, 4.8
센잇, 카페, 제주특별자치도 제주시 관덕로8길 13, 185, 3.7
풍류 아일랜드 팩토리, 카페, 제주특별자치도 제주시 관덕로8길 31, 25, 4.5
무근성양과점, 카페, 제주특별자치도 제주시 중앙로8길 33, 12, 5.0
감성카페심지, 카페, 제주특별자치도 제주시 칠성로길 8, 2, 4.5
커피나무, 카페, 제주특별자치도 제주시 중앙로14길 25, 1, 5.0
카페허그, 카페, 제주특별자치도 제주시 관덕로 16-1, 2, 4.8
토리노카페, 카페, 제주특별자치도 제주시 관덕로 41, 7, 4.7
드롭플렛, 카페, 제주특별자치도 제주시 관덕로4길 6, 3, 0.0
꼬엥, 카페, 제주특별자치도 제주시 중앙로12길 6, 2, 5.0
커피와수다, 카페, 제주특별자치도 제주시 관덕로2길 16-2, 7, 3.2
재밋섬, 카페, 제주특별자치도 제주시 중앙로14길 18, 0, 0.0
장미카페, 카페, 제주특별자치도 제주시 중앙로 81, 0, 0.0
산도롱앤드또똣, 카페, 제주특별자치도 제주시 중앙로 60, 0, 0.0
섬돌레기, 카페, 제주특별자치도 제주시 관덕로8길 35, 3, 5.0
세라믹클래서즈아트샵커피, 카페, 제주특별자치도 제주시 관덕로6길 13, 0, 0.0
박하다방, 카페, 제주특별자치도 제주시 중앙로 88-6, 0, 0.0
카페체리, 카페, 제주특별자치도 제주시 중앙로 58, 0, 0.0
스타벅스 제주칠성점, 카페, 제주특별자치도 제주시 관덕로 55, 75, 3.9
봉다방, 카페, 제주특별자치도 제주시 중앙로13길 21, 7, 4.0
이디야커피 제주중앙점, 카페, 제주특별자치도 제주시 관덕로13길 2, 3, 3.5
더제이드카페앤펍, 카페, 제주특별자치도 제주시 관덕로15길 7-1, 2, 5.0
77다방, 카페, 제주특별자치도 제주시 관덕로17길 7, 0, 0.0
핑퐁커피 제주칠성점, 카페, 제주특별자치도 제주시 관덕로11길 15, 8, 5.0
카페이스트리, 카페, 제주특별자치도 제주시 관덕로 68, 0, 0.0
휘카페 제주1호점, 카페, 제주특별자치도 제주시 동문로 4, 0, 0.0
아성유통, 카페, 제주특별자치도 제주시 성지로 46-1, 0, 0.0
러브커피숍, 카페, 제주특별자치도 제주시 칠성로길 18-2, 0, 0.0
베어스콘, 카페, 제주특별자치도 제주시 용문로 140, None, None
듀쎄흐, 카페, 제주특별자치도 제주시 용화로 54, None, None
공설, 카페, 제주특별자치도 제주시 공설로 15, None, None
컴포즈커피 제주서사라점, 카페, 제주특별자치도 제주시 서광로 218, None, None
양군의케익한접시, 카페, 제주특별자치도 제주시 서광로 178-10, None, None
시간여행, 카페, 제주특별자치도 제주시 서사로 152, None, None
푸딩푸딩, 카페, 제주특별자치도 제주시 남성로 12, None, None
카페봄봄 삼도점, 카페, 제주특별자치도 제주시 남성로 51, None, None
카페요기, 카페, 제주특별자치도 제주시 전농로 3, None, None
다사로운, 카페, 제주특별자치도 제주시 남성로 32, None, None
달곰푸딩, 카페, 제주특별자치도 제주시 서광로5길 4, None, None
요키, 카페, 제주특별자치도 제주시 남성로2길 4, None, None
아띠마루커피랩, 카페, 제주특별자치도 제주시 서광로 161, None, None
하빌리스 커피로스터스, 카페, 제주특별자치도 제주시 전농로 37, None, None
카페쏘해피, 카페, 제주특별자치도 제주시 서광로13길 32, None, None
머쉬, 카페, 제주특별자치도 제주시 전농로 18, None, None
구들, 카페, 제주특별자치도 제주시 전농로 56, None, None
까치상사, 카페, 제주특별자치도 제주시 전농로 36, None, None
타요키즈카페 제주용담점, 카페, 제주특별자치도 제주시 남성로 75, None, None
썸오브어스 커피 some of us coffee, 카페, 제주특별자치도 제주시 서문로 8, None, None
카페7, 카페, 제주특별자치도 제주시 용문로 168, None, None
카페더문, 카페, 제주특별자치도 제주시 흥운길 7, None, None
디오, 카페, 제주특별자치도 제주시 남성로11길 25, None, None
위트모, 카페, 제주특별자치도 제주시 용화로 61, None, None
미스터커피베어, 카페, 제주특별자치도 제주시 용화로 61, None, None
몽스파 본점, 카페, 제주특별자치도 제주시 서사로 28, None, None
빽다방 제주삼도일동점, 카페, 제주특별자치도 제주시 서사로8길 1, None, None
꽃피는커피, 카페, 제주특별자치도 제주시 남성로 98-1, None, None
고미미, 카페, 제주특별자치도 제주시 북성로 67, None, None
루트17, 카페, 제주특별자치도 제주시 동한두기길 3-16, None, None
카페 더반, 카페, 제주특별자치도 제주시 탑동로 119-1, None, None
커피방아, 카페, 제주특별자치도 제주시 서문로 70, None, None
아꼬아, 카페, 제주특별자치도 제주시 서사로 9, None, None
미쓰베이커, 카페, 제주특별자치도 제주시 서사로 6, None, None
꽃잎, 카페, 제주특별자치도 제주시 서문로 23-1, None, None
온다, 카페, 제주특별자치도 제주시 서광로 236, None, None
서사로 21길, 카페, 제주특별자치도 제주시 서사로21길 16, None, None
272커피, 카페, 제주특별자치도 제주시 서광로 272, None, None
베이징, 카페, 제주특별자치도 제주시 서광로 270, None, None
만사오케이, 카페, 제주특별자치도 제주시 전농로 81, None, None
카페세탁쏘, 카페, 제주특별자치도 제주시 서사로19길 15, None, None
전농로일공일, 카페, 제주특별자치도 제주시 전농로 101, None, None
다소재티하우스, 카페, 제주특별자치도 제주시 전농로 107, None, None
레스페베르, 카페, 제주특별자치도 제주시 전농로 65, None, None
진주카페, 카페, 제주특별자치도 제주시 서사로 103-1, None, None
전농로의오후, 카페, 제주특별자치도 제주시 전농로 75, None, None
카페봄봄 제주삼성점, 카페, 제주특별자치도 제주시 광양2길 35, None, None
나우커피 제주광양점, 카페, 제주특별자치도 제주시 광양6길 2, None, None
순백, 카페, 제주특별자치도 제주시 서광로29길 13, None, None
카페인중독 제주삼성점, 카페, 제주특별자치도 제주시 전농로 119, None, None
향기다방, 카페, 제주특별자치도 제주시 중앙로 184, None, None
영란다방, 카페, 제주특별자치도 제주시 중앙로 188, None, None
동신다방, 카페, 제주특별자치도 제주시 광양4길 2, None, None
갤러리카페, 카페, 제주특별자치도 제주시 전농로 113, None, None
제주팡, 카페, 제주특별자치도 제주시 전농로 114, None, None
카페성지, 카페, 제주특별자치도 제주시 성지로 10, None, None
상향평준화, 카페, 제주특별자치도 제주시 남성로 156, None, None
시나브로, 카페, 제주특별자치도 제주시 남성로 157, None, None
슈푸, 카페, 제주특별자치도 제주시 중앙로 93, None, None
레토픽, 카페, 제주특별자치도 제주시 서사로 35, None, None
팩토리얼 파크, 카페, 제주특별자치도 제주시 남성로 154-2, None, None
황금다방, 카페, 제주특별자치도 제주시 중앙로 117-1, None, None
줄기, 카페, 제주특별자치도 제주시 중앙로24길 22, None, None
옹달샘, 카페, 제주특별자치도 제주시 중앙로 102, None, None
스며듬, 카페, 제주특별자치도 제주시 남성로 153, None, None
카페베네 제주이도일동점, 카페, 제주특별자치도 제주시 고전길 5, None, None
제주와나, 카페, 제주특별자치도 제주시 삼성로9길 30, None, None
카페세모이, 카페, 제주특별자치도 제주시 중앙로19길 29, None, None
차달임, 카페, 제주특별자치도 제주시 오현길 50, None, None
갤러리 오현단길, 카페, 제주특별자치도 제주시 중앙로21길 18, None, None
황까페, 카페, 제주특별자치도 제주시 중앙로 140, None, None
로비라운지, 카페, 제주특별자치도 제주시 중앙로 151, None, None
5커스트, 카페, 제주특별자치도 제주시 오현길 41-1, None, None
순아, 카페, 제주특별자치도 제주시 관덕로 32-1, None, None
모찌롱, 카페, 제주특별자치도 제주시 관덕로6길 10, None, None
관심사, 카페, 제주특별자치도 제주시 중앙로 77, None, None
컴플렉스, 카페, 제주특별자치도 제주시 중앙로14길 4, None, None
카페성지 관덕정점, 카페, 제주특별자치도 제주시 관덕로 26, None, None
어반브루잉, 카페, 제주특별자치도 제주시 관덕로 16-1, None, None
카페효주, 카페, 제주특별자치도 제주시 관덕로 8, None, None
바이트포엣츠, 카페, 제주특별자치도 제주시 관덕로8길 30, None, None
힛잇업, 카페, 제주특별자치도 제주시 중앙로14길 6-1, None, None
스트롱베리, 카페, 제주특별자치도 제주시 관덕로7길 14, None, None
백년귤화다, 카페, 제주특별자치도 제주시 중앙로11길 1, None, None
헬렌앤마리, 카페, 제주특별자치도 제주시 관덕로8길 11, None, None
공간제주세요, 카페, 제주특별자치도 제주시 칠성로길 9, None, None
모래시계다방, 카페, 제주특별자치도 제주시 중앙로 81-1, None, None
카페인, 카페, 제주특별자치도 제주시 중앙로 82, None, None
샤롯데카페, 카페, 제주특별자치도 제주시 중앙로 73, None, None
평화꽃섬, 카페, 제주특별자치도 제주시 관덕로6길 17, None, None
자매카페, 카페, 제주특별자치도 제주시 중앙로 83-1, None, None
마음에온, 카페, 제주특별자치도 제주시 칠성로길 29-1, None, None
자키커피, 카페, 제주특별자치도 제주시 오현길 82, None, None
제주스, 카페, 제주특별자치도 제주시 동문로 4, None, None
메가MGC커피 제주동문시장점, 카페, 제주특별자치도 제주시 관덕로 65, None, None
카페봄봄 칠성로점, 카페, 제주특별자치도 제주시 관덕로11길 18, None, None
유월, 카페, 제주특별자치도 제주시 동문로4길 9, None, None
힐링쟈미, 카페, 제주특별자치도 제주시 관덕로15길 1, None, None
비지터카페, 카페, 제주특별자치도 제주시 오현길 85, None, None
아임유어, 카페, 제주특별자치도 제주시 동문로4길 9, None, None
힐링쟈미타로&커피, 카페, 제주특별자치도 제주시 관덕로15길 1, None, None
오가든, 카페, 제주특별자치도 제주시 관덕로15길 11-1, None, None
카페송키, 카페, 제주특별자치도 제주시 무근성안길 16, None, None
제주R호텔, 여관, 제주특별자치도 제주시 서광로14길 5, 15, 4.2
한영장여관, 여관, 제주특별자치도 제주시 서광로 160, 0, 0.0
호텔탑아일랜드, 여관, 제주특별자치도 제주시 용남1길 47, 8, 4.8
호텔G, 여관, 제주특별자치도 제주시 남성로 117, 0, 3.6
트윈스호텔, 여관, 제주특별자치도 제주시 남성로 129-6, 4, 3.3
올림피아모텔, 여관, 제주특별자치도 제주시 서광로 171, 1, 3.0
해마루모텔, 여관, 제주특별자치도 제주시 서광로 159, 0, 4.0
쌈지모텔, 여관, 제주특별자치도 제주시 서사로4길 15-1, 1, 5.0
제주산올레모텔, 여관, 제주특별자치도 제주시 서광로3길 1, 1, 0.0
안남모텔, 여관, 제주특별자치도 제주시 남성로11길 2, 1, 0.0
한라산모텔, 여관, 제주특별자치도 제주시 남성로 118, 0, 0.0
신강남모텔, 여관, 제주특별자치도 제주시 서광로3길 2, 0, 0.0
뉴스타모텔, 여관, 제주특별자치도 제주시 서사로 102, 0, 0.0
한진모텔, 여관, 제주특별자치도 제주시 남성로 119, 0, 0.0
보영모텔, 여관, 제주특별자치도 제주시 서사로 122, 0, 0.0
메모리모텔, 여관, 제주특별자치도 제주시 평전1길 1, 0, 0.0
비원모텔, 여관, 제주특별자치도 제주시 남성로 129-4, 0, 0.0
덕수모텔, 여관, 제주특별자치도 제주시 남성로 29, 0, 0.0
만복모텔, 여관, 제주특별자치도 제주시 남성로 129-9, 0, 4.0
백조여관, 여관, 제주특별자치도 제주시 전농로7길 43, 0, 0.0
럭키장모텔, 여관, 제주특별자치도 제주시 서광로 189, 0, 0.0
한백장모텔, 여관, 제주특별자치도 제주시 남성로 69, 0, 0.0
용인모텔, 여관, 제주특별자치도 제주시 남성로 116, 0, 0.0
서울여관, 여관, 제주특별자치도 제주시 전농로7길 44-1, 0, 0.0
오라스테이, 여관, 제주특별자치도 제주시 무근성길 44, 9, 3.8
용연모텔, 여관, 제주특별자치도 제주시 흥운길 63-6, 0, 0.0
무궁화모텔, 여관, 제주특별자치도 제주시 서사로 16, 0, 0.0
금호여관, 여관, 제주특별자치도 제주시 무근성7길 4, 0, 0.0
호텔백록담, 여관, 제주특별자치도 제주시 도남로 5, 0, 1.0
모텔준, 여관, 제주특별자치도 제주시 서광로26길 8-12, 0, 0.0
아세아모텔, 여관, 제주특별자치도 제주시 서광로26길 1, 0, 0.0
성우장, 여관, 제주특별자치도 제주시 도남로 5-1, 0, 0.0
우정여관, 여관, 제주특별자치도 제주시 도남로 3-3, 0, 0.0
정성장, 여관, 제주특별자치도 제주시 도남로 6-1, 0, 0.0
한성여인숙, 여관, 제주특별자치도 제주시 서광로24길 2, 0, 0.0
제주엘루이호텔, 여관, 제주특별자치도 제주시 서광로21길 1, 6, 3.8
풀하우스, 여관, 제주특별자치도 제주시 서광로25길 4, 0, 3.0
휴모텔, 여관, 제주특별자치도 제주시 서광로25길 8, 1, 5.0
라임모텔, 여관, 제주특별자치도 제주시 서광로25길 4-3, 1, 3.6
녹원모텔, 여관, 제주특별자치도 제주시 서광로25길 6, 0, 3.0
서사라호텔, 여관, 제주특별자치도 제주시 서사로 99, 0, 5.0
금정모텔, 여관, 제주특별자치도 제주시 서광로25길 10, 0, 5.0
힐링하우스, 여관, 제주특별자치도 제주시 홍랑길 4-6, 0, 5.0
국일모텔, 여관, 제주특별자치도 제주시 서사로17길 2, 0, 0.0
티나모텔, 여관, 제주특별자치도 제주시 서광로19길 21, 0, 0.0
덕원모텔, 여관, 제주특별자치도 제주시 서사로17길 4, 0, 0.0
사라모텔, 여관, 제주특별자치도 제주시 서사로13길 2, 0, 0.0
은성여인숙, 여관, 제주특별자치도 제주시 서광로25길 6-1, 0, 0.0
서로모텔, 여관, 제주특별자치도 제주시 서사로17길 3, 0, 0.0
신대화모텔, 여관, 제주특별자치도 제주시 서광로21길 4, 0, 0.0
오름모텔, 여관, 제주특별자치도 제주시 홍랑길 4-4, 0, 0.0
모텔프라임, 여관, 제주특별자치도 제주시 광양6길 13, 0, 0.0
삼성여인숙, 여관, 제주특별자치도 제주시 광양4길 8-2, 0, 0.0
케이모텔, 여관, 제주특별자치도 제주시 광양4길 3, 0, 0.0
풍기모텔, 여관, 제주특별자치도 제주시 광양1길 2-1, 0, 0.0
배비장모텔, 여관, 제주특별자치도 제주시 광양6길 4, 0, 0.0
산호모텔, 여관, 제주특별자치도 제주시 서광로29길 22-12, 0, 0.0
흥진여인숙, 여관, 제주특별자치도 제주시 광양1길 12, 0, 0.0
남국여인숙, 여관, 제주특별자치도 제주시 광양2길 13, 0, 0.0
광명여인숙, 여관, 제주특별자치도 제주시 중앙로 186-2, 0, 0.0
생수장모텔, 여관, 제주특별자치도 제주시 고전길 27, 0, 0.0
위드모텔, 여관, 제주특별자치도 제주시 남성로 143-11, 0, 0.0
한성여관, 여관, 제주특별자치도 제주시 중앙로22길 3, 0, 0.0
덕창장여관, 여관, 제주특별자치도 제주시 남성로26길 9, 0, 0.0
수와정여관, 여관, 제주특별자치도 제주시 중앙로25길 7, 0, 0.0
미림장, 여관, 제주특별자치도 제주시 오현길 10, 0, 0.0
장수여관, 여관, 제주특별자치도 제주시 고전길 8, 0, 0.0
호텔조이, 여관, 제주특별자치도 제주시 중앙로14길 30-1, 2, 2.3
수복모텔, 여관, 제주특별자치도 제주시 관덕로 34-1, 0, 0.0
동양여관, 여관, 제주특별자치도 제주시 무근성7길 16-8, 0, 0.0
만금장, 여관, 제주특별자치도 제주시 중앙로15길 6, 0, 5.0
화랑모텔, 여관, 제주특별자치도 제주시 무근성7길 12-6, 0, 0.0
무진장모텔, 여관, 제주특별자치도 제주시 관덕로3길 13, 0, 0.0
대동호텔, 여관, 제주특별자치도 제주시 관덕로15길 6, 15, 4.1
더제이드, 여관, 제주특별자치도 제주시 관덕로15길 7-1, 49, 3.4
동문여관, 여관, 제주특별자치도 제주시 관덕로17길 5, 0, 0.0
동성장모텔, 여관, 제주특별자치도 제주시 관덕로15길 5-1, 1, 0.0
향림여인숙, 여관, 제주특별자치도 제주시 오현길 78-8, 0, 0.0
여관보라장, 여관, 제주특별자치도 제주시 관덕로15길 9-6, 0, 0.0
태화여관, 여관, 제주특별자치도 제주시 관덕로15길 3-8, 0, 0.0
탑모텔, 여관, 제주특별자치도 제주시 중앙로8길 5, None, None
선인장모텔, 여관, 제주특별자치도 제주시 관덕로 32, None, None
유나모텔, 여관, 제주특별자치도 제주시 관덕로6길 8, None, None
세안장여관, 여관, 제주특별자치도 제주시 중앙로14길 28, None, None
관덕모텔, 여관, 제주특별자치도 제주시 관덕로 34-3, None, None
우신장여관, 여관, 제주특별자치도 제주시 관덕로4길 1-5, None, None
에이치비소프트, 렌트카, 제주특별자치도 제주시 중앙로14길 21, 6, 0.0
제주렌트카닷컴, 렌트카, 제주특별자치도 제주시 평전길 13, None, None
제주허브닷컴, 렌트카, 제주특별자치도 제주시 평전길 13, None, None
제주수지렌트카, 렌트카, 제주특별자치도 제주시 서광로 241, None, None
천주교서문교회 제주, 성당, 제주특별자치도 제주시 남성로11길 25, 1, 0.0
천주교광양성당, 성당, 제주특별자치도 제주시 동광로5길 19-18, 0, 0.0
중앙성당, 성당, 제주특별자치도 제주시 관덕로8길 14, 3, 3.7
제주동신교회, 교회, 제주특별자치도 제주시 용문로 120-1, 0, 0.0
믿음교회, 교회, 제주특별자치도 제주시 서사로 149-1, 0, 0.0
광명교회, 교회, 제주특별자치도 제주시 남성로 104, 0, 0.0
제주제성교회, 교회, 제주특별자치도 제주시 서사로4길 15-2, 0, 0.0
제주기둥교회, 교회, 제주특별자치도 제주시 남성로3길 19, 0, 0.0
제주주님의교회, 교회, 제주특별자치도 제주시 서사로 134, 0, 0.0
충실교회, 교회, 제주특별자치도 제주시 서광로11길 37, 0, 0.0
제주중앙침례교회, 교회, 제주특별자치도 제주시 남성로 127, 0, 0.0
빛내리순복음교회, 교회, 제주특별자치도 제주시 전농로 34, 0, 0.0
제주예안교회, 교회, 제주특별자치도 제주시 서사로 48, 0, 5.0
꿈을이루는교회, 교회, 제주특별자치도 제주시 용담로 92, 0, 0.0
예수제자교회, 교회, 제주특별자치도 제주시 서광로 238, 0, 0.0
제주서광교회, 교회, 제주특별자치도 제주시 홍랑길 10, 0, 0.0
제주동도교회, 교회, 제주특별자치도 제주시 삼성로5길 13-21, 0, 5.0
제주성결교회, 교회, 제주특별자치도 제주시 서사로19길 27, 0, 0.0
대광장로교회, 교회, 제주특별자치도 제주시 중앙로 93-1, 0, 0.0
제주남부교회, 교회, 제주특별자치도 제주시 삼성로1길 14-1, 0, 0.0
에덴교회, 교회, 제주특별자치도 제주시 동광로1길 30, 0, 0.0
순례자의교회, 교회, 제주특별자치도 제주시 중앙로 104, 0, 0.0
생명나무교회, 교회, 제주특별자치도 제주시 서광로 279, 0, 0.0
한라교회, 교회, 제주특별자치도 제주시 삼성로5길 24, 0, 0.0
제주그리스도의교회, 교회, 제주특별자치도 제주시 중앙로24길 26, 0, 0.0
제주성내교회, 교회, 제주특별자치도 제주시 관덕로2길 5, 0, 4.0
예수그리스도 후기성도교회 제주지부, 교회, 제주특별자치도 제주시 삼성로 45, 0, 5.0
한국천부교 일도교회, 교회, 제주특별자치도 제주시 삼성로7길 13, 0, 0.0
제주열리는교회, 교회, 제주특별자치도 제주시 서사로 35, None, None
동제주베들레헴교회, 교회, 제주특별자치도 제주시 전농로 115, None, None
스튜디오126, 문화시설, 제주특별자치도 제주시 관덕로 14-4, 3, 5.0
에디션드제주, 문화시설, 제주특별자치도 제주시 관덕로4길 6, 0, 0.0
제주통일관, 문화시설, 제주특별자치도 제주시 삼성로 46, 2, 0.0
아트스페이스씨, 문화시설, 제주특별자치도 제주시 중앙로 69, None, None
아트스페이스빈공간, 문화시설, 제주특별자치도 제주시 관덕로3길 15, None, None
제주예업사, 문화시설, 제주특별자치도 제주시 관덕로15길 6, None, None
문화공간제주아트, 문화시설, 제주특별자치도 제주시 전농로 107, None, None
예술공감, 문화시설, 제주특별자치도 제주시 관덕로 26, None, None
숨게스트하우스 제주공항점, 게스트하우스, 제주특별자치도 제주시 서광로5길 2-2, 41, 2.9
정안호스텔, 게스트하우스, 제주특별자치도 제주시 용문로 166, 4, 4.6
BJ스테이, 게스트하우스, 제주특별자치도 제주시 용문로18길 27-41, 2, 4.9
민트게스트하우스, 게스트하우스, 제주특별자치도 제주시 서광로5길 2-4, 8, 0.0
힐탑게스트하우스, 게스트하우스, 제주특별자치도 제주시 용남3길 14, 0, 0.0
소담소담 게스트하우스, 게스트하우스, 제주특별자치도 제주시 흥운길 63-4, 4, 4.5
한나스테이, 게스트하우스, 제주특별자치도 제주시 광양1길 6, 10, 3.5
싱글스토리, 게스트하우스, 제주특별자치도 제주시 중앙로23길 24-6, 6, 4.2
미소게스트하우스, 게스트하우스, 제주특별자치도 제주시 관덕로 41, 16, 3.4
아지호스텔, 게스트하우스, 제주특별자치도 제주시 무근성7길 16-13, 4, 3.9
제주공항게스트하우스 웨이브사운드, 게스트하우스, 제주특별자치도 제주시 관덕로8길 24, 110, 3.5
반64, 게스트하우스, 제주특별자치도 제주시 중앙로12길 22, 0, 0.0
동문취향 게스트하우스, 게스트하우스, 제주특별자치도 제주시 관덕로15길 4, 14, 3.8
예하게스트하우스 본점, 게스트하우스, 제주특별자치도 제주시 삼오길 9, None, None
라온 쉐어하우스, 게스트하우스, 제주특별자치도 제주시 용문로18길 27-41, None, None
현하우스, 게스트하우스, 제주특별자치도 제주시 남성로 21, None, None
볼런투어셰어하우스, 게스트하우스, 제주특별자치도 제주시 서광로 219, None, None
오르다하우스, 게스트하우스, 제주특별자치도 제주시 중앙로 192, None, None
그린데이 게스트하우스, 게스트하우스, 제주특별자치도 제주시 남성로 158-3, None, None
농땡이연구소, 게스트하우스, 제주특별자치도 제주시 중앙로 49, None, None
토다게스트하우스, 게스트하우스, 제주특별자치도 제주시 동문로 10, None, None
이명철한의원, 병원, 제주특별자치도 제주시 서광로 192, 0, 1.0
한국병원, 병원, 제주특별자치도 제주시 서광로 193, 16, 3.0
명이비인후과, 병원, 제주특별자치도 제주시 서광로 215, 0, 5.0
한승진신경외과의원, 병원, 제주특별자치도 제주시 서광로 161, 0, 5.0
김명식내과의원, 병원, 제주특별자치도 제주시 용문로 163, 0, 5.0
연세포르테비뇨기과의원, 병원, 제주특별자치도 제주시 서광로 175, 0, 4.0
하루항외과의원, 병원, 제주특별자치도 제주시 서광로 175, 0, 5.0
이방훈 재활의학과의원, 병원, 제주특별자치도 제주시 서광로 157, 0, 5.0
제주미의원, 병원, 제주특별자치도 제주시 서사로 137, 0, 3.0
제주미의원 피부과, 병원, 제주특별자치도 제주시 서사로 137, 0, 2.0
고신경정신과의원, 병원, 제주특별자치도 제주시 서광로 203, 0, 3.0
문영석치과의원, 병원, 제주특별자치도 제주시 서문로 18-1, 0, 5.0
율한의원, 병원, 제주특별자치도 제주시 용화로 61-1, 0, 5.0
이지민치과의원, 병원, 제주특별자치도 제주시 서광로 215, 0, 3.0
제주미의원 정형외과, 병원, 제주특별자치도 제주시 서사로 137, 0, 0.0
연세삼성의원, 병원, 제주특별자치도 제주시 흥운길 8, 0, 5.0
만덕한의원, 병원, 제주특별자치도 제주시 용문로 162, 0, 4.0
고영호재활의학과의원, 병원, 제주특별자치도 제주시 서광로 175, 0, 0.0
김형섭치과의원, 병원, 제주특별자치도 제주시 흥운길 1, 0, 0.0
김양근치과의원, 병원, 제주특별자치도 제주시 서광로 205, 0, 0.0
용담의원, 병원, 제주특별자치도 제주시 용담로 92, 0, 5.0
서문의원, 병원, 제주특별자치도 제주시 서문로 68, 0, 3.0
김윤희치과의원, 병원, 제주특별자치도 제주시 서문로 29, 0, 5.0
용담매일한의원, 병원, 제주특별자치도 제주시 흥운길 22, 0, 0.0
문이비인후과의원, 병원, 제주특별자치도 제주시 서광로 268, 0, 5.0
고순희내과의원, 병원, 제주특별자치도 제주시 서사로 155, 0, 2.0
지오요양병원, 병원, 제주특별자치도 제주시 서광로 222, 1, 3.0
조은미의원, 병원, 제주특별자치도 제주시 서광로 270, 0, 3.0
김명환치과의원, 병원, 제주특별자치도 제주시 서광로 240, 0, 5.0
다임한의원, 병원, 제주특별자치도 제주시 서광로 244, 0, 0.0
양경흠치과의원, 병원, 제주특별자치도 제주시 서광로 220, 0, 0.0
이미애 피부과의원, 병원, 제주특별자치도 제주시 서광로 267, 0, 2.0
제주 아름다운피부과의원, 병원, 제주특별자치도 제주시 서광로 273, 0, 2.0
연세정형외과의원, 병원, 제주특별자치도 제주시 남성로 156, 0, 3.0
건강100세의원, 병원, 제주특별자치도 제주시 서광로 273, 2, 5.0
전농로한의원, 병원, 제주특별자치도 제주시 전농로 75-2, 0, 5.0
박경식신경외과의원, 병원, 제주특별자치도 제주시 서광로 263, 0, 3.0
김동호 이비인후과의원, 병원, 제주특별자치도 제주시 서광로 267, 0, 3.0
진한의원, 병원, 제주특별자치도 제주시 서사로11길 3, 0, 1.0
램브란트치과, 병원, 제주특별자치도 제주시 서광로 281, 0, 5.0
경희수한의원, 병원, 제주특별자치도 제주시 서광로 279, 0, 5.0
한봉한의원, 병원, 제주특별자치도 제주시 서광로 235, 0, 5.0
늘푸른 노인전문요양원, 병원, 제주특별자치도 제주시 중앙로 175, 0, 0.0
홍한의원, 병원, 제주특별자치도 제주시 서광로 283, 0, 5.0
오용덕치과의원, 병원, 제주특별자치도 제주시 중앙로 191, 0, 0.0
고&홍치과의원, 병원, 제주특별자치도 제주시 중앙로 194, 0, 0.0
제주중앙안과의원, 병원, 제주특별자치도 제주시 중앙로15길 2, 0, 5.0
닥터양내과, 병원, 제주특별자치도 제주시 관덕로 18, 0, 4.0
늘봄재활요양병원, 병원, 제주특별자치도 제주시 관덕로 30, 1, 4.0
이경신 이비인후과의원, 병원, 제주특별자치도 제주시 중앙로 61, 0, 5.0
박기범치과의원, 병원, 제주특별자치도 제주시 중앙로 62, 0, 5.0
함내과의원, 병원, 제주특별자치도 제주시 관덕로 63, 0, 3.0
보수당한의원, 병원, 제주특별자치도 제주시 관덕로11길 16, 0, 5.0
김경락치과, 병원, 제주특별자치도 제주시 동문로 10, 0, 0.0
부용철치과의원, 병원, 제주특별자치도 제주시 중앙로 84, 0, 5.0
민초당한의원, 병원, 제주특별자치도 제주시 중앙로15길 8, 0, 0.0
부경돈치과의원, 병원, 제주특별자치도 제주시 관덕로13길 2, 0, 2.0
인수한의원, 병원, 제주특별자치도 제주시 관덕로 64, 0, 0.0
이하얀치과의원, 병원, 제주특별자치도 제주시 관덕로 64, 0, 5.0
김윤홍치과의원, 병원, 제주특별자치도 제주시 관덕로 22-1, 0, 3.0
영도치과의원, 병원, 제주특별자치도 제주시 중앙로 51, 0, 0.0
한빛정신건강의학과의원, 병원, 제주특별자치도 제주시 서광로 184, None, None
이승희산부인과의원, 병원, 제주특별자치도 제주시 서광로 208-1, None, None
드림포레산부인과의원, 병원, 제주특별자치도 제주시 서사로 136, None, None
제주하늘요양병원, 병원, 제주특별자치도 제주시 서사로 40, None, None
오렌지한의원 제주, 병원, 제주특별자치도 제주시 서광로 167, None, None
연강참병원, 병원, 제주특별자치도 제주시 서광로 175, None, None
제주힘튼의원, 병원, 제주특별자치도 제주시 서광로 215, None, None
다나은한의원, 병원, 제주특별자치도 제주시 용담로 86, None, None
강정형외과의원, 병원, 제주특별자치도 제주시 서광로 262, None, None
강골정형외과의원, 병원, 제주특별자치도 제주시 서광로 272, None, None
문앤송소아청소년과의원, 병원, 제주특별자치도 제주시 서광로 220, None, None
연세안과의원, 병원, 제주특별자치도 제주시 서광로 220, None, None
정성학 마취통증의학과의원, 병원, 제주특별자치도 제주시 서사로 155, None, None
한사랑정신과의원, 병원, 제주특별자치도 제주시 서광로 273, None, None
늘푸른가정의학과의원, 병원, 제주특별자치도 제주시 중앙로 175, None, None
제주늘푸른의원, 병원, 제주특별자치도 제주시 중앙로 132, None, None
현창옥내과의원, 병원, 제주특별자치도 제주시 중앙로 195, None, None
문성영치과의원, 병원, 제주특별자치도 제주시 서광로 239, None, None
제주녹십자의원, 병원, 제주특별자치도 제주시 고전길 5, None, None
제주삼성안과, 병원, 제주특별자치도 제주시 관덕로 66, None, None
나의원, 병원, 제주특별자치도 제주시 관덕로 60, None, None
유디치과의원 제주중앙점, 병원, 제주특별자치도 제주시 중앙로14길 8, None, None
김판규외과의원, 병원, 제주특별자치도 제주시 관덕로 7, None, None
유내과의원, 병원, 제주특별자치도 제주시 중앙로 61, None, None
서울준마취통증의학과의원, 병원, 제주특별자치도 제주시 관덕로 67, None, None
올레마취통증의학과의원, 병원, 제주특별자치도 제주시 관덕로13길 2, None, None
다나한의원, 병원, 제주특별자치도 제주시 중앙로 77, None, None
연세마취통증의학과의원, 병원, 제주특별자치도 제주시 관덕로 58, None, None
서울호연치과의원, 병원, 제주특별자치도 제주시 중앙로 76, None, None
임덕방사선과의원, 병원, 제주특별자치도 제주시 중앙로 77, None, None
센트럴치과의원, 병원, 제주특별자치도 제주시 중앙로 61, None, None
Sc메디컬, 병원, 제주특별자치도 제주시 칠성로길 7-1, None, None
제주갤럭시호텔, 호텔, 제주특별자치도 제주시 남성로 33, 13, 4.9
참피온호텔, 호텔, 제주특별자치도 제주시 남성로 131, 3, 3.5
르네상스호텔, 호텔, 제주특별자치도 제주시 서사로14길 1, 6, 5.0
찰리호텔, 호텔, 제주특별자치도 제주시 서사로 128, 0, 0.0
영승국제상무 찰리호텔, 호텔, 제주특별자치도 제주시 서사로 128, 0, 0.0
제주퍼시픽호텔, 호텔, 제주특별자치도 제주시 서사로 20, 13, 3.1
금자탑, 호텔, 제주특별자치도 제주시 서사로 20, 0, 0.0
스카이힐비지니스호텔, 호텔, 제주특별자치도 제주시 서광로24길 1, 9, 2.5
올레관광호텔, 호텔, 제주특별자치도 제주시 서광로 254, 3, 3.0
아스타호텔, 호텔, 제주특별자치도 제주시 서사로 129, 76, 4.0
사하라호텔, 호텔, 제주특별자치도 제주시 서광로 265, 6, 3.5
하니크라운호텔, 호텔, 제주특별자치도 제주시 삼성로 10, 2, 3.3
하니호텔 대연회장, 호텔, 제주특별자치도 제주시 삼성로 10, 0, 0.0
아라팰리스호텔, 호텔, 제주특별자치도 제주시 남성로26길 26, 14, 4.0
스타즈호텔 제주로베로, 호텔, 제주특별자치도 제주시 관덕로 26, 109, 3.2
제주스테이호텔, 호텔, 제주특별자치도 제주시 무근성7길 22, 20, 2.5
에메랄드호텔, 호텔, 제주특별자치도 제주시 중앙로12길 35, 4, 5.0
스카이호텔, 호텔, 제주특별자치도 제주시 서광로29길 3, None, None
스카이호텔, 호텔, 제주특별자치도 제주시 서광로29길 3, None, None
신화, 특급호텔, 제주특별자치도 제주시 무근성7길 12-1, None, None
제주스카우트새마을작은도서관, 도서관, 제주특별자치도 제주시 평전3길 34-1, 0, 0.0
이도1동새마을작은도서관, 도서관, 제주특별자치도 제주시 중앙로25길 17, 0, 0.0
꿈이있는작은도서관, 도서관, 제주특별자치도 제주시 홍랑길 10, 1, 0.0
월드컵새마을작은도서관, 도서관, 제주특별자치도 제주시 서광로29길 25, 0, 0.0
제주김영수도서관, 도서관, 제주특별자치도 제주시 중앙로8길 18, 0, 3.0
성짓골작은도서관, 도서관, 제주특별자치도 제주시 무근성1길 9, None, None
차세대작은도서관, 도서관, 제주특별자치도 제주시 광양2길 33, None, None
새날작은도서관, 도서관, 제주특별자치도 제주시 광양4길 32, None, None
김영수도서관친구들, 도서관, 제주특별자치도 제주시 칠성로길 8, None, None
웰빙펜션제주공항점, 펜션, 제주특별자치도 제주시 용문로 129, 0, 0.0
서문레지던스, 펜션, 제주특별자치도 제주시 서문로4길 16-8, 3, 5.0
소녀민박, 숙박, 제주특별자치도 제주시 흥운길 21, 1, 0.0
오쿠다 공항점, 음식점, 제주특별자치도 제주시 용문로18길 60-5, 70, 4.1
고국수, 음식점, 제주특별자치도 제주시 용문로14길 4, 68, 4.6
용문떡방, 음식점, 제주특별자치도 제주시 용문로 137, 3, 5.0
갱길이네고사리삼겹살, 음식점, 제주특별자치도 제주시 용문로 136, 0, 0.0
흑돈카세, 음식점, 제주특별자치도 제주시 용문로14길 4, 0, 0.0
손맛만석궁갈비, 음식점, 제주특별자치도 제주시 용문로 134-1, 1, 1.0
임성반점, 음식점, 제주특별자치도 제주시 용화로 57-1, 55, 4.1
코코메기, 음식점, 제주특별자치도 제주시 용화로 58, 4, 4.3
용문닭집, 음식점, 제주특별자치도 제주시 용화로 56, 3, 4.0
고수참치 오마카세, 음식점, 제주특별자치도 제주시 용화로 49, 18, 3.9
임성교자, 음식점, 제주특별자치도 제주시 용화로 57, 21, 4.2
24시누름돌생고기김치찌개 용담점, 음식점, 제주특별자치도 제주시 용문로21길 1, 1, 1.0
광령갈비, 음식점, 제주특별자치도 제주시 용화로 60-1, 2, 4.0
네네치킨 용담점, 음식점, 제주특별자치도 제주시 용문로 157, 2, 5.0
오므라이씨, 음식점, 제주특별자치도 제주시 용문로 144-1, 3, 5.0
야무진냄비 제주점, 음식점, 제주특별자치도 제주시 용문로 144-1, 1, 5.0
일호생구이, 음식점, 제주특별자치도 제주시 용문로 146, 0, 0.0
스페샬 용문점, 음식점, 제주특별자치도 제주시 용문로 152, 0, 0.0
정다운식당, 음식점, 제주특별자치도 제주시 용문로17길 7, 0, 0.0
무진장회식당 오라동점, 음식점, 제주특별자치도 제주시 서광로2길 5-12, 18, 3.9
메로왕, 음식점, 제주특별자치도 제주시 서광로4길 6, 11, 3.7
용이반점, 음식점, 제주특별자치도 제주시 서광로4길 8, 9, 3.9
정의고을 꿩메밀칼국수, 음식점, 제주특별자치도 제주시 서광로 154, 1, 5.0
그집글라, 음식점, 제주특별자치도 제주시 서광로4길 5, 8, 4.5
터미널가마솥순대국, 음식점, 제주특별자치도 제주시 서광로4길 8, 3, 5.0
유명, 음식점, 제주특별자치도 제주시 서광로2길 5-14, 1, 5.0
해동식당, 음식점, 제주특별자치도 제주시 서광로 174, 4, 3.5
화순반점, 음식점, 제주특별자치도 제주시 서광로 174, 0, 0.0
남촌식당, 음식점, 제주특별자치도 제주시 서광로 174, 0, 0.0
춤추는닭치킨, 음식점, 제주특별자치도 제주시 서광로2길 5-14, 0, 0.0
유복식당, 음식점, 제주특별자치도 제주시 서광로4길 5, 0, 0.0
가메오름, 음식점, 제주특별자치도 제주시 서광로2길 5-12, 0, 0.0
옆구리터진올레김밥, 음식점, 제주특별자치도 제주시 공설로 5, 8, 3.5
목마조랑말 뼈해장국전골전문점, 음식점, 제주특별자치도 제주시 서광로 190, 8, 4.8
대우정, 음식점, 제주특별자치도 제주시 서사로 152, 59, 2.9
그옛맛, 음식점, 제주특별자치도 제주시 서사로24길 12, 29, 3.4
어림향, 음식점, 제주특별자치도 제주시 서사로24길 22, 15, 4.5
이가오메기, 음식점, 제주특별자치도 제주시 서광로 208, 1, 5.0
불당골해장국, 음식점, 제주특별자치도 제주시 서광로16길 11, 8, 4.6
열열이얼큰이, 음식점, 제주특별자치도 제주시 서사로 146, 2, 5.0
평화로빵, 음식점, 제주특별자치도 제주시 서사로 149-1, 1, 5.0
세컨드밀, 음식점, 제주특별자치도 제주시 남성로4길 3, 22, 4.6
남원식당, 음식점, 제주특별자치도 제주시 서광로3길 6, 96, 4.6
불닭공장 제주본점, 음식점, 제주특별자치도 제주시 남성로 26, 11, 4.3
미스터스위츠, 음식점, 제주특별자치도 제주시 서광로5길 9, 14, 5.0
쌍둥이회포장, 음식점, 제주특별자치도 제주시 남성로 8, 6, 5.0
부자식당, 음식점, 제주특별자치도 제주시 서광로5길 9, 4, 4.0
맘스터치 제주터미널점, 음식점, 제주특별자치도 제주시 서광로 167, 7, 3.1
50년만두아저씨, 음식점, 제주특별자치도 제주시 서광로 167, 13, 4.6
영양반점, 음식점, 제주특별자치도 제주시 남성로 20-1, 2, 5.0
월성삼계탕, 음식점, 제주특별자치도 제주시 서광로5길 12, 3, 5.0
오복당, 음식점, 제주특별자치도 제주시 서광로 173, 7, 2.9
황금술통, 음식점, 제주특별자치도 제주시 남성로 22, 0, 0.0
와니피자치킨, 음식점, 제주특별자치도 제주시 남성로4길 4, 3, 5.0
팔천순대 제주지사, 음식점, 제주특별자치도 제주시 남성로4길 4, 0, 0.0
용진식당, 음식점, 제주특별자치도 제주시 남성로 8, 2, 5.0
조아소주방, 음식점, 제주특별자치도 제주시 남성로 23, 0, 0.0
삼도오리삼계, 음식점, 제주특별자치도 제주시 남성로4길 10, 0, 0.0
탐라국꾼 서광로점, 음식점, 제주특별자치도 제주시 서광로3길 21, 0, 0.0
꼴까닭, 음식점, 제주특별자치도 제주시 서광로5길 9, 1, 5.0
돈대가, 음식점, 제주특별자치도 제주시 한천로 71, 30, 3.4
한천야따이, 음식점, 제주특별자치도 제주시 남성로3길 27, 3, 5.0
훈식당, 음식점, 제주특별자치도 제주시 한천로 75, 0, 0.0
충민정, 음식점, 제주특별자치도 제주시 남성로 26-1, 519, 4.6
만석밀냉면, 음식점, 제주특별자치도 제주시 남성로 46-1, 23, 4.2
양반촌, 음식점, 제주특별자치도 제주시 서광로5길 29, 5, 3.2
탄광촌삼겹살, 음식점, 제주특별자치도 제주시 전농로 15, 5, 5.0
차롱밥상, 음식점, 제주특별자치도 제주시 서광로5길 35, 13, 4.7
길림성, 음식점, 제주특별자치도 제주시 남성로 37, 7, 2.6
어디가코 용담점, 음식점, 제주특별자치도 제주시 남성로 54, 7, 3.9
남성로치킨하우스, 음식점, 제주특별자치도 제주시 남성로 47, 6, 5.0
부가네얼큰이 남성점, 음식점, 제주특별자치도 제주시 남성로 46, 4, 5.0
백록오메기떡, 음식점, 제주특별자치도 제주시 전농로 8-1, 1, 5.0
삼일로또, 음식점, 제주특별자치도 제주시 남성로 43, 0, 0.0
장호민물장어, 음식점, 제주특별자치도 제주시 남성로 54, 1, 5.0
멕시카나치킨 터미널점, 음식점, 제주특별자치도 제주시 남성로 41, 5, 1.8
진향식당, 음식점, 제주특별자치도 제주시 남성로 38, 2, 3.0
쌔맹식당, 음식점, 제주특별자치도 제주시 남성로 40, 4, 3.5
한라산도야지 남사골, 음식점, 제주특별자치도 제주시 서광로3길 48, 2, 5.0
쌍고동식당, 음식점, 제주특별자치도 제주시 서광로5길 27, 0, 0.0
솔향기 정식, 음식점, 제주특별자치도 제주시 남성로 34, 0, 0.0
푸른바다찜&탕, 음식점, 제주특별자치도 제주시 남성로 42, 0, 0.0
맛돈가, 음식점, 제주특별자치도 제주시 남성로 39, 0, 0.0
두리식당, 음식점, 제주특별자치도 제주시 남성로 38, 1, 5.0
치즈탐라, 음식점, 제주특별자치도 제주시 남성로 32, 0, 0.0
친구야가자, 음식점, 제주특별자치도 제주시 남성로 52, 0, 0.0
한우전문우리집, 음식점, 제주특별자치도 제주시 남성로 51, 1, 5.0
비에프푸드, 음식점, 제주특별자치도 제주시 남성로 41, 0, 0.0
금복촌, 음식점, 제주특별자치도 제주시 서광로7길 5, 49, 4.8
우리뼈감자탕, 음식점, 제주특별자치도 제주시 평전2길 23, 8, 5.0
천우가든 전골갈비, 음식점, 제주특별자치도 제주시 서사로20길 37-1, 5, 4.8
죽이야기 제주한국병원점, 음식점, 제주특별자치도 제주시 서광로 189, 1, 4.0
나례식당, 음식점, 제주특별자치도 제주시 평전1길 18-1, 0, 0.0
주영올레베이커리, 음식점, 제주특별자치도 제주시 서광로 183, 1, 5.0
아지매해장국, 음식점, 제주특별자치도 제주시 평전1길 26, 2, 1.0
제주할망포크, 음식점, 제주특별자치도 제주시 서광로9길 24, 0, 0.0
효퇴국수국밥, 음식점, 제주특별자치도 제주시 서사로 122-1, 91, 3.6
집아페, 음식점, 제주특별자치도 제주시 서광로13길 3, 78, 4.7
삼조삼계탕, 음식점, 제주특별자치도 제주시 서광로13길 12, 20, 4.5
베트남전통쌀국수, 음식점, 제주특별자치도 제주시 평전1길 16, 11, 4.8
우미가, 음식점, 제주특별자치도 제주시 서광로13길 2, 1, 5.0
삼복정, 음식점, 제주특별자치도 제주시 평전1길 3, 5, 4.4
1080칼국수, 음식점, 제주특별자치도 제주시 서광로13길 3, 9, 4.7
다올국수, 음식점, 제주특별자치도 제주시 서광로 209-1, 5, 3.0
성남당과자점, 음식점, 제주특별자치도 제주시 서광로 207, 1, 5.0
대야성, 음식점, 제주특별자치도 제주시 서사로18길 21, 5, 3.8
정진숯불갈비, 음식점, 제주특별자치도 제주시 평전길 25, 0, 0.0
명인장어통일, 음식점, 제주특별자치도 제주시 평전길 4, 5, 4.8
호산나떡볶이 본점, 음식점, 제주특별자치도 제주시 평전1길 16, 0, 0.0
골목집갈비, 음식점, 제주특별자치도 제주시 서사로18길 19, 2, 5.0
도마도숯불갈비, 음식점, 제주특별자치도 제주시 서광로 201, 2, 5.0
대정몽생이, 음식점, 제주특별자치도 제주시 서광로13길 7, 3, 4.7
씨가, 음식점, 제주특별자치도 제주시 평전길 10, 4, 5.0
태기네, 음식점, 제주특별자치도 제주시 평전1길 5, 1, 5.0
주식회사, 음식점, 제주특별자치도 제주시 평전길 13, 2, 5.0
간이역 삼도역점, 음식점, 제주특별자치도 제주시 서광로13길 9, 1, 5.0
한국식당, 음식점, 제주특별자치도 제주시 평전1길 16, 1, 5.0
골라골라, 음식점, 제주특별자치도 제주시 평전1길 16, 0, 0.0
토크쇼 서사라점, 음식점, 제주특별자치도 제주시 서광로13길 10, 0, 0.0
옹기종기, 음식점, 제주특별자치도 제주시 평전1길 16, 0, 0.0
민비네꼬꼬총각, 음식점, 제주특별자치도 제주시 평전길 3, 0, 0.0
홍림, 음식점, 제주특별자치도 제주시 평전길 3, 1, 4.0
홍당무, 음식점, 제주특별자치도 제주시 서사로18길 2, 0, 0.0
별헤는밤, 음식점, 제주특별자치도 제주시 전농로 28-1, 1, 5.0
카도돈카츠, 음식점, 제주특별자치도 제주시 서광로11길 36, 1, 5.0
중국성, 음식점, 제주특별자치도 제주시 서광로11길 36, 4, 5.0
뉴욕버거 제주삼도점, 음식점, 제주특별자치도 제주시 전농로 18, 1, 1.0
자담치킨 제주삼도점, 음식점, 제주특별자치도 제주시 전농로 33, 1, 5.0
투다리 전농점, 음식점, 제주특별자치도 제주시 전농로 34, 0, 0.0
전농이십칠, 음식점, 제주특별자치도 제주시 전농로 27, 0, 0.0
탐라국꾼, 음식점, 제주특별자치도 제주시 전농로 17-1, 0, 0.0
서사라떡집, 음식점, 제주특별자치도 제주시 전농로 41-1, 5, 3.4
국진장, 음식점, 제주특별자치도 제주시 전농로 56-1, 9, 4.7
북촌삼대갈비 제주삼도점, 음식점, 제주특별자치도 제주시 서사로 102, 0, 0.0
덕이대가, 음식점, 제주특별자치도 제주시 서사로14길 4, 1, 5.0
처갓집, 음식점, 제주특별자치도 제주시 서사로 100, 0, 0.0
오멍가멍술한잔, 음식점, 제주특별자치도 제주시 전농로 44, 0, 0.0
숯불애꼬꼬, 음식점, 제주특별자치도 제주시 전농로 53-1, 3, 5.0
팡돌국수방, 음식점, 제주특별자치도 제주시 서사로 106, 0, 0.0
칠공팔공빛아지트, 음식점, 제주특별자치도 제주시 서사로 110, 0, 0.0
미애분식, 음식점, 제주특별자치도 제주시 전농로 52, 0, 0.0
용두암갯바위, 음식점, 제주특별자치도 제주시 용문로18길 19-8, 2, 3.0
주전자, 음식점, 제주특별자치도 제주시 남성로11길 3, 0, 0.0
혼섬갈비 용담점, 음식점, 제주특별자치도 제주시 흥운길 10, 9, 4.1
매니아불닭 용담점, 음식점, 제주특별자치도 제주시 흥운길 3, 7, 4.1
배스킨라빈스 제주용담점, 음식점, 제주특별자치도 제주시 서문로 2, 1, 5.0
호식이두마리치킨 용담로터리점, 음식점, 제주특별자치도 제주시 용문로 165, 1, 5.0
김준호의대단한갈비 제주용담점, 음식점, 제주특별자치도 제주시 용화로 61, 0, 0.0
처갓집양념치킨 용담점, 음식점, 제주특별자치도 제주시 용문로 162, 2, 5.0
조바기, 음식점, 제주특별자치도 제주시 용화로 62, 0, 0.0
피자클래스 용담삼도점, 음식점, 제주특별자치도 제주시 용문로 162, 0, 0.0
현가네, 음식점, 제주특별자치도 제주시 흥운길 1, 4, 4.8
경화네먹거리, 음식점, 제주특별자치도 제주시 용화로 64, 1, 3.0
보고싶다친구야, 음식점, 제주특별자치도 제주시 서문로 3, 0, 0.0
알라카트, 음식점, 제주특별자치도 제주시 용화로 63, 0, 0.0
그날이오면, 음식점, 제주특별자치도 제주시 용문로 162, 0, 0.0
가보면호프, 음식점, 제주특별자치도 제주시 흥운길 1, 0, 0.0
오뚜기갈비, 음식점, 제주특별자치도 제주시 용남길 27, 14, 4.5
올레쇠막, 음식점, 제주특별자치도 제주시 용남길 23, 5, 4.6
제주용담수산, 음식점, 제주특별자치도 제주시 서문로 24-1, 3, 5.0
불난닭짱, 음식점, 제주특별자치도 제주시 서문로 18-2, 5, 5.0
오메기떡, 음식점, 제주특별자치도 제주시 서문로 16, 2, 3.0
대정골갈비, 음식점, 제주특별자치도 제주시 용담로18길 3, 1, 5.0
종로빈대떡 제주용담점, 음식점, 제주특별자치도 제주시 용담로 122, 2, 5.0
제주웰빙보리떡, 음식점, 제주특별자치도 제주시 서문로 16, 2, 5.0
배터지는생동까스 용담점, 음식점, 제주특별자치도 제주시 용남길 22, 1, 5.0
부전자전, 음식점, 제주특별자치도 제주시 용남1길 12, 2, 5.0
영암식당, 음식점, 제주특별자치도 제주시 서문로 15, 1, 5.0
삼일베이커리, 음식점, 제주특별자치도 제주시 서문로 24, 0, 0.0
루미천하, 음식점, 제주특별자치도 제주시 서문로 11, 0, 0.0
종점역, 음식점, 제주특별자치도 제주시 서문로 24-3, 0, 0.0
24시국수회관, 음식점, 제주특별자치도 제주시 남성로 122-1, 38, 4.1
아서원, 음식점, 제주특별자치도 제주시 서사로6길 2, 29, 3.9
삼다도떡집, 음식점, 제주특별자치도 제주시 남성로 127, 8, 3.8
삼룡갈비, 음식점, 제주특별자치도 제주시 남성로 97, 12, 4.6
마중물삼계탕, 음식점, 제주특별자치도 제주시 서사로 62-3, 5, 3.4
장씨네, 음식점, 제주특별자치도 제주시 서사로12길 2, 4, 4.8
이학일식, 음식점, 제주특별자치도 제주시 남성로 113, 1, 5.0
만원포차, 음식점, 제주특별자치도 제주시 남성로 108, 3, 5.0
맛짱맛김밥 서사라점, 음식점, 제주특별자치도 제주시 서사로 74-1, 8, 1.0
각재기나라, 음식점, 제주특별자치도 제주시 남성로 122, 3, 5.0
화정이네밥과술, 음식점, 제주특별자치도 제주시 서사로 72, 0, 0.0
으뜸아이스크림할인점, 음식점, 제주특별자치도 제주시 서사로 78, 0, 0.0
을찌로국물떡볶이 제주용담점, 음식점, 제주특별자치도 제주시 남성로 106, 1, 5.0
장수촌, 음식점, 제주특별자치도 제주시 남성로 114, 1, 5.0
정자나무집, 음식점, 제주특별자치도 제주시 남성로 89, 0, 0.0
금나라포차, 음식점, 제주특별자치도 제주시 남성로 120, 2, 5.0
푸드백화점, 음식점, 제주특별자치도 제주시 남성로 132, 1, 5.0
명당떡집용담점, 음식점, 제주특별자치도 제주시 남성로 84, 0, 0.0
아랑줍서, 음식점, 제주특별자치도 제주시 서사로8길 1, 1, 5.0
삼생이심야식당, 음식점, 제주특별자치도 제주시 남성로 99, 0, 0.0
연화소주방, 음식점, 제주특별자치도 제주시 남성로 125, 0, 0.0
독일양과서사라점, 음식점, 제주특별자치도 제주시 서사로 84, 0, 0.0
오가네식당, 음식점, 제주특별자치도 제주시 서사로 62-2, 0, 0.0
오멍가멍들립서, 음식점, 제주특별자치도 제주시 용담로 133, 0, 0.0
만원구이포차, 음식점, 제주특별자치도 제주시 남성로 108, 1, 5.0
뽀빠이왕만두, 음식점, 제주특별자치도 제주시 용담로 83-2, 7, 4.3
순옥상회, 음식점, 제주특별자치도 제주시 용담로 85-1, 5, 3.8
삼촌과조카, 음식점, 제주특별자치도 제주시 흥운길 39, 2, 5.0
보경반점, 음식점, 제주특별자치도 제주시 흥운길 18, 12, 3.2
만족오향족발 제주용담점, 음식점, 제주특별자치도 제주시 용담로 92, 3, 4.7
조마루 용담점, 음식점, 제주특별자치도 제주시 흥운길 20, 2, 2.0
큰나무집, 음식점, 제주특별자치도 제주시 용담로 98-18, 3, 5.0
금화, 음식점, 제주특별자치도 제주시 용담로 86, 6, 5.0
용담포차, 음식점, 제주특별자치도 제주시 흥운길 11, 0, 0.0
샐러드윤, 음식점, 제주특별자치도 제주시 용담로 84, 0, 0.0
남도별미식당, 음식점, 제주특별자치도 제주시 흥운길 31, 4, 4.8
SM아이스크림할인점 용담점, 음식점, 제주특별자치도 제주시 흥운길 34, 0, 0.0
스시해밀, 음식점, 제주특별자치도 제주시 용담로 90, 6, 4.3
주민상회, 음식점, 제주특별자치도 제주시 흥운길 34, 1, 5.0
신통치킨 용담점, 음식점, 제주특별자치도 제주시 용담로 84, 0, 0.0
오늘도달려, 음식점, 제주특별자치도 제주시 용담로 82, 0, 0.0
용담기사식당, 음식점, 제주특별자치도 제주시 용담로 98, 38, 4.2
용담생국수, 음식점, 제주특별자치도 제주시 용담로 95, 34, 4.8
만보민물장어, 음식점, 제주특별자치도 제주시 용두암길 60, 0, 0.0
상원 전라도불백오리전문, 음식점, 제주특별자치도 제주시 용담로 98, 1, 1.0
오몰오몰오메기떡, 음식점, 제주특별자치도 제주시 용담로 121, 4, 5.0
서호네뚝배기, 음식점, 제주특별자치도 제주시 용담로 111, 10, 4.2
대길보리빵, 음식점, 제주특별자치도 제주시 용담로 97, 3, 2.0
스페샬, 음식점, 제주특별자치도 제주시 용담로 116, 0, 0.0
파트너단란주점, 음식점, 제주특별자치도 제주시 용담로 114-1, 0, 0.0
용짜형뽕, 음식점, 제주특별자치도 제주시 용두암길 62, 8, 3.5
홍실, 음식점, 제주특별자치도 제주시 용담로 115, 0, 0.0
동아리꼬치구이 용담점, 음식점, 제주특별자치도 제주시 용담로 79, 1, 5.0
국수먹고가게, 음식점, 제주특별자치도 제주시 흥운길 54, 29, 4.8
돌담집, 음식점, 제주특별자치도 제주시 용두암길 52, 5, 3.8
리영식당, 음식점, 제주특별자치도 제주시 흥운길 51, 7, 5.0
도니버거, 음식점, 제주특별자치도 제주시 서문로 49, 0, 0.0
신세계회센타, 음식점, 제주특별자치도 제주시 서문로6길 4-5, 8, 4.0
이가네일품해장국, 음식점, 제주특별자치도 제주시 서문로4길 24, 2, 5.0
삼대서문별미순대, 음식점, 제주특별자치도 제주시 서문로4길 14-1, 0, 0.0
순복이식당, 음식점, 제주특별자치도 제주시 서문로4길 15, 0, 0.0
백양닭집, 음식점, 제주특별자치도 제주시 서문로6길 7, 45, 2.2
삼복당제과, 음식점, 제주특별자치도 제주시 서문로 66, 6, 5.0
명랑밥집식당, 음식점, 제주특별자치도 제주시 서문로 69-1, 11, 4.9
김만복라운지, 음식점, 제주특별자치도 제주시 서문로 73, 0, 0.0
부부떡집, 음식점, 제주특별자치도 제주시 서문로 61, 6, 4.2
할머니순대, 음식점, 제주특별자치도 제주시 서문로6길 1-1, 9, 4.8
전주식당, 음식점, 제주특별자치도 제주시 서문로4길 13-2, 1, 5.0
제주맛부페, 음식점, 제주특별자치도 제주시 비룡1길 4, 1, 4.0
진경순대, 음식점, 제주특별자치도 제주시 서문로4길 13-2, 10, 4.5
경태, 음식점, 제주특별자치도 제주시 서문로4길 13-2, 1, 5.0
영미, 음식점, 제주특별자치도 제주시 서문로4길 13-2, 0, 0.0
서문대우식당, 음식점, 제주특별자치도 제주시 서문로4길 13-2, 2, 2.5
고기에소주한잔, 음식점, 제주특별자치도 제주시 서문로4길 13-2, 3, 5.0
서문국수, 음식점, 제주특별자치도 제주시 서문로 72-1, 0, 0.0
삼성식당, 음식점, 제주특별자치도 제주시 서문로4길 13-2, 15, 2.2
미성, 음식점, 제주특별자치도 제주시 서문로4길 13-2, 1, 1.0
만복, 음식점, 제주특별자치도 제주시 서문로4길 13-2, 0, 0.0
라온샘, 음식점, 제주특별자치도 제주시 서문로4길 13-2, 2, 3.0
진양식당, 음식점, 제주특별자치도 제주시 서문로4길 13-2, 0, 0.0
숙희네식당, 음식점, 제주특별자치도 제주시 서문로4길 13-2, 0, 0.0
서문올레, 음식점, 제주특별자치도 제주시 서문로4길 13-2, 1, 5.0
점주, 음식점, 제주특별자치도 제주시 서문로4길 13-2, 0, 0.0
우진해장국, 음식점, 제주특별자치도 제주시 서사로 11, 943, 3.7
송림반점, 음식점, 제주특별자치도 제주시 관덕로 2-1, 74, 3.5
돈사촌 본점, 음식점, 제주특별자치도 제주시 서사로 7, 50, 3.7
장인의집 공항점, 음식점, 제주특별자치도 제주시 서사로 12, 7, 4.1
원룡짜짜뽕, 음식점, 제주특별자치도 제주시 서사로 4, 4, 4.5
멕시카나치킨 용담점, 음식점, 제주특별자치도 제주시 서사로 10, 5, 2.8
오방네참숯깡통구이, 음식점, 제주특별자치도 제주시 서사로 10-4, 0, 0.0
항아리숯불바베큐, 음식점, 제주특별자치도 제주시 서사로 6-1, 0, 0.0
제주서문통근고기, 음식점, 제주특별자치도 제주시 서사로 12, 1, 5.0
금관, 음식점, 제주특별자치도 제주시 탑동로 114, 3, 3.7
다도해식당, 음식점, 제주특별자치도 제주시 탑동로 114, 2, 5.0
태광식당, 음식점, 제주특별자치도 제주시 탑동로 142, 87, 3.8
안녕전복, 음식점, 제주특별자치도 제주시 관덕로 3, 135, 4.6
복집식당, 음식점, 제주특별자치도 제주시 비룡길 5, 62, 4.1
우럭의숲, 음식점, 제주특별자치도 제주시 무근성3길 9, 16, 4.2
고전떡볶이 본점, 음식점, 제주특별자치도 제주시 무근성5길 2, 18, 2.5
서문장터해장국, 음식점, 제주특별자치도 제주시 탑동로 134, 8, 4.3
해남아줌마, 음식점, 제주특별자치도 제주시 무근성7길 11, 3, 5.0
한올래, 음식점, 제주특별자치도 제주시 관덕로 5-1, 0, 0.0
숨은치킨, 음식점, 제주특별자치도 제주시 무근성길 44, 1, 2.0
순희네식당, 음식점, 제주특별자치도 제주시 탑동로 141-2, 0, 0.0
레인원, 음식점, 제주특별자치도 제주시 무근성7길 6, 0, 0.0
오리랑흑돼지랑, 음식점, 제주특별자치도 제주시 탑동로 117, 0, 0.0
제주우럭하우스, 음식점, 제주특별자치도 제주시 무근성3길 9, 0, 0.0
서가도삼계탕, 음식점, 제주특별자치도 제주시 동한두기길 1, 5, 5.0
정현갈비, 음식점, 제주특별자치도 제주시 북성로 70, 2, 5.0
산도위치 제주본점, 음식점, 제주특별자치도 제주시 북성로 64, 40, 4.3
닥앤돈스 칠성점, 음식점, 제주특별자치도 제주시 탑동로15길 28, 1, 5.0
닥엔돈스 제주칠성점, 음식점, 제주특별자치도 제주시 탑동로15길 28, 0, 0.0
성미식당, 음식점, 제주특별자치도 제주시 서광로18길 18, 5, 4.6
빨간집 삼도점, 음식점, 제주특별자치도 제주시 서광로 230, 0, 0.0
보통사람들, 음식점, 제주특별자치도 제주시 서광로18길 5-11, 1, 5.0
맥치킨, 음식점, 제주특별자치도 제주시 서광로20길 3-1, 2, 5.0
두산봉횟집, 음식점, 제주특별자치도 제주시 서광로20길 16, 0, 0.0
돈야탑촌 제주점, 음식점, 제주특별자치도 제주시 서광로 226, 1, 5.0
페리카나 이도점, 음식점, 제주특별자치도 제주시 서광로20길 3, 0, 0.0
상구비어 삼도점, 음식점, 제주특별자치도 제주시 서광로 240-1, 1, 5.0
맛사랑국수, 음식점, 제주특별자치도 제주시 서광로 232, 2, 5.0
청노루, 음식점, 제주특별자치도 제주시 서광로20길 7, 3, 5.0
신의혼밥, 음식점, 제주특별자치도 제주시 서광로 232-1, 0, 0.0
삼배통, 음식점, 제주특별자치도 제주시 서광로20길 14, 0, 0.0
신수연식당, 음식점, 제주특별자치도 제주시 서광로20길 4, 0, 0.0
붐비어, 음식점, 제주특별자치도 제주시 서광로 234-1, 0, 0.0
학림, 음식점, 제주특별자치도 제주시 서광로26길 9, 6, 5.0
이태리너랑같이제주, 음식점, 제주특별자치도 제주시 서광로20길 3-11, 3, 4.7
우도동굴 도남점, 음식점, 제주특별자치도 제주시 도남로 6, 11, 3.7
미가람, 음식점, 제주특별자치도 제주시 서광로26길 10-1, 1, 5.0
삼첩분식 제주시청점, 음식점, 제주특별자치도 제주시 서광로26길 1, 0, 0.0
미소담은 소, 음식점, 제주특별자치도 제주시 도남로 8, 1, 4.0
빠름, 음식점, 제주특별자치도 제주시 서광로26길 9-3, 0, 0.0
평안도막창구이, 음식점, 제주특별자치도 제주시 서광로22길 1, 0, 0.0
아리아리동동, 음식점, 제주특별자치도 제주시 서광로22길 9, 1, 5.0
누이, 음식점, 제주특별자치도 제주시 서광로26길 2, 0, 0.0
깜보식당, 음식점, 제주특별자치도 제주시 서광로26길 12, 1, 5.0
민하국수, 음식점, 제주특별자치도 제주시 서광로 248, 0, 0.0
서운당족발보쌈, 음식점, 제주특별자치도 제주시 서광로26길 9-1, 0, 0.0
홀리데이로맨스, 음식점, 제주특별자치도 제주시 서광로 246-1, 0, 0.0
신사동두목야식 삼도점, 음식점, 제주특별자치도 제주시 서광로 250-2, 0, 0.0
샘터식당, 음식점, 제주특별자치도 제주시 서광로26길 4, 0, 0.0
마이웨이, 음식점, 제주특별자치도 제주시 서광로 250-2, 0, 0.0
으네식당, 음식점, 제주특별자치도 제주시 서광로26길 8, 0, 0.0
청미락횟집, 음식점, 제주특별자치도 제주시 서사로 111, 7, 3.6
육장갈비 삼도점, 음식점, 제주특별자치도 제주시 서사로 131-1, 6, 4.5
동막골 서사라점, 음식점, 제주특별자치도 제주시 서사로 119, 8, 2.9
육회한집, 음식점, 제주특별자치도 제주시 서광로 229, 4, 5.0
예산가마솥 장수촌설렁탕 서사라점, 음식점, 제주특별자치도 제주시 서사로 131, 7, 5.0
연참치, 음식점, 제주특별자치도 제주시 서사로19길 4, 5, 5.0
치맥집, 음식점, 제주특별자치도 제주시 서사로 133, 6, 4.7
뚜레쥬르 제주서사라점, 음식점, 제주특별자치도 제주시 서사로 133, 1, 3.0
윗세오름, 음식점, 제주특별자치도 제주시 서광로19길 1, 1, 5.0
삼겹구이, 음식점, 제주특별자치도 제주시 서광로 225, 0, 0.0
비룡, 음식점, 제주특별자치도 제주시 서광로19길 28-17, 0, 0.0
코바코 제주삼도점, 음식점, 제주특별자치도 제주시 서광로 231-1, 2, 3.5
동아리 한라점, 음식점, 제주특별자치도 제주시 서광로 237-1, 1, 5.0
올레길호프, 음식점, 제주특별자치도 제주시 서광로21길 3, 0, 0.0
팅이마카롱, 음식점, 제주특별자치도 제주시 서광로19길 4-1, 0, 0.0
오뉴써니, 음식점, 제주특별자치도 제주시 서광로19길 12, 0, 0.0
탐라국꾼서광점, 음식점, 제주특별자치도 제주시 서광로21길 3, 0, 0.0
가리본가 광양점, 음식점, 제주특별자치도 제주시 서사로19길 42, 12, 3.3
꽈리치킨, 음식점, 제주특별자치도 제주시 서광로27길 11, 1, 5.0
원이조설농탕, 음식점, 제주특별자치도 제주시 전농로 70, 8, 4.8
커리우드하우스, 음식점, 제주특별자치도 제주시 전농로 69-1, 1, 5.0
가자중화요리, 음식점, 제주특별자치도 제주시 서사로 95, 0, 0.0
사라숯불구이, 음식점, 제주특별자치도 제주시 서사로 109, 1, 5.0
아는동생, 음식점, 제주특별자치도 제주시 서사로 109-1, 1, 5.0
탁이네포차, 음식점, 제주특별자치도 제주시 서사로 103, 0, 0.0
암사동벼락국물떡볶이 구제주점, 음식점, 제주특별자치도 제주시 전농로 68, 1, 5.0
사랑길포장마차, 음식점, 제주특별자치도 제주시 서사로 109, 0, 0.0
후윤분식, 음식점, 제주특별자치도 제주시 전농로 65, 1, 5.0
감성비어, 음식점, 제주특별자치도 제주시 서사로 101, 0, 0.0
홍어대가, 음식점, 제주특별자치도 제주시 전농로 99-1, 2, 5.0
골고루숯불갈비, 음식점, 제주특별자치도 제주시 전농로 96, 3, 5.0
좋은일이생길국수, 음식점, 제주특별자치도 제주시 전농로 109, 10, 4.8
추사장추어탕, 음식점, 제주특별자치도 제주시 서광로29길 12, 12, 4.5
Jk피자, 음식점, 제주특별자치도 제주시 서광로29길 3, 11, 4.7
금보성반점, 음식점, 제주특별자치도 제주시 서광로29길 24, 8, 4.4
장원들물식당, 음식점, 제주특별자치도 제주시 서광로29길 22-14, 9, 4.9
섬돌, 음식점, 제주특별자치도 제주시 용문로18길 42-1, None, None
통큰돼지, 음식점, 제주특별자치도 제주시 용문로 134, None, None
뚱아저씨화덕피자 용담점, 음식점, 제주특별자치도 제주시 용문로 127, None, None
동진식당 공항점, 음식점, 제주특별자치도 제주시 용화로 51-1, None, None
24시 전주콩나물국밥, 음식점,  제주특별자치도 제주시 용담이동 641-44, None, None
알통떡강정 용담점, 음식점, 제주특별자치도 제주시 용문로 151, None, None
일통치킨앤강정 용담점, 음식점, 제주특별자치도 제주시 용문로 151, None, None
BBQ 제주시외버스터미널점, 음식점, 제주특별자치도 제주시 서광로 174, None, None
트레비어 제주본점, 음식점, 제주특별자치도 제주시 서광로 192, None, None
레드사이공, 음식점, 제주특별자치도 제주시 서사로22길 4, None, None
차돌마당, 음식점, 제주특별자치도 제주시 서사로 148, None, None
용의성, 음식점, 제주특별자치도 제주시 서사로 144, None, None
칠돈가 본점, 음식점, 제주특별자치도 제주시 서천길 1, None, None
일품순두부 터미널점, 음식점, 제주특별자치도 제주시 서광로 167, None, None
해림식당, 음식점, 제주특별자치도 제주시 남성로 12, None, None
제주신미짜장, 음식점, 제주특별자치도 제주시 남성로 24, None, None
푸라닭치킨 제주터미널점, 음식점, 제주특별자치도 제주시 남성로2길 7, None, None
점순이네, 음식점, 제주특별자치도 제주시 남성로4길 1, None, None
용담스트릿, 음식점, 제주특별자치도 제주시 남성로3길 27, None, None
서사라모이세해장국 직영점, 음식점, 제주특별자치도 제주시 서광로5길 37, None, None
오리한마당, 음식점, 제주특별자치도 제주시 남성로 34, None, None
예진돈솥밥, 음식점, 제주특별자치도 제주시 남성로 32-1, None, None
돈세기, 음식점, 제주특별자치도 제주시 남성로8길 3, None, None
허그데이, 음식점, 제주특별자치도 제주시 서광로3길 41, None, None
전골명가, 음식점, 제주특별자치도 제주시 남성로 41, None, None
열린, 음식점, 제주특별자치도 제주시 남성로 41, None, None
치주고고 제주용담점, 음식점, 제주특별자치도 제주시 남성로 51, None, None
김밥군떡볶이양, 음식점, 제주특별자치도 제주시 서사로18길 41, None, None
영춘식당, 음식점, 제주특별자치도 제주시 평전길 12, None, None
파리바게뜨 제주서사라점, 음식점, 제주특별자치도 제주시 서광로 205, None, None
보영이네시장치킨, 음식점, 제주특별자치도 제주시 평전길 6, None, None
막창상회 서사라점, 음식점, 제주특별자치도 제주시 서광로 207, None, None
백년갈비, 음식점, 제주특별자치도 제주시 서광로 197, None, None
신기루, 음식점, 제주특별자치도 제주시 서사로18길 2, None, None
돈앤삼겹 서사라점, 음식점, 제주특별자치도 제주시 전농로 35, None, None
무판, 음식점, 제주특별자치도 제주시 전농로 34, None, None
스윗츄, 음식점, 제주특별자치도 제주시 전농로 28, None, None
여진이네, 음식점, 제주특별자치도 제주시 전농로 46, None, None
사쿠라미치, 음식점, 제주특별자치도 제주시 전농로 48-1, None, None
춘천명동닭갈비 서사라점, 음식점, 제주특별자치도 제주시 서사로 110-1, None, None
난타5000피자 서사로점, 음식점, 제주특별자치도 제주시 전농로 53-1, None, None
느영나영혼듸모영 용담점, 음식점, 제주특별자치도 제주시 용문로18길 16, None, None
용담술퍼마켓, 음식점, 제주특별자치도 제주시 남성로11길 6, None, None
제주앙, 음식점, 제주특별자치도 제주시 용남1길 16, None, None
시영통닭 용담점, 음식점, 제주특별자치도 제주시 용문로 160, None, None
파리바게뜨 제주용담점, 음식점, 제주특별자치도 제주시 용문로 162, None, None
찹쌀루 제주용담점, 음식점, 제주특별자치도 제주시 흥운길 1, None, None
넉둥베기, 음식점, 제주특별자치도 제주시 서문로 9-1, None, None
레옹앤젤리, 음식점, 제주특별자치도 제주시 용담로18길 6, None, None
뉴썬앤비어, 음식점, 제주특별자치도 제주시 서문로 24-2, None, None
사브로소인제주 직영점, 음식점, 제주특별자치도 제주시 전농로7길 44, None, None
유창호횟집, 음식점, 제주특별자치도 제주시 서사로 78, None, None
소문난떡집, 음식점, 제주특별자치도 제주시 남성로 98, None, None
영반점, 음식점, 제주특별자치도 제주시 남성로 129-5, None, None
설기, 음식점, 제주특별자치도 제주시 충효길 44, None, None
두다리, 음식점, 제주특별자치도 제주시 남성로 101, None, None
스시오하요, 음식점, 제주특별자치도 제주시 용담로 92, None, None
나홀로횟집, 음식점, 제주특별자치도 제주시 흥운길 24-1, None, None
유노, 음식점, 제주특별자치도 제주시 흥운길 19, None, None
만나식당, 음식점, 제주특별자치도 제주시 흥운길 31, None, None
막창상회 용담본점, 음식점, 제주특별자치도 제주시 흥운길 16, None, None
난타5000피자 제주용담점, 음식점, 제주특별자치도 제주시 용담로 84, None, None
편의점앞칼국수집, 음식점, 제주특별자치도 제주시 흥운길 38, None, None
고기짱, 음식점, 제주특별자치도 제주시 용담로 90, None, None
순수한둠비, 음식점, 제주특별자치도 제주시 서문로 37-11, None, None
가마치통닭 제주용담점, 음식점, 제주특별자치도 제주시 서문로 21, None, None
땅스부대찌개 구제주점, 음식점, 제주특별자치도 제주시 용담로 108, None, None
제주토속오메기떡, 음식점, 제주특별자치도 제주시 용담로 121, None, None
페리카나 용담점, 음식점, 제주특별자치도 제주시 용담로 94, None, None
트리안, 음식점, 제주특별자치도 제주시 용담로 79, None, None
자가제빵선명희피자 삼도용담점, 음식점, 제주특별자치도 제주시 용담로 77, None, None
오태식해바라기치킨 제주용담점, 음식점, 제주특별자치도 제주시 용담로 73, None, None
신전떡볶이 용담점, 음식점, 제주특별자치도 제주시 용담로 77, None, None
정임수산, 음식점,  제주특별자치도 제주시 용담이동 456-3, None, None
한라닭강정, 음식점, 제주특별자치도 제주시 서문로 49, None, None
혜진이네오메기떡, 음식점, 제주특별자치도 제주시 서문로4길 23, None, None
별미해장국, 음식점, 제주특별자치도 제주시 서사로 14, None, None
제주서문수산, 음식점, 제주특별자치도 제주시 서문로4길 13-2, None, None
옹포, 음식점, 제주특별자치도 제주시 서문로 70-1, None, None
보배식당, 음식점, 제주특별자치도 제주시 서문로4길 13-2, None, None
음향, 음식점, 제주특별자치도 제주시 서문로 73, None, None
자갈치브라더스 제주서문점, 음식점, 제주특별자치도 제주시 서문로 72-2, None, None
서문일번지식당, 음식점, 제주특별자치도 제주시 서문로4길 13-2, None, None
샘이네집, 음식점, 제주특별자치도 제주시 서문로4길 13-2, None, None
새평화, 음식점, 제주특별자치도 제주시 서문로4길 13-2, None, None
참멜, 음식점, 제주특별자치도 제주시 서사로 2-1, None, None
제주에가면, 음식점, 제주특별자치도 제주시 탑동로 119, None, None
정미당 제주, 음식점, 제주특별자치도 제주시 무근성7길 6, None, None
잉가이, 음식점, 제주특별자치도 제주시 무근성7길 1, None, None
돈돈, 음식점, 제주특별자치도 제주시 관덕로 2-3, None, None
제주주민갈비, 음식점, 제주특별자치도 제주시 무근성길 44, None, None
뤼미에흐, 음식점, 제주특별자치도 제주시 무근성길 38, None, None
주민숯갈비, 음식점, 제주특별자치도 제주시 무근성길 44, None, None
우뚝, 음식점, 제주특별자치도 제주시 탑동로 117, None, None
무근성모다들엉, 음식점, 제주특별자치도 제주시 무근성7길 1, None, None
어부어가, 음식점, 제주특별자치도 제주시 무근성7길 1, None, None
제주팜엔피쉬, 음식점, 제주특별자치도 제주시 관덕로 3, None, None
리프리지, 음식점, 제주특별자치도 제주시 탑동로 109, None, None
제주김만복 동문시장점, 음식점, 제주특별자치도 제주시 북성로 65, None, None
도토리키친 본점, 음식점, 제주특별자치도 제주시 북성로 59, None, None
명품정육점식당, 음식점, 제주특별자치도 제주시 탑동로 113, None, None
정개, 음식점, 제주특별자치도 제주시 서사로21길 3, None, None
행복밀, 음식점, 제주특별자치도 제주시 서광로 239, None, None
꼬꼬아찌숯불치킨 서사라점, 음식점, 제주특별자치도 제주시 서광로 226, None, None
원영식당, 음식점, 제주특별자치도 제주시 서광로18길 9, None, None
캠퍼트리, 음식점, 제주특별자치도 제주시 서광로 228-1, None, None
동근이숯불두마리치킨 제주시청점, 음식점, 제주특별자치도 제주시 서사로 149, None, None
힐링포차, 음식점, 제주특별자치도 제주시 서광로20길 3, None, None
컨츄리, 음식점, 제주특별자치도 제주시 서광로 242-2, None, None
꼬치타운 서광로점, 음식점, 제주특별자치도 제주시 서광로 232, None, None
안경쓴고등어, 음식점, 제주특별자치도 제주시 서광로20길 3-8, None, None
낫파운드라운지, 음식점, 제주특별자치도 제주시 서광로 250-2, None, None
어왔니, 음식점, 제주특별자치도 제주시 서광로22길 11, None, None
토대력 스마일점, 음식점, 제주특별자치도 제주시 서광로 264, None, None
올레관광호텔 라이브카페 레스토랑, 음식점, 제주특별자치도 제주시 서광로 254, None, None
존가네 제주시청점, 음식점, 제주특별자치도 제주시 서광로26길 1, None, None
부비곶뼈해장국, 음식점, 제주특별자치도 제주시 도남로 7, None, None
소주홀릭, 음식점, 제주특별자치도 제주시 도남로 3, None, None
자매정식, 음식점, 제주특별자치도 제주시 서사로19길 21, None, None
수눌음밥상, 음식점, 제주특별자치도 제주시 서광로21길 4-1, None, None
반올림피자샵 제주점, 음식점, 제주특별자치도 제주시 서광로21길 24, None, None
만타스시31 삼도점, 음식점, 제주특별자치도 제주시 서사로17길 3, None, None
꼬꼬앤쿡, 음식점, 제주특별자치도 제주시 서광로 223, None, None
해장이랑국수, 음식점, 제주특별자치도 제주시 서사로17길 1, None, None
무지개맥주 제주서사라점, 음식점, 제주특별자치도 제주시 서광로 221, None, None
이춘봉치킨 제주1호점, 음식점, 제주특별자치도 제주시 서사로17길 25, None, None
타코박스 구제주점, 음식점, 제주특별자치도 제주시 서사로19길 4, None, None
돌체라이브클럽, 음식점, 제주특별자치도 제주시 서사로 113, None, None
임사부국밥 구제주점, 음식점, 제주특별자치도 제주시 홍랑길 2, None, None
곤드레밥상 (휴업중), 음식점, 제주특별자치도 제주시 서광로 265, None, None
이노찌, 음식점, 제주특별자치도 제주시 전농로 77, None, None
미화식탁, 음식점, 제주특별자치도 제주시 전농로 75-1, None, None
명단, 음식점, 제주특별자치도 제주시 전농로 73-1, None, None
소소, 음식점, 제주특별자치도 제주시 서광로19길 34, None, None
파라디소, 음식점, 제주특별자치도 제주시 전농로 75-1, None, None
네가지맛삼겹살사돈, 음식점, 제주특별자치도 제주시 서사로 103-1, None, None
뚱지, 음식점, 제주특별자치도 제주시 서사로 101, None, None
꽃길, 음식점, 제주특별자치도 제주시 서광로25길 60, None, None
봉수아피자 구제주2호점, 음식점, 제주특별자치도 제주시 서사로 95, None, None
제주맘순두부전문점 삼도점, 음식점, 제주특별자치도 제주시 전농로 82, None, None
야미브라운, 음식점, 제주특별자치도 제주시 서사로13길 1-1, None, None
곱은달, 음식점, 제주특별자치도 제주시 전농로 73-1, None, None
인연, 음식점, 제주특별자치도 제주시 서사로 97, None, None
원더샌드위치, 음식점, 제주특별자치도 제주시 전농로 109, None, None
쿸쿸제과, 음식점, 제주특별자치도 제주시 전농로 96, None, None
연수감자탕, 음식점, 제주특별자치도 제주시 전농로 103-1, None, None
마퐁떡볶이 구제주점, 음식점, 제주특별자치도 제주시 전농로 99-1, None, None
루샹, 음식점, 제주특별자치도 제주시 서광로29길 14, None, None
이츠버거, 음식점, 제주특별자치도 제주시 서광로29길 8, None, None
파리바게뜨 제주광양점, 음식점, 제주특별자치도 제주시 서광로 281, None, None
짜투리숯불구이, 음식점, 제주특별자치도 제주시 서광로29길 8, 0, 0.0
서희원꼬지닷컴 제주삼성점, 음식점, 제주특별자치도 제주시 서광로29길 21, 2, 5.0
SM아이스크림할인점, 음식점, 제주특별자치도 제주시 서광로29길 26, 0, 0.0
광양물통, 음식점, 제주특별자치도 제주시 광양6길 10, 0, 0.0
하루정식, 음식점, 제주특별자치도 제주시 서광로29길 8, 0, 0.0
니꼬내꼬, 음식점, 제주특별자치도 제주시 광양4길 7, 1, 5.0
주점주호프, 음식점, 제주특별자치도 제주시 서광로29길 22, 0, 0.0
줌마포장마차, 음식점, 제주특별자치도 제주시 광양4길 8, 1, 5.0
제복일식, 음식점, 제주특별자치도 제주시 서광로29길 3, 1, 3.0
옛날옛적에, 음식점, 제주특별자치도 제주시 광양2길 17, 0, 0.0
긴따로정식, 음식점, 제주특별자치도 제주시 광양6길 8, 0, 0.0
광안국밥 구제주점, 음식점, 제주특별자치도 제주시 광양6길 2, 7, 3.0
삼도제과, 음식점, 제주특별자치도 제주시 중앙로 196, 7, 4.3
해성해장국, 음식점, 제주특별자치도 제주시 중앙로 195-5, 0, 0.0
연숙식당, 음식점, 제주특별자치도 제주시 동광로1길 19, 2, 3.0
신짱식당, 음식점, 제주특별자치도 제주시 중앙로 197, 1, 5.0
성동식당, 음식점, 제주특별자치도 제주시 광양2길 7, 0, 0.0
텅꼬치 광양점, 음식점, 제주특별자치도 제주시 중앙로 195, 0, 0.0
원담, 음식점, 제주특별자치도 제주시 동광로1길 13, 90, 4.0
함경면옥, 음식점, 제주특별자치도 제주시 광양2길 33, 11, 2.9
돈까스마을, 음식점, 제주특별자치도 제주시 서광로29길 36, 18, 4.5
파스타입니다 제주시청점, 음식점, 제주특별자치도 제주시 중앙로 180-1, 4, 3.0
밥방울, 음식점, 제주특별자치도 제주시 중앙로 163-1, 12, 4.8
광양고가네, 음식점, 제주특별자치도 제주시 광양2길 35, 2, 4.5
우리코코, 음식점, 제주특별자치도 제주시 서광로29길 36, 0, 0.0
초롱분식, 음식점, 제주특별자치도 제주시 서광로29길 34-2, 0, 0.0
광양고을빈대떡, 음식점, 제주특별자치도 제주시 중앙로 180-1, 0, 0.0
최고의밥상, 음식점, 제주특별자치도 제주시 서광로29길 36, 0, 0.0
미라이, 음식점, 제주특별자치도 제주시 전농로 113, 0, 0.0
감초식당, 음식점, 제주특별자치도 제주시 동광로1길 32, 42, 3.5
맛나식당, 음식점, 제주특별자치도 제주시 동광로1길 32, 8, 3.0
통큰순대집, 음식점, 제주특별자치도 제주시 동광로1길 32, 8, 3.9
나주닭집, 음식점, 제주특별자치도 제주시 동광로1길 32, 4, 4.3
금선수, 음식점, 제주특별자치도 제주시 동광로1길 21, 2, 5.0
돈만석, 음식점, 제주특별자치도 제주시 동광로1길 27, 2, 5.0
양순이네순대국밥, 음식점, 제주특별자치도 제주시 동광로1길 32, 2, 3.0
현옥이네, 음식점, 제주특별자치도 제주시 동광로1길 32, 1, 5.0
동화네동태찌게, 음식점, 제주특별자치도 제주시 광양1길 20, 2, 3.0
제주토속, 음식점, 제주특별자치도 제주시 동광로1길 31, 2, 5.0
중앙닭집, 음식점, 제주특별자치도 제주시 동광로1길 32, 1, 1.0
보성빵집, 음식점, 제주특별자치도 제주시 동광로1길 28-1, 1, 5.0
황소식당, 음식점, 제주특별자치도 제주시 동광로1길 32, 0, 0.0
미정이네, 음식점, 제주특별자치도 제주시 동광로1길 22, 4, 5.0
탐나오메기떡, 음식점, 제주특별자치도 제주시 광양1길 18, 1, 1.0
만두여행, 음식점, 제주특별자치도 제주시 동광로1길 22, 0, 0.0
까투리 광양점, 음식점, 제주특별자치도 제주시 중앙로 184, 0, 0.0
하영순대, 음식점, 제주특별자치도 제주시 동광로1길 32, 4, 4.8
청해진, 음식점, 제주특별자치도 제주시 광양1길 20, 0, 0.0
민영식당, 음식점, 제주특별자치도 제주시 동광로1길 28-1, 3, 5.0
치킨마차, 음식점, 제주특별자치도 제주시 동광로1길 30, 1, 5.0
세기식당, 음식점, 제주특별자치도 제주시 동광로1길 32, 3, 4.7
옥성식당, 음식점, 제주특별자치도 제주시 동광로1길 32, 3, 4.7
개미식당, 음식점, 제주특별자치도 제주시 중앙로 183, 8, 3.6
운성분식, 음식점, 제주특별자치도 제주시 동광로1길 31, 3, 5.0
장원닭집, 음식점, 제주특별자치도 제주시 동광로1길 32, 1, 4.0
우리동네고기, 음식점, 제주특별자치도 제주시 동광로1길 32, 0, 0.0
한소낭, 음식점, 제주특별자치도 제주시 동광로1길 28, 6, 3.0
대학로순대, 음식점, 제주특별자치도 제주시 동광로1길 32, 1, 4.0
통큰두마리찜닭 제주이도1동점, 음식점, 제주특별자치도 제주시 동광로1길 22, 0, 0.0
정든마차, 음식점, 제주특별자치도 제주시 동광로1길 31, 0, 0.0
송미식당, 음식점, 제주특별자치도 제주시 동광로1길 32, 0, 0.0
가경식당, 음식점, 제주특별자치도 제주시 광양1길 20, 0, 0.0
자매예술국수, 음식점, 제주특별자치도 제주시 서사로 75, 6, 4.8
텐더로인, 음식점, 제주특별자치도 제주시 서사로11길 16, 6, 5.0
만원애횟집, 음식점, 제주특별자치도 제주시 서사로11길 2, 2, 4.5
삼도제주보쌈, 음식점, 제주특별자치도 제주시 중앙로24길 24, 4, 4.0
이서림, 음식점, 제주특별자치도 제주시 중앙로24길 4, 7, 4.1
산전수전, 음식점, 제주특별자치도 제주시 중앙로24길 20, 1, 5.0
학고재, 음식점, 제주특별자치도 제주시 남성로26길 37, 6, 3.0
고기나라 야채나라, 음식점, 제주특별자치도 제주시 중앙로24길 23, 0, 0.0
신비국수국밥, 음식점, 제주특별자치도 제주시 중앙로24길 22, 5, 5.0
종스브레드, 음식점, 제주특별자치도 제주시 중앙로 128-1, 7, 4.0
명가동태탕, 음식점, 제주특별자치도 제주시 남성로26길 46, 4, 3.5
어멍밥집, 음식점, 제주특별자치도 제주시 중앙로24길 18, 0, 0.0
청춘마차, 음식점, 제주특별자치도 제주시 중앙로24길 13, 2, 5.0
백합식당, 음식점, 제주특별자치도 제주시 중앙로24길 3, 1, 5.0
오렌지꼬치구이삼도점, 음식점, 제주특별자치도 제주시 중앙로 130, 0, 0.0
한중원, 음식점, 제주특별자치도 제주시 중앙로24길 20, 0, 0.0
만두나라, 음식점, 제주특별자치도 제주시 중앙로 132, 2, 1.0
닭짱 삼도용담점, 음식점, 제주특별자치도 제주시 중앙로 134, 0, 0.0
명품베이커리, 음식점, 제주특별자치도 제주시 중앙로 128-1, 0, 0.0
탐라가든, 음식점, 제주특별자치도 제주시 서사로 51, 42, 3.7
시조왕복해장국, 음식점, 제주특별자치도 제주시 남성로22길 8-1, 1, 5.0
시조왕, 음식점, 제주특별자치도 제주시 남성로22길 8-1, 2, 3.0
연경가든, 음식점, 제주특별자치도 제주시 남성로 143-13, 0, 0.0
딜리버리쿡 제주시청점, 음식점, 제주특별자치도 제주시 남성로 156-2, 2, 5.0
배수진찐빵집손만두, 음식점, 제주특별자치도 제주시 남성로 154, 0, 0.0
청춘포차, 음식점, 제주특별자치도 제주시 서사로 35, 0, 0.0
세븐소주&호프, 음식점, 제주특별자치도 제주시 남성로 159, 0, 0.0
김앤김, 음식점, 제주특별자치도 제주시 서사로 35, 0, 0.0
제주보말칼국수, 음식점, 제주특별자치도 제주시 관덕로8길 40, 79, 4.5
남문 숯불바베큐&치킨 본점, 음식점, 제주특별자치도 제주시 중앙로 118-1, 7, 3.7
시민골, 음식점, 제주특별자치도 제주시 중앙로21길 6, 10, 4.6
마라탕에취한날 본점, 음식점, 제주특별자치도 제주시 관덕로8길 40, 2, 4.5
남문갈비, 음식점, 제주특별자치도 제주시 중앙로21길 2, 2, 5.0
백년가게일곱물, 음식점, 제주특별자치도 제주시 고전길 32, 5, 4.0
돈소금, 음식점, 제주특별자치도 제주시 고전길 19, 4, 5.0
박가네닭한마리칼국수, 음식점, 제주특별자치도 제주시 중앙로21길 6, 0, 0.0
스페셜 삼도점, 음식점, 제주특별자치도 제주시 고전길 31, 0, 0.0
시민야식당, 음식점, 제주특별자치도 제주시 중앙로 117-1, 0, 0.0
십팔번지, 음식점, 제주특별자치도 제주시 남성로 165, 0, 0.0
박가네술단지, 음식점, 제주특별자치도 제주시 중앙로21길 6, 0, 0.0
대광식당, 음식점, 제주특별자치도 제주시 중앙로23길 9, 34, 3.1
태선갈비, 음식점, 제주특별자치도 제주시 중앙로23길 2, 31, 3.9
원조호수아구찜, 음식점, 제주특별자치도 제주시 중앙로 137-2, 4, 2.5
누리마씸, 음식점, 제주특별자치도 제주시 중앙로23길 20, 4, 5.0
장어나라, 음식점, 제주특별자치도 제주시 중앙로 133, 3, 3.0
밥심, 음식점, 제주특별자치도 제주시 중앙로 148, 0, 0.0
까투리 시민점, 음식점, 제주특별자치도 제주시 중앙로 137, 0, 0.0
향기마라탕오리전문점, 음식점, 제주특별자치도 제주시 중앙로 140, 2, 3.0
꼬치파티, 음식점, 제주특별자치도 제주시 중앙로 135, 0, 0.0
델리, 음식점, 제주특별자치도 제주시 중앙로 151, 0, 0.0
한강수식당, 음식점, 제주특별자치도 제주시 중앙로 131-2, 1, 5.0
미르오메기떡, 음식점, 제주특별자치도 제주시 삼성로 25, 76, 4.5
미미국수, 음식점, 제주특별자치도 제주시 삼성로 39, 26, 4.1
보현칼국수, 음식점, 제주특별자치도 제주시 삼성로 23, 6, 5.0
마녀김밥도시락, 음식점, 제주특별자치도 제주시 오현길 16, 1, 5.0
은지농수산오메기떡, 음식점, 제주특별자치도 제주시 삼성로 26, 0, 0.0
호두파이가 맛있는집, 음식점, 제주특별자치도 제주시 오현길 10, 4, 4.8
용대리명태찜, 음식점, 제주특별자치도 제주시 오현길 2, 0, 0.0
연이네식당, 음식점, 제주특별자치도 제주시 오현길 4, 1, 5.0
엄마와치킨, 음식점, 제주특별자치도 제주시 오현길 9, 0, 0.0
견우와직녀, 음식점, 제주특별자치도 제주시 오현길 4, 0, 0.0
호텔하니크라운 구내, 음식점, 제주특별자치도 제주시 삼성로 10, 0, 0.0
제주할망오메기떡, 음식점, 제주특별자치도 제주시 오현길 48, 5, 4.4
순미식당, 음식점, 제주특별자치도 제주시 고전길 20, 5, 4.8
꼬부기마카롱, 음식점, 제주특별자치도 제주시 오현길 35, 1, 5.0
보금식당, 음식점, 제주특별자치도 제주시 삼성로1길 35, 0, 0.0
섬마당갈비, 음식점, 제주특별자치도 제주시 신산로8길 40, 4, 5.0
미소리사, 음식점, 제주특별자치도 제주시 신산로8길 35, 0, 0.0
남수각수산회포장, 음식점, 제주특별자치도 제주시 삼성로5길 13-36, 0, 0.0
모이세해장국 중앙점, 음식점, 제주특별자치도 제주시 관덕로6길 11, 14, 2.7
일맥, 음식점, 제주특별자치도 제주시 중앙로14길 40-8, 8, 3.0
20년전통부대찌개, 음식점, 제주특별자치도 제주시 중앙로14길 35, 13, 4.4
서문뒷고기, 음식점, 제주특별자치도 제주시 중앙로14길 40-2, 21, 4.2
봄이네해바라기, 음식점, 제주특별자치도 제주시 중앙로14길 24, 19, 3.8
정직한통닭 중앙점, 음식점, 제주특별자치도 제주시 중앙로14길 29, 4, 4.0
장수마을, 음식점, 제주특별자치도 제주시 관덕로2길 20-1, 0, 0.0
손씨네식당, 음식점, 제주특별자치도 제주시 관덕로4길 18, 12, 4.3
황해면옥 제주본점, 음식점, 제주특별자치도 제주시 관덕로6길 11, 0, 0.0
쉬는팡, 음식점, 제주특별자치도 제주시 관덕로2길 22, 2, 4.5
하귀정담, 음식점, 제주특별자치도 제주시 중앙로12길 21, 5, 5.0
에메랄드호텔구내, 음식점, 제주특별자치도 제주시 중앙로12길 35, 0, 0.0
바그다드, 음식점, 제주특별자치도 제주시 관덕로8길 34, 32, 4.7
와르다레스토랑, 음식점, 제주특별자치도 제주시 관덕로8길 24-1, 62, 4.7
영흥반점, 음식점, 제주특별자치도 제주시 중앙로 88-8, 6, 4.0
호반식당, 음식점, 제주특별자치도 제주시 관덕로8길 26, 7, 4.6
꽃구름, 음식점, 제주특별자치도 제주시 남성로25길 15, 0, 0.0
현선이네, 음식점, 제주특별자치도 제주시 관덕로8길 32, 0, 0.0
명동손칼국수, 음식점, 제주특별자치도 제주시 중앙로15길 5, 26, 3.5
본죽 제주중앙점, 음식점, 제주특별자치도 제주시 중앙로 87, 5, 2.4
동문김밥, 음식점, 제주특별자치도 제주시 중앙로 85, 11, 5.0
신토불이, 음식점, 제주특별자치도 제주시 중앙로15길 5, 2, 3.0
고향모밀, 음식점, 제주특별자치도 제주시 중앙로 77, 0, 0.0
떡볶이스타 동문시장점, 음식점, 제주특별자치도 제주시 중앙로15길 6, 0, 0.0
원조미풍해장국 본점, 음식점, 제주특별자치도 제주시 중앙로14길 13, 75, 3.3
설농옥, 음식점, 제주특별자치도 제주시 관덕로8길 15, 10, 3.5
미풍정식당, 음식점, 제주특별자치도 제주시 중앙로14길 11, 13, 3.7
별당, 음식점, 제주특별자치도 제주시 중앙로12길 8, 11, 4.5
천원분식, 음식점, 제주특별자치도 제주시 관덕로8길 22, 7, 4.1
베지근순대국밥, 음식점, 제주특별자치도 제주시 중앙로14길 6-1, 0, 0.0
마시썸, 음식점, 제주특별자치도 제주시 중앙로14길 18, 1, 4.0
중앙치킨호프, 음식점, 제주특별자치도 제주시 관덕로8길 19, 2, 4.0
형님네치킨호프, 음식점, 제주특별자치도 제주시 중앙로12길 10, 0, 0.0
이산저산, 음식점, 제주특별자치도 제주시 관덕로8길 9, 0, 0.0
파리바게뜨 제주중앙점, 음식점, 제주특별자치도 제주시 중앙로 73, 4, 4.0
아시아빵집, 음식점, 제주특별자치도 제주시 중앙로 77, 2, 4.5
모녀떡집, 음식점, 제주특별자치도 제주시 중앙로 63-9, 0, 0.0
BOTTLE, 음식점, 제주특별자치도 제주시 중앙로14길 6, 0, 0.0
제주맑음, 음식점, 제주특별자치도 제주시 관덕로3길 1-1, 28, 4.0
유메, 음식점, 제주특별자치도 제주시 무근성7길 23, 38, 4.6
곤지암소머리국밥, 음식점, 제주특별자치도 제주시 관덕로4길 4, 13, 4.8
제주주민센터, 음식점, 제주특별자치도 제주시 무근성길 46, 9, 4.3
요한이네빵집, 음식점, 제주특별자치도 제주시 관덕로 16-1, 4, 3.0
정직한통닭 삼도점, 음식점, 제주특별자치도 제주시 무근성7길 28, 20, 4.5
인연돼지, 음식점, 제주특별자치도 제주시 무근성7길 17, 0, 0.0
바세츠아이스크림, 음식점, 제주특별자치도 제주시 관덕로 8, 0, 0.0
타인의취향, 음식점, 제주특별자치도 제주시 관덕로 16-1, 4, 5.0
돈먹고돈주기 제주점, 음식점, 제주특별자치도 제주시 무근성7길 22, 3, 5.0
북교해바라기, 음식점, 제주특별자치도 제주시 중앙로 46-8, 17, 4.4
왕김밥, 음식점, 제주특별자치도 제주시 관덕로8길 7, 39, 4.5
함흥면옥, 음식점, 제주특별자치도 제주시 관덕로 43, 14, 2.9
담원흑돼지, 음식점, 제주특별자치도 제주시 중앙로8길 5, 1, 5.0
이레밥상, 음식점, 제주특별자치도 제주시 중앙로 46-5, 11, 5.0
신신불닭발, 음식점, 제주특별자치도 제주시 중앙로 44-2, 4, 4.0
도니버거, 음식점, 제주특별자치도 제주시 중앙로 지하 60, 3, 4.7
미소펍, 음식점, 제주특별자치도 제주시 관덕로 41, 1, 5.0
고향, 음식점, 제주특별자치도 제주시 관덕로9길 10, 1, 5.0
에바다분식, 음식점, 제주특별자치도 제주시 관덕로8길 8, 1, 5.0
동천숯불갈비, 음식점, 제주특별자치도 제주시 관덕로8길 8, 3, 4.3
구일구육, 음식점, 제주특별자치도 제주시 중앙로8길 9, 3, 5.0
여여락, 음식점, 제주특별자치도 제주시 중앙로8길 1, 0, 0.0
아리헌오리식당, 음식점, 제주특별자치도 제주시 중앙로8길 3, 0, 0.0
한중일퓨전포차, 음식점, 제주특별자치도 제주시 관덕로7길 12-5, 0, 0.0
샌드데이, 음식점, 제주특별자치도 제주시 중앙로 지하 60, 0, 0.0
탑아구찜, 음식점, 제주특별자치도 제주시 관덕로9길 9-1, 0, 0.0
돌하르방옥돔, 음식점, 제주특별자치도 제주시 성지로 37, 0, 0.0
제주삼촌 수제 흑돼지떡갈비, 음식점, 제주특별자치도 제주시 중앙로13길 16-12, 0, 0.0
골목식당, 음식점, 제주특별자치도 제주시 중앙로 63-9, 25, 4.3
자연몸국, 음식점, 제주특별자치도 제주시 중앙로 63-11, 25, 4.4
고객식당, 음식점, 제주특별자치도 제주시 오현길 78-6, 47, 2.7
금메달식당, 음식점, 제주특별자치도 제주시 오현길 85, 10, 3.9
풍정포차, 음식점, 제주특별자치도 제주시 오현길 85, 19, 4.6
제주벨미 동문시장점, 음식점, 제주특별자치도 제주시 관덕로14길 14, 5, 3.4
자갈치회센타, 음식점, 제주특별자치도 제주시 중앙로11길 8, 6, 4.3
제주삼춘네전복김밥, 음식점, 제주특별자치도 제주시 관덕로14길 16, 1, 5.0
시장올레, 음식점, 제주특별자치도 제주시 관덕로14길 10, 62, 2.0
동문올레찐빵, 음식점, 제주특별자치도 제주시 오현길 83, 4, 4.0
낙원떡집, 음식점, 제주특별자치도 제주시 중앙로11길 8, 1, 3.0
럭키분식, 음식점, 제주특별자치도 제주시 중앙로 63-11, 9, 2.8
레드랍스타, 음식점, 제주특별자치도 제주시 관덕로14길 16, 0, 0.0
동문삼원횟집, 음식점, 제주특별자치도 제주시 관덕로14길 18, 5, 4.4
삼원장어수산, 음식점, 제주특별자치도 제주시 관덕로14길 18, 3, 5.0
동문참식당, 음식점, 제주특별자치도 제주시 관덕로14길 16, 2, 5.0
스마일식당, 음식점, 제주특별자치도 제주시 중앙로11길 8, 1, 1.0
아방닭강정, 음식점, 제주특별자치도 제주시 관덕로14길 16, 0, 0.0
뻥튀기는강정, 음식점, 제주특별자치도 제주시 오현길 85, 0, 0.0
괜당네전, 음식점, 제주특별자치도 제주시 관덕로14길 12, 0, 0.0
동문올레찐빵, 음식점, 제주특별자치도 제주시 오현길 85, 0, 0.0
제주아이키친, 음식점, 제주특별자치도 제주시 관덕로14길 16, 0, 0.0
동빵 제주동문시장점, 음식점, 제주특별자치도 제주시 오현길 78-11, 0, 0.0
현풍, 음식점, 제주특별자치도 제주시 중앙로11길 8, 0, 0.0
오복떡집, 음식점, 제주특별자치도 제주시 동문로2길 10, 37, 2.3
귤하르방 동문시장점, 음식점, 제주특별자치도 제주시 동문로4길 18, 5, 4.0
안성식당, 음식점, 제주특별자치도 제주시 동문로4길 17-4, 20, 4.4
여진떡집, 음식점, 제주특별자치도 제주시 관덕로14길 5, 15, 4.1
삼월, 음식점, 제주특별자치도 제주시 동문로2길 17-2, 13, 5.0
오일장떡볶이, 음식점, 제주특별자치도 제주시 동문로4길 17, 20, 1.3
청춘이오란다, 음식점, 제주특별자치도 제주시 동문로 6-8, 17, 4.3
포102, 음식점, 제주특별자치도 제주시 중앙로13길 25-2, 2, 5.0
장인오메기떡방, 음식점, 제주특별자치도 제주시 동문로4길 17, 5, 4.2
동문관, 음식점, 제주특별자치도 제주시 동문로4길 17-3, 4, 3.8
동문감자탕, 음식점, 제주특별자치도 제주시 중앙로13길 25-2, 4, 3.0
만송식당, 음식점, 제주특별자치도 제주시 동문로4길 17-1, 2, 3.5
준호식당, 음식점, 제주특별자치도 제주시 동문로4길 17-2, 0, 0.0
오빠네왕만두, 음식점, 제주특별자치도 제주시 동문로4길 18, 11, 1.7
승신옥돔, 음식점, 제주특별자치도 제주시 동문로2길 10, 0, 0.0
제주에꼬치다, 음식점, 제주특별자치도 제주시 동문로4길 17, 6, 1.3
시장횟집, 음식점, 제주특별자치도 제주시 동문로 6-8, 0, 0.0
종합닭집, 음식점, 제주특별자치도 제주시 동문로2길 12, 0, 0.0
진일식육, 음식점, 제주특별자치도 제주시 동문로4길 24, 1, 4.0
경남식육점, 음식점, 제주특별자치도 제주시 동문로2길 11, 1, 5.0
미리, 음식점, 제주특별자치도 제주시 동문로4길 17, 0, 0.0
면타발, 음식점, 제주특별자치도 제주시 동문로4길 17-1, 0, 0.0
가영이네횟집, 음식점, 제주특별자치도 제주시 성지로 46-1, 11, 4.5
오현돼지불백, 음식점, 제주특별자치도 제주시 성지로 58-2, 65, 4.1
경기부대찌개전문점, 음식점, 제주특별자치도 제주시 성지로 56, 8, 4.8
오고정식당, 음식점, 제주특별자치도 제주시 성지로 57, 0, 0.0
진아떡집, 음식점, 제주특별자치도 제주시 동문로4길 7-1, 133, 4.5
광명식당, 음식점, 제주특별자치도 제주시 동문로4길 9, 83, 3.1
한성오메기떡, 음식점, 제주특별자치도 제주시 동문로4길 9-2, 25, 2.2
사랑분식, 음식점, 제주특별자치도 제주시 동문로4길 12, 67, 2.9
장춘식당, 음식점, 제주특별자치도 제주시 동문로4길 9-6, 25, 2.4
꺼멍도새기 2호점, 음식점, 제주특별자치도 제주시 동문로4길 9, 12, 3.1
옛날동문시장칼국수, 음식점, 제주특별자치도 제주시 동문로4길 9, 2, 5.0
오메오메 동문시장점, 음식점, 제주특별자치도 제주시 중앙로13길 35, 6, 4.7
내맘대로정식, 음식점, 제주특별자치도 제주시 동문로4길 9, 2, 5.0
알뜰전통오메기떡 본점, 음식점, 제주특별자치도 제주시 중앙로13길 35-1, 2, 3.0
도꼭지, 음식점, 제주특별자치도 제주시 동문로4길 14, 0, 0.0
제주 한우소머리국밥, 음식점, 제주특별자치도 제주시 동문로4길 9, 1, 1.0
알뜰떡집, 음식점, 제주특별자치도 제주시 중앙로13길 35-1, 2, 2.5
남해수산, 음식점, 제주특별자치도 제주시 관덕로 64-1, 67, 4.9
아주반점, 음식점, 제주특별자치도 제주시 관덕로13길 4, 15, 2.7
착한혼밥, 음식점, 제주특별자치도 제주시 중앙로11길 1, 15, 3.9
개원, 음식점, 제주특별자치도 제주시 관덕로13길 8-2, 13, 4.4
언양식당, 음식점, 제주특별자치도 제주시 중앙로11길 13, 6, 4.7
호봉토스트 칠성점, 음식점, 제주특별자치도 제주시 관덕로 59, 11, 4.4
온정떡방, 음식점, 제주특별자치도 제주시 중앙로11길 1, 0, 0.0
지민원흑돼지꼬치구이 2호점, 음식점, 제주특별자치도 제주시 오현길 88, 0, 0.0
나나, 음식점, 제주특별자치도 제주시 관덕로 64-2, 0, 0.0
동문어수산, 음식점, 제주특별자치도 제주시 관덕로 64, 0, 0.0
푸른바다, 음식점, 제주특별자치도 제주시 오현길 90, 0, 0.0
로빈힐, 음식점, 제주특별자치도 제주시 관덕로11길 3, 0, 0.0
셰프의초밥 제주, 음식점, 제주특별자치도 제주시 관덕로15길 2, 22, 3.6
한일식당, 음식점, 제주특별자치도 제주시 동문로 6-4, 9, 5.0
시루원, 음식점, 제주특별자치도 제주시 동문로 6-2, 7, 3.4
쌀똑핫도그 제주동문시장점, 음식점, 제주특별자치도 제주시 동문로 6-3, 0, 0.0
뉴푸른밥상, 음식점, 제주특별자치도 제주시 관덕로15길 3-2, 0, 0.0
신해바라기분식 본점, 음식점, 제주특별자치도 제주시 관덕로13길 13, 62, 2.9
신마라본색 칠성점, 음식점, 제주특별자치도 제주시 관덕로13길 14, 1, 5.0
김가네 제주탑동점, 음식점, 제주특별자치도 제주시 관덕로11길 8-5, 2, 3.0
양씨네제주전복칼국수 본점, 음식점, 제주특별자치도 제주시 관덕로13길 10-1, 6, 4.2
비스트로토닥토닥 칠성로점, 음식점, 제주특별자치도 제주시 칠성로길 27, 0, 0.0
제주주락, 음식점, 제주특별자치도 제주시 칠성로길 21, 0, 0.0
츄레리아, 음식점, 제주특별자치도 제주시 칠성로길 30-1, 0, 0.0
오륙도갈비, 음식점, 제주특별자치도 제주시 관덕로15길 10, 1, 5.0
복심이네정식, 음식점, 제주특별자치도 제주시 관덕로15길 7, 1, 1.0
삼다청정식품, 음식점, 제주특별자치도 제주시 관덕로15길 11, 0, 0.0
청정갈비막창구이, 음식점, 제주특별자치도 제주시 관덕로15길 11, 0, 0.0
금복식당, 음식점, 제주특별자치도 제주시 동문로 16, 55, 4.2
동진식당, 음식점, 제주특별자치도 제주시 동문로 16, 35, 3.9
동문호떡, 음식점, 제주특별자치도 제주시 동문로 16, 0, 0.0
철판구이오천, 음식점, 제주특별자치도 제주시 동문로 10, 1, 5.0
천금반점, 음식점, 제주특별자치도 제주시 북성로 7, 51, 3.3
종로3가, 음식점, 제주특별자치도 제주시 북성로 9, 18, 4.2
마법의성, 음식점, 제주특별자치도 제주시 북성로 5, 0, 0.0
삼대국수회관 본점, 음식점, 제주특별자치도 제주시 삼성로 41, 187, 3.4
일도국수, 음식점, 제주특별자치도 제주시 삼성로 49, 52, 2.1
수정횟집, 음식점, 제주특별자치도 제주시 삼성로 47, 6, 5.0
다니엘스키친, 음식점, 제주특별자치도 제주시 삼성로9길 18-1, 4, 5.0
엘리와젬마의 치킨스토리, 음식점, 제주특별자치도 제주시 서광로29길 13, None, None
바라수제버거, 음식점, 제주특별자치도 제주시 서광로29길 8, None, None
다인횟집, 음식점, 제주특별자치도 제주시 서광로29길 3, None, None
나나크메르식당, 음식점, 제주특별자치도 제주시 서광로29길 8, None, None
피치랑 구제주점, 음식점, 제주특별자치도 제주시 광양6길 5, None, None
달소녀주막, 음식점, 제주특별자치도 제주시 광양6길 9, None, None
김지연케이크, 음식점, 제주특별자치도 제주시 광양6길 2, None, None
신이내린닭 제주시청점, 음식점, 제주특별자치도 제주시 광양4길 2, None, None
마라하오 구제주점, 음식점, 제주특별자치도 제주시 광양6길 2, None, None
제주다드림, 음식점, 제주특별자치도 제주시 광양2길 14, None, None
옛날홍가네칼국수, 음식점, 제주특별자치도 제주시 전농로 113, None, None
북경반점, 음식점, 제주특별자치도 제주시 전농로 117, None, None
신화정스시 시청점, 음식점, 제주특별자치도 제주시 서광로29길 34-2, None, None
명동찌개마을 제주본점, 음식점, 제주특별자치도 제주시 전농로 113, None, None
리얼안심탕수육앤리얼하노이 제주 이도점, 음식점, 제주특별자치도 제주시 전농로 119, None, None
더후라이팬 제주이도점, 음식점, 제주특별자치도 제주시 전농로 119, None, None
현경식당, 음식점, 제주특별자치도 제주시 동광로1길 32, None, None
맹이네숯불갈비국수, 음식점, 제주특별자치도 제주시 중앙로 189, None, None
흑산도홍어식당, 음식점, 제주특별자치도 제주시 동광로1길 31, None, None
강남식당, 음식점, 제주특별자치도 제주시 동광로1길 32, None, None
보성식당, 음식점, 제주특별자치도 제주시 동광로1길 30, None, None
단밤베이커리, 음식점, 제주특별자치도 제주시 동광로1길 32, None, None
어머니순대, 음식점, 제주특별자치도 제주시 동광로1길 32, None, None
돈까스꼬치네, 음식점, 제주특별자치도 제주시 동광로1길 28, None, None
제주왕족보 제주본점, 음식점, 제주특별자치도 제주시 중앙로24길 26, None, None
진정제주, 음식점, 제주특별자치도 제주시 서사로11길 17, None, None
디디씨치킨 삼도점, 음식점, 제주특별자치도 제주시 중앙로24길 26, None, None
제주돈삼겹 삼도점, 음식점, 제주특별자치도 제주시 남성로26길 34, None, None
갈비일번가, 음식점, 제주특별자치도 제주시 중앙로24길 7, None, None
소백산능이묵밥, 음식점, 제주특별자치도 제주시 중앙로24길 21, None, None
미경이네포차, 음식점, 제주특별자치도 제주시 중앙로24길 19, None, None
오렌지 퓨전꼬치구이 전문점 삼도점, 음식점, 제주특별자치도 제주시 중앙로 130, None, None
올리다버거, 음식점, 제주특별자치도 제주시 남성로 154-6, None, None
진이칼국수, 음식점, 제주특별자치도 제주시 남성로 154, None, None
또래오래 삼도점, 음식점, 제주특별자치도 제주시 남성로 150, None, None
스페셜남초 땡초아구찜, 음식점, 제주특별자치도 제주시 서사로 35, None, None
지영야식당, 음식점, 제주특별자치도 제주시 남성로 146, None, None
스페샬 남초점, 음식점, 제주특별자치도 제주시 서사로 35, None, None
영락마을회관국수, 음식점, 제주특별자치도 제주시 남성로 165, None, None
대박왕갈비, 음식점, 제주특별자치도 제주시 남성로26길 22, None, None
하몽이네, 음식점, 제주특별자치도 제주시 중앙로21길 4, None, None
프리벌스, 음식점, 제주특별자치도 제주시 남성로 167, None, None
라뷰, 음식점, 제주특별자치도 제주시 중앙로 114, None, None
불쿡판다, 음식점, 제주특별자치도 제주시 중앙로21길 6, None, None
30년불멸의닭발, 음식점, 제주특별자치도 제주시 중앙로22길 5, None, None
다솜, 음식점, 제주특별자치도 제주시 중앙로 120, None, None
파라다이스회관, 음식점, 제주특별자치도 제주시 삼성로 9, None, None
제주KAL호텔 사라, 음식점, 제주특별자치도 제주시 중앙로 151, None, None
다소니, 음식점, 제주특별자치도 제주시 고전길 2, None, None
신가네야식, 음식점, 제주특별자치도 제주시 고전길 2-6, None, None
삼성혈분식, 음식점, 제주특별자치도 제주시 오현길 9, None, None
하루엔샐러드, 음식점, 제주특별자치도 제주시 중앙로23길 20, None, None
심향, 음식점, 제주특별자치도 제주시 중앙로 151, None, None
델리카트슨, 음식점, 제주특별자치도 제주시 중앙로 151, None, None
연태만, 음식점, 제주특별자치도 제주시 중앙로21길 10, None, None
츠루텐, 음식점, 제주특별자치도 제주시 오현길 45, None, None
시민상회, 음식점, 제주특별자치도 제주시 오현길 38, None, None
엄마의집밥, 음식점, 제주특별자치도 제주시 삼성로5길 20-2, None, None
요술식탁, 음식점, 제주특별자치도 제주시 관덕로6길 12, None, None
국수마씸, 음식점, 제주특별자치도 제주시 관덕로2길 24, None, None
자양삼계탕, 음식점, 제주특별자치도 제주시 관덕로6길 17, None, None
삼도해장국, 음식점, 제주특별자치도 제주시 중앙로14길 34, None, None
미디어라운지배트, 음식점, 제주특별자치도 제주시 중앙로14길 28, None, None
제주천수옥, 음식점, 제주특별자치도 제주시 중앙로14길 28, None, None
바오비, 음식점, 제주특별자치도 제주시 중앙로 88-6, None, None
배떡 제주중앙점, 음식점, 제주특별자치도 제주시 중앙로 87, None, None
참좋은해물라면 동문점, 음식점, 제주특별자치도 제주시 중앙로14길 12, None, None
아방얼큰칼국수, 음식점, 제주특별자치도 제주시 중앙로12길 22, None, None
카페띠아모 제주중앙점, 음식점, 제주특별자치도 제주시 중앙로14길 5, None, None
다니엘스키친 동문시장점, 음식점, 제주특별자치도 제주시 중앙로14길 6-1, None, None
무위, 음식점, 제주특별자치도 제주시 관덕로8길 7-12, None, None
배스킨라빈스 제주중앙점, 음식점, 제주특별자치도 제주시 중앙로 72, None, None
BBQ 제주중앙로점, 음식점, 제주특별자치도 제주시 중앙로14길 6, None, None
칼로리연구소, 음식점, 제주특별자치도 제주시 중앙로12길 1, None, None
제주만두, 음식점, 제주특별자치도 제주시 중앙로14길 4-1, None, None
제주시새우리 제주점, 음식점, 제주특별자치도 제주시 무근성7길 24, None, None
정성듬뿍제주국, 음식점, 제주특별자치도 제주시 무근성7길 16, None, None
레이어스 베이크하우스, 음식점, 제주특별자치도 제주시 무근성7길 25, None, None
도주제김밥, 음식점, 제주특별자치도 제주시 관덕로3길 9-1, None, None
왕왕순대국밥몸국, 음식점, 제주특별자치도 제주시 무근성7길 20, None, None
부가네얼큰이 본점, 음식점, 제주특별자치도 제주시 관덕로 15, None, None
관덕정들깨칼국수, 음식점, 제주특별자치도 제주시 관덕로 11-1, None, None
바당샌드, 음식점, 제주특별자치도 제주시 무근성7길 22, None, None
스톤아일랜드 탭하우스 텐저린맨션점, 음식점, 제주특별자치도 제주시 관덕로 26, None, None
한천떡집, 음식점, 제주특별자치도 제주시 관덕로3길 5, None, None
다이노바이트샌드위치, 음식점, 제주특별자치도 제주시 관덕로 16, None, None
돌고망, 음식점, 제주특별자치도 제주시 무근성7길 17, None, None
고흥식당, 음식점, 제주특별자치도 제주시 무근성7길 15, None, None
제주관덕정분식, 음식점, 제주특별자치도 제주시 관덕로8길 7-9, None, None
마초그릴, 음식점, 제주특별자치도 제주시 중앙로 39, None, None
달빛낙원, 음식점, 제주특별자치도 제주시 관덕로9길 11, None, None
섬마을과자점, 음식점, 제주특별자치도 제주시 관덕로 41, None, None
반달케이크, 음식점, 제주특별자치도 제주시 중앙로 50-1, None, None
엠제이바, 음식점, 제주특별자치도 제주시 관덕로 41, None, None
맘스터치 제주중앙로점, 음식점, 제주특별자치도 제주시 중앙로 지하 60, None, None
곁, 음식점, 제주특별자치도 제주시 칠성로길 9, None, None
용우동 제주중앙점, 음식점, 제주특별자치도 제주시 중앙로 60, None, None
꼬치에꼬치다, 음식점, 제주특별자치도 제주시 관덕로 41, None, None
푸짐한밥상, 음식점, 제주특별자치도 제주시 중앙로 60, None, None
입말음식, 음식점, 제주특별자치도 제주시 관덕로 44, None, None
제주올레, 음식점, 제주특별자치도 제주시 관덕로8길 7-9, None, None
잘도식당, 음식점, 제주특별자치도 제주시 중앙로15길 16, None, None
안녕하새우, 음식점, 제주특별자치도 제주시 중앙로13길 16-12, None, None
동문올레수산, 음식점, 제주특별자치도 제주시 관덕로14길 10, None, None
월척수산 동문시장점, 음식점, 제주특별자치도 제주시 관덕로14길 10, None, None
돈복이, 음식점, 제주특별자치도 제주시 관덕로14길 20, None, None
야시장맛통령, 음식점, 제주특별자치도 제주시 관덕로14길 16, None, None
동문수산시장, 음식점, 제주특별자치도 제주시 관덕로14길 10, None, None
탐라는흑돼지, 음식점, 제주특별자치도 제주시 관덕로14길 20, None, None
블랙페퍼스테이크, 음식점, 제주특별자치도 제주시 중앙로13길 15, None, None
풍경 메밀이랑칼국수랑, 음식점, 제주특별자치도 제주시 오현길 82, None, None
뚱스쉬림프, 음식점, 제주특별자치도 제주시 관덕로14길 20, None, None
현대, 음식점, 제주특별자치도 제주시 관덕로14길 14, None, None
대영란수산, 음식점, 제주특별자치도 제주시 관덕로14길 10, None, None
시장, 음식점, 제주특별자치도 제주시 중앙로13길 15, None, None
우리회수산, 음식점, 제주특별자치도 제주시 동문로2길 10, None, None
제라헌오메기떡, 음식점, 제주특별자치도 제주시 동문로 6-6, None, None
아라주는엄마치킨 동문점, 음식점, 제주특별자치도 제주시 동문로 6-5, None, None
베지근국수, 음식점, 제주특별자치도 제주시 동문로 6-8, None, None
일팔팔, 음식점, 제주특별자치도 제주시 동문로 6-8, None, None
제주하르방제과, 음식점, 제주특별자치도 제주시 동문로 6-8, None, None
문빵9 동문시장점, 음식점, 제주특별자치도 제주시 동문로 6-8, None, None
뭔들돼지, 음식점, 제주특별자치도 제주시 동문로4길 17, None, None
산지브루잉, 음식점, 제주특별자치도 제주시 중앙로13길 21, None, None
웰덤대게고로케 동문시장점, 음식점, 제주특별자치도 제주시 동문로4길 21, None, None
비테비테, 음식점, 제주특별자치도 제주시 동문로4길 18, None, None
제라헌, 음식점, 제주특별자치도 제주시 동문로 6-6, None, None
어부 밥상, 음식점, 제주특별자치도 제주시 동문로2길 10, None, None
또또아구찜, 음식점, 제주특별자치도 제주시 성지로 46, None, None
돌담국수, 음식점, 제주특별자치도 제주시 성지로 57, None, None
영해식당, 음식점, 제주특별자치도 제주시 성지로 51, None, None
동해수산회센타, 음식점, 제주특별자치도 제주시 동문로4길 9, None, None
서울떡볶이, 음식점, 제주특별자치도 제주시 동문로4길 11, None, None
근고기세상, 음식점, 제주특별자치도 제주시 동문로4길 9, None, None
탐라온닭강정, 음식점, 제주특별자치도 제주시 동문로4길 9, None, None
맠, 음식점, 제주특별자치도 제주시 동문로4길 9, None, None
민자식당, 음식점, 제주특별자치도 제주시 동문로4길 9, None, None
또와, 음식점, 제주특별자치도 제주시 동문로4길 9, None, None
제주돈카츠 동문카츠, 음식점, 제주특별자치도 제주시 동문로4길 9, None, None
제주포, 음식점, 제주특별자치도 제주시 동문로4길 9, None, None
싱싱회센타, 음식점, 제주특별자치도 제주시 동문로4길 9, None, None
꽃치다, 음식점, 제주특별자치도 제주시 동문로4길 9, None, None
봉크랑 동문시장점, 음식점, 제주특별자치도 제주시 동문로4길 7-1, None, None
낭푼이보리밥, 음식점, 제주특별자치도 제주시 동문로4길 9, None, None
까사디동문, 음식점, 제주특별자치도 제주시 동문로4길 9, None, None
제주보따리, 음식점, 제주특별자치도 제주시 동문로4길 9, None, None
생선보따리, 음식점, 제주특별자치도 제주시 동문로4길 9, None, None
톳띠아모, 음식점, 제주특별자치도 제주시 동문로4길 9, None, None
스시도모다찌 칠성점, 음식점, 제주특별자치도 제주시 관덕로13길 3, None, None
한림칼국수 제주동문시장점, 음식점, 제주특별자치도 제주시 관덕로13길 3, None, None
탐라옵데강, 음식점, 제주특별자치도 제주시 관덕로 64, None, None
근육식당 제주중앙점, 음식점, 제주특별자치도 제주시 중앙로 57, None, None
범양, 음식점, 제주특별자치도 제주시 관덕로 64-2, None, None
유남수산, 음식점, 제주특별자치도 제주시 오현길 88, None, None
떡갈비먹젠, 음식점, 제주특별자치도 제주시 중앙로11길 1, None, None
비스듬히, 음식점, 제주특별자치도 제주시 중앙로11길 1, None, None
우아한갈비탕, 음식점, 제주특별자치도 제주시 중앙로11길 1, None, None
동문몬스터크랩회센터, 음식점, 제주특별자치도 제주시 오현길 88, None, None
아남떡집, 음식점, 제주특별자치도 제주시 관덕로14길 4, None, None
제주메밀막국수함흥냉면, 음식점, 제주특별자치도 제주시 관덕로15길 2, None, None
이삭토스트 제주칠성로점, 음식점, 제주특별자치도 제주시 관덕로17길 1, None, None
유신횟집, 음식점, 제주특별자치도 제주시 동문로2길 3, None, None
명랑핫도그 제주동문점, 음식점, 제주특별자치도 제주시 동문로 8, None, None
동문심야식당, 음식점, 제주특별자치도 제주시 관덕로15길 2, None, None
칠성뷔페, 음식점, 제주특별자치도 제주시 관덕로11길 17, None, None
스무, 음식점, 제주특별자치도 제주시 관덕로11길 8-3, None, None
이돈갓, 음식점, 제주특별자치도 제주시 칠성로길 27, None, None
내가진짜떡볶이다 칠성로점, 음식점, 제주특별자치도 제주시 관덕로11길 18, None, None
청년구내식당, 음식점, 제주특별자치도 제주시 칠성로길 21, None, None
일도가공, 음식점, 제주특별자치도 제주시 관덕로15길 9, None, None
토닥토닥 제주본점, 음식점, 제주특별자치도 제주시 관덕로15길 7, None, None
솔브레, 음식점, 제주특별자치도 제주시 동문로 10, None, None
수족관119, 음식점, 제주특별자치도 제주시 동문로 16, None, None
말고기연구소, 음식점, 제주특별자치도 제주시 북성로 43, None, None
태돈가, 음식점, 제주특별자치도 제주시 무근성7길 37, None, None
모이세해장국 무근성점, 음식점, 제주특별자치도 제주시 북성로 45, None, None
우도근고기, 음식점, 제주특별자치도 제주시 북성로 28, None, None
자유의지, 음식점, 제주특별자치도 제주시 북성로 7, None, None
제주중앙초등학교, 학교, 제주특별자치도 제주시 서사로18길 40, 0, 5.0
한천초등학교, 학교, 제주특별자치도 제주시 남성로11길 22, 0, 0.0
법화불교대학, 학교, 제주특별자치도 제주시 남성로3길 7, 0, 0.0
제주중앙초등학교병설유치원, 어린이집/유치원, 제주특별자치도 제주시 서사로18길 40, 0, 5.0
한천초등학교 병설유치원, 어린이집/유치원, 제주특별자치도 제주시 남성로11길 22, 0, 0.0
지진실내구호소 중앙초등학교, 학교, 제주특별자치도 제주시 서사로18길 40, 0, 0.0
제주서초등학교, 학교, 제주특별자치도 제주시 성화로6길 51, 0, 0.0
제주중학교, 학교, 제주특별자치도 제주시 서문로 47, 0, 5.0
청소년혼디학교, 학교, 제주특별자치도 제주시 서문로 35-1, 0, 0.0
제주서초등학교 병설유치원, 어린이집/유치원, 제주특별자치도 제주시 성화로6길 51, 2, 0.0
제주중앙여자중학교, 학교, 제주특별자치도 제주시 서사로11길 8, 1, 0.0
삼성초등학교, 학교, 제주특별자치도 제주시 서광로29길 35, 0, 4.0
일도초등학교, 학교, 제주특별자치도 제주시 삼성로9길 27, 0, 5.0
동려평생학교, 학교, 제주특별자치도 제주시 광양4길 30-1, 0, 0.0
삼성초등학교 병설유치원, 어린이집/유치원, 제주특별자치도 제주시 서광로29길 35, 0, 0.0
일도초등학교 병설유치원, 어린이집/유치원, 제주특별자치도 제주시 삼성로9길 27, 0, 0.0
제주남초등학교 병설유치원, 어린이집/유치원, 제주특별자치도 제주시 남성로 149, 0, 0.0
한국경영기술개발원부설제주직업전문학원, 학교, 제주특별자치도 제주시 서사로 81, 0, 1.0
제주남초등학교, 학교, 제주특별자치도 제주시 남성로 149, 0, 0.0
제주북초등학교, 학교, 제주특별자치도 제주시 중앙로8길 18, 0, 5.0
제주북초등학교 병설유치원, 어린이집/유치원, 제주특별자치도 제주시 중앙로8길 18, 0, 0.0
홍법정사, 사찰, 제주특별자치도 제주시 남성로3길 7, 0, 0.0
대원정, 사찰, 제주특별자치도 제주시 남성로11길 15-8, 0, 0.0
석굴암, 사찰, 제주특별자치도 제주시 서문로 16-2, 0, 0.0
동산포교당, 사찰, 제주특별자치도 제주시 서광로 147-13, 0, 0.0
용화사, 사찰, 제주특별자치도 제주시 동한두기길 7-6, 2, 5.0
성광사, 사찰, 제주특별자치도 제주시 흥운길 53, 1, 5.0
식재심인당, 사찰, 제주특별자치도 제주시 남성로26길 38, 0, 0.0
향현사, 사찰, 제주특별자치도 제주시 오현길 61, 0, 0.0
정광사, 사찰, 제주특별자치도 제주시 중앙로7길 1, 0, 0.0
제주수궁사, 사찰, 제주특별자치도 제주시 중앙로14길 38-1, 0, 0.0
KT제주지사 소극장, 문화시설, 제주특별자치도 제주시 전농로 114, 0, 0.0
아트세닉, 문화시설, 제주특별자치도 제주시 관덕로6길 16, 0, 0.0
두근두근시어터, 문화시설, 제주특별자치도 제주시 중앙로14길 18, 0, 5.0
미예랑소극장, 문화시설, 제주특별자치도 제주시 중앙로 72, 0, 0.0
세이레아트센터, 문화시설, 제주특별자치도 제주시 서광로 182-6, None, None
승진스카이아파트, 아파트, 제주특별자치도 제주시 용문로21길 3-1, 81, 0.0
아이린2차아파트, 아파트, 제주특별자치도 제주시 서광로 204, 34, 0.0
골든타워1차아파트, 아파트, 제주특별자치도 제주시 삼오길 21, 25, 0.0
아이린3차아파트, 아파트, 제주특별자치도 제주시 서광로 202-1, 14, 0.0
승신e포그니애아파트, 아파트, 제주특별자치도 제주시 서광로 194, 19, 0.0
장원하이빌아파트, 아파트, 제주특별자치도 제주시 용문로14길 14, 109, 0.0
세진아파트, 아파트, 제주특별자치도 제주시 평전2길 5, 88, 0.0
보성아파트, 아파트, 제주특별자치도 제주시 용담로18길 11, 36, 0.0
제동해피죤아파트, 아파트, 제주특별자치도 제주시 서사로 92, 55, 0.0
목성아파트, 아파트, 제주특별자치도 제주시 서광로11길 43, 73, 0.0
다올해피죤아파트, 아파트, 제주특별자치도 제주시 용담로 141, 44, 0.0
서림아이빌아파트, 아파트, 제주특별자치도 제주시 서사로 96, 16, 0.0
현일아파트, 아파트, 제주특별자치도 제주시 충효길 45, 18, 0.0
태흥그린피아아파트, 아파트, 제주특별자치도 제주시 평전1길 7, 28, 0.0
삼도이레빌2차아파트, 아파트, 제주특별자치도 제주시 충효길 28, 18, 0.0
화인퍼스트빌아파트, 아파트, 제주특별자치도 제주시 서사로 112, 32, 0.0
서사라세일아파트, 아파트, 제주특별자치도 제주시 평전2길 4, 19, 0.0
서원그린빌아파트, 아파트, 제주특별자치도 제주시 전농로 3, 19, 0.0
동서드림아파트, 아파트, 제주특별자치도 제주시 서사로4길 3, 31, 0.0
덕진온누리아파트, 아파트, 제주특별자치도 제주시 평전길 8, 27, 0.0
신한양레드빌아파트, 아파트, 제주특별자치도 제주시 서사로4길 22, 16, 0.0
용담평화베스트빌1차아파트, 아파트, 제주특별자치도 제주시 용남길 2, 18, 0.0
영남화이트빌아파트, 아파트, 제주특별자치도 제주시 서사로8길 3, 23, 0.0
삼도세원멤버스아파트, 아파트, 제주특별자치도 제주시 서사로20길 5, 16, 0.0
시스빌아파트, 아파트, 제주특별자치도 제주시 서사로18길 16, 19, 0.0
미래아파트, 아파트, 제주특별자치도 제주시 서사로6길 13, 12, 0.0
만진리치빌아파트, 아파트, 제주특별자치도 제주시 서사로14길 2, 19, 0.0
현대3차아파트, 아파트, 제주특별자치도 제주시 성화로6길 46, 140, 0.0
한라아파트, 아파트, 제주특별자치도 제주시 흥운길 16-1, 49, 0.0
용담월드하우스아파트, 아파트, 제주특별자치도 제주시 서문로5길 19, 41, 0.0
용연엔타운아파트, 아파트, 제주특별자치도 제주시 흥운길 57, 32, 0.0
디어하우스더프라임아파트, 아파트, 제주특별자치도 제주시 흥운길 55-9, 20, 0.0
해피드림아파트, 아파트, 제주특별자치도 제주시 용담로9길 22, 19, 0.0
서문수목아파트, 아파트, 제주특별자치도 제주시 서문로4길 4-1, 19, 0.0
금광아이빌아파트, 아파트, 제주특별자치도 제주시 서광로18길 5-19, 64, 0.0
정우에코하우스아파트, 아파트, 제주특별자치도 제주시 서광로18길 5-5, 26, 0.0
에코빌리지3아파트, 아파트, 제주특별자치도 제주시 서광로21길 4-6, 69, 0.0
대명2차꿈의고향아파트, 아파트, 제주특별자치도 제주시 서광로19길 4, 91, 0.0
신산스카이빌아파트, 아파트, 제주특별자치도 제주시 전농로 68, 49, 0.0
삼성뜨래별아파트, 아파트, 제주특별자치도 제주시 홍랑길 26-17, 48, 0.0
미듬하나로아파트, 아파트, 제주특별자치도 제주시 중앙로28길 29, 15, 0.0
대명꿈의고향아파트, 아파트, 제주특별자치도 제주시 홍랑길 4-2, 44, 0.0
삼도동아산프라자아파트, 아파트, 제주특별자치도 제주시 홍랑길 44-9, 32, 0.0
한성베르뜨2차아파트, 아파트, 제주특별자치도 제주시 서사로 123, 26, 0.0
아델리안아파트, 아파트, 제주특별자치도 제주시 서광로19길 45, 12, 0.0
동양맨션, 아파트, 제주특별자치도 제주시 홍랑길 20, 18, 0.0
하나아파트, 아파트, 제주특별자치도 제주시 전농로 91, 9, 0.0
레미안빌아파트, 아파트, 제주특별자치도 제주시 서사로 97, 20, 0.0
장원월드컵아파트, 아파트, 제주특별자치도 제주시 서광로29길 25, 181, 0.0
광양미화아파트, 아파트, 제주특별자치도 제주시 광양4길 22, 75, 0.0
극동오벨리스크아파트, 아파트, 제주특별자치도 제주시 서광로29길 38, 38, 0.0
광양뜨래별아파트, 아파트, 제주특별자치도 제주시 광양6길 25, 37, 0.0
화이트하우스아파트, 아파트, 제주특별자치도 제주시 광양6길 24, 19, 0.0
태광아파트, 아파트, 제주특별자치도 제주시 서광로29길 28, 9, 0.0
제주아이린5차아파트, 아파트, 제주특별자치도 제주시 전농로9길 27, 54, 0.0
삼도쉐르빌아파트, 아파트, 제주특별자치도 제주시 남성로25길 8, 32, 0.0
장원아이비아파트, 아파트, 제주특별자치도 제주시 중앙로 109-1, 32, 0.0
모다세인트빌아파트, 아파트, 제주특별자치도 제주시 서사로 69, 31, 0.0
대맥아파트, 아파트, 제주특별자치도 제주시 중앙로17길 10-2, 15, 0.0
해온누리아파트, 아파트, 제주특별자치도 제주시 중앙로24길 2, 18, 0.0
아이린아파트, 아파트, 제주특별자치도 제주시 서사로7길 1, 28, 0.0
세일파크빌아파트, 아파트, 제주특별자치도 제주시 남성로26길 39, 28, 0.0
대명참이슬아파트, 아파트, 제주특별자치도 제주시 남성로26길 10, 19, 0.0
동인스파월드빌아파트, 아파트, 제주특별자치도 제주시 중앙로26길 2, 30, 0.0
동인H플러스아파트, 아파트, 제주특별자치도 제주시 남성로26길 41, 19, 0.0
신세계아파트, 아파트, 제주특별자치도 제주시 오현길 9, 131, 0.0
제주일도기산아파트, 아파트, 제주특별자치도 제주시 삼성로5길 9, 98, 0.0
이도네오하임아파트, 아파트, 제주특별자치도 제주시 중앙로17길 20, 28, 0.0
일도캐슬휘닉스아파트, 아파트, 제주특별자치도 제주시 삼성로5길 24, 62, 0.0
다솜아파트, 아파트, 제주특별자치도 제주시 중앙로23길 26, 33, 0.0
극동오벨리스크3차아파트, 아파트, 제주특별자치도 제주시 고전길 5, 72, 0.0
삼성아파트, 아파트, 제주특별자치도 제주시 중앙로21길 28, 18, 0.0
삼성2차미화아파트, 아파트, 제주특별자치도 제주시 오현길 24, 35, 0.0
미화아파트, 아파트, 제주특별자치도 제주시 오현길 21, 19, 0.0
대명삼성혈꿈의고향아파트, 아파트, 제주특별자치도 제주시 삼성로1길 13, 14, 0.0
주일아파트, 아파트, 제주특별자치도 제주시 중앙로23길 27, 16, 0.0
미듬밀레니엄아파트, 아파트, 제주특별자치도 제주시 중앙로12길 34, 71, 0.0
극동행복그린아파트, 아파트, 제주특별자치도 제주시 관덕로8길 11, 40, 0.0
남안아파트, 아파트, 제주특별자치도 제주시 동문로6길 14, 16, 0.0
정한아파트, 아파트, 제주특별자치도 제주시 성지로 47, 40, 0.0
극동행복그린오피스텔, 아파트, 제주특별자치도 제주시 관덕로8길 11, 8, 0.0
덕진아파트, 아파트, 제주특별자치도 제주시 남성로 67, 9, 0.0
용담수목아파트, 아파트, 제주특별자치도 제주시 남성로 35-1, 18, 0.0
힐탑아파트, 아파트, 제주특별자치도 제주시 용남3길 14, 15, 0.0
사라빌아파트, 아파트, 제주특별자치도 제주시 서사로10길 28, 12, 0.0
온새미로카운티, 아파트, , None, 0.0
