오레와통기타라이브, 카페, 제주특별자치도 제주시 동고산로 48, 0, 0.0
아주르3025, 카페, 제주특별자치도 제주시 정든로2길 27, 0, 5.0
금요일의아침 조금, 카페, 제주특별자치도 제주시 가령골1길 12, 20, 5.0
파스쿠찌 제주일도점, 카페, 제주특별자치도 제주시 동광로15길 2, 0, 4.0
더리터 제주일도점, 카페, 제주특별자치도 제주시 삼성로 71, 2, 3.0
허브로틴하우스, 카페, 제주특별자치도 제주시 신산로15길 45, 4, 0.0
금커피별빙수 제주일도점, 카페, 제주특별자치도 제주시 동광로 112, 0, 0.0
그리그리카페, 카페, 제주특별자치도 제주시 광양9길 30, 3, 4.2
커피애, 카페, 제주특별자치도 제주시 동광로 100, 0, 0.0
짚커피, 카페, 제주특별자치도 제주시 가령로 40, 1, 5.0
카페만감, 카페, 제주특별자치도 제주시 동광로 51, 21, 0.0
옥화다방, 카페, 제주특별자치도 제주시 동광로 39, 0, 0.0
또주랑, 카페, 제주특별자치도 제주시 동광로15길 50, 0, 0.0
통큰아이카페, 카페, 제주특별자치도 제주시 동광로 24, 0, 0.0
하나다방, 카페, 제주특별자치도 제주시 고마로 58, 0, 0.0
가비, 카페, 제주특별자치도 제주시 고마로11길 31, 1, 4.8
마로네 디저트, 카페, 제주특별자치도 제주시 고마로5길 9-1, 8, 5.0
무인카페서반, 카페, 제주특별자치도 제주시 고마로 21, 0, 0.0
동성다방, 카페, 제주특별자치도 제주시 동문로 102, 0, 0.0
가을다방, 카페, 제주특별자치도 제주시 고마로 4, 0, 0.0
아일랜드커피, 카페, 제주특별자치도 제주시 고마로 16, 0, 5.0
토오소, 카페, 제주특별자치도 제주시 정든로 20-4, 10, 5.0
모시란, 카페, 제주특별자치도 제주시 남광로 117-1, 16, 4.9
솔트스톤, 카페, 제주특별자치도 제주시 연삼로 495, 14, 2.6
스타벅스 제주일도DT점, 카페, 제주특별자치도 제주시 동광로 130, 25, 3.2
에이바우트커피 인제점, 카페, 제주특별자치도 제주시 고마로 107, 5, 4.0
커피로카, 카페, 제주특별자치도 제주시 고마로 86, 12, 4.6
소소호호, 카페, 제주특별자치도 제주시 천수동로2길 4, 0, 0.0
카페512, 카페, 제주특별자치도 제주시 연삼로 512, 1, 5.0
상상놀이터헬로방방, 카페, 제주특별자치도 제주시 고마로19길 2, 0, 0.0
노마와 사비, 카페, 제주특별자치도 제주시 고마로 146, 3, 5.0
커피예가, 카페, 제주특별자치도 제주시 태성로2길 27, 0, 0.0
카페일분 제주일도점, 카페, 제주특별자치도 제주시 태성로 28-1, 0, 0.0
사람꽃마을카페, 카페, 제주특별자치도 제주시 천수로 52, 0, 5.0
플랜타, 카페, 제주특별자치도 제주시 태성로2길 19, 0, 0.0
해피데이, 카페, 제주특별자치도 제주시 천수로 39, 0, 0.0
커피크레마, 카페, 제주특별자치도 제주시 고마로 88, 0, 0.0
비어박스, 카페, 제주특별자치도 제주시 고마로 100, 0, 0.0
또오쿠당, 카페, 제주특별자치도 제주시 동고산로 35, None, None
그디동광, 카페, 제주특별자치도 제주시 동광로8길 37, None, None
RIFF COFFEE, 카페, 제주특별자치도 제주시 동고산로 35, None, None
텀프타운, 카페, 제주특별자치도 제주시 고산동산5길 33-4, None, None
고찌가게, 카페, 제주특별자치도 제주시 가령로4길 27, None, None
카페다미, 카페, 제주특별자치도 제주시 승천로 5, None, None
카페가자, 카페, 제주특별자치도 제주시 승천로 5, None, None
제주바솔트, 카페, 제주특별자치도 제주시 가령골3길 6, None, None
버터넛 베이크숍&카페, 카페, 제주특별자치도 제주시 광양9길 32, None, None
파생, 카페, 제주특별자치도 제주시 신산로11길 15, None, None
혼디마카롱, 카페, 제주특별자치도 제주시 삼성로 106, None, None
홀윗, 카페, 제주특별자치도 제주시 청귤로3길 24, None, None
헤이그릭, 카페, 제주특별자치도 제주시 동광로9길 8, None, None
왕수네, 카페, 제주특별자치도 제주시 신산로15길 40, None, None
더벤티 제주일도점, 카페, 제주특별자치도 제주시 동광로 87, None, None
디티이커피, 카페, 제주특별자치도 제주시 동광로 84, None, None
서서히, 카페, 제주특별자치도 제주시 동광로16길 14, None, None
1층마카롱, 카페, 제주특별자치도 제주시 신산로 83-1, None, None
카페원플로어, 카페, 제주특별자치도 제주시 신산로 107, None, None
블럭파티 인제점, 카페, 제주특별자치도 제주시 동광로 102, None, None
미주크크, 카페, 제주특별자치도 제주시 동광로5길 26, None, None
에퀴드, 카페, 제주특별자치도 제주시 동광로7길 14, None, None
웨이포인트커피, 카페, 제주특별자치도 제주시 동광로 39, None, None
차화술, 카페, 제주특별자치도 제주시 신산로 39-2, None, None
화초카페, 카페, 제주특별자치도 제주시 동광로 26, None, None
커피91로, 카페, 제주특별자치도 제주시 신산로 91, None, None
에이바우트커피 인화점, 카페, 제주특별자치도 제주시 고마로 45, None, None
시월의리브라, 카페, 제주특별자치도 제주시 고마로 10, None, None
카페브리즈, 카페, 제주특별자치도 제주시 동문로20길 23, None, None
동명카페, 카페, 제주특별자치도 제주시 신산로 33-1, None, None
굄, 카페, 제주특별자치도 제주시 태성로5길 32, None, None
공생, 카페, 제주특별자치도 제주시 천수동로2길 23, None, None
유티피커피, 카페, 제주특별자치도 제주시 고마로 136, None, None
텀, 카페, 제주특별자치도 제주시 천수동로 49, None, None
지니어스키즈카페, 카페, 제주특별자치도 제주시 천수로 53, None, None
메가MGC커피 제주일도점, 카페, 제주특별자치도 제주시 고마로 99, None, None
더노벰버라운지 인제점, 카페, 제주특별자치도 제주시 고마로 81, None, None
키친테왁, 카페, 제주특별자치도 제주시 천수동로 31, None, None
카페봄봄 일도점, 카페, 제주특별자치도 제주시 고마로 123, None, None
공차 제주일도점, 카페, 제주특별자치도 제주시 고마로 101, None, None
카페가젠, 카페, 제주특별자치도 제주시 연수로 19, None, None
릿파이샵, 카페, 제주특별자치도 제주시 고마로15길 29, None, None
요거데이 본점, 카페, 제주특별자치도 제주시 천수로9길 1, None, None
과일아삭 인제점, 카페, 제주특별자치도 제주시 고마로 115, None, None
달리는커피 제주일도점, 카페, 제주특별자치도 제주시 태성로 33, None, None
올록볼록 블럭놀이방, 카페, 제주특별자치도 제주시 동광로 131, None, None
매머드익스프레스 제주인제점, 카페, 제주특별자치도 제주시 고마로 133, None, None
언리미티드 이스케이프, 카페, 제주특별자치도 제주시 고마로 100, None, None
빽다방 제주일도인제점, 카페, 제주특별자치도 제주시 고마로 100, None, None
키즈카페, 카페, 제주특별자치도 제주시 동광로 131, None, None
다행, 카페, 제주특별자치도 제주시 연수로4길 20, None, None
메리앤커피, 카페, 제주특별자치도 제주시 가령골길 19, None, None
요쿠릭, 카페, 제주특별자치도 제주시 연수중길 9, None, None
유, 카페, 제주특별자치도 제주시 천수로6길 3, None, None
애플, 카페, 제주특별자치도 제주시 천수로9길 3, None, None
마인, 카페, 제주특별자치도 제주시 고마로 113, None, None
카페엔드리스, 카페, 제주특별자치도 제주시 천수로 44, None, None
카페시공, 카페, 제주특별자치도 제주시 고마로1길 26, None, None
에메랄드호텔에이스, 여관, 제주특별자치도 제주시 오복5길 4, 4, 3.5
시티홀호텔, 여관, 제주특별자치도 제주시 동광로4길 9-4, 0, 3.0
라인호텔, 여관, 제주특별자치도 제주시 동광로 40, 6, 4.4
호텔더레드, 여관, 제주특별자치도 제주시 동광로6길 10, 0, 5.0
하나호텔, 여관, 제주특별자치도 제주시 고마로 58, 0, 0.0
하이커호텔, 여관, 제주특별자치도 제주시 신산로 79, 0, 0.0
파크힐, 여관, 제주특별자치도 제주시 삼성로 65, 0, 0.0
동남아장, 여관, 제주특별자치도 제주시 신산로 93-2, 0, 0.0
궁전장, 여관, 제주특별자치도 제주시 동광로17길 30-1, 0, 0.0
하니여관, 여관, 제주특별자치도 제주시 동광로19길 55-10, 0, 0.0
씨엘호텔, 여관, 제주특별자치도 제주시 고마로 35, 0, 3.7
봉성모텔, 여관, 제주특별자치도 제주시 동문로 121, 0, 0.0
영자여인숙, 여관, 제주특별자치도 제주시 고마로 2-4, 0, 0.0
부림장, 여관, 제주특별자치도 제주시 고마로 1, 0, 0.0
동도여관, 여관, 제주특별자치도 제주시 고마로1길 1-2, 0, 0.0
브르장여관, 여관, 제주특별자치도 제주시 고마로1길 1, 0, 0.0
삼장여관, 여관, 제주특별자치도 제주시 고마로 2-1, 0, 0.0
국보여인숙, 여관, 제주특별자치도 제주시 고마로1길 1-1, 0, 0.0
마로호스텔, 여관, 제주특별자치도 제주시 동광로21길 5, 12, 4.4
동궁모텔, 여관, 제주특별자치도 제주시 고마로13길 4-1, 0, 0.0
레몬장여관, 여관, 제주특별자치도 제주시 고마로16길 2, 0, 0.0
선화모텔, 여관, 제주특별자치도 제주시 고마로11길 4-2, 0, 0.0
세명파크, 여관, 제주특별자치도 제주시 동광로 163, 0, 0.0
더오젠호텔, 여관, 제주특별자치도 제주시 동광로23길 3, 0, 0.0
로즈장, 여관, 제주특별자치도 제주시 동문로 136-1, 0, 0.0
호텔사라봉, 여관, 제주특별자치도 제주시 동문로 133, 0, 0.0
문화모텔, 여관, 제주특별자치도 제주시 사라봉7길 39-10, 0, 5.0
별관모텔, 여관, 제주특별자치도 제주시 동문로 139, 0, 5.0
오당장모텔, 여관, 제주특별자치도 제주시 동문로 135, 0, 0.0
렌트인제주, 렌트카, 제주특별자치도 제주시 고산동산5길 42, 1, 0.0
제주투렌트카, 렌트카, 제주특별자치도 제주시 고산동산5길 42, None, None
렌트인제주, 렌트카, 제주특별자치도 제주시 동광로 43, None, None
동광성당, 성당, 제주특별자치도 제주시 태성로2길 10, 0, 5.0
제주동부교회, 교회, 제주특별자치도 제주시 고마로7길 11, 0, 5.0
복된교회, 교회, 제주특별자치도 제주시 동광로6길 29, 1, 1.0
지구촌교회, 교회, 제주특별자치도 제주시 오복5길 18, 0, 0.0
제주중앙교회, 교회, 제주특별자치도 제주시 가령로1길 10-1, 0, 5.0
예수그리스도 후기성도교회 제주지부, 교회, 제주특별자치도 제주시 삼성로 45, 0, 5.0
순복음겨자씨교회, 교회, 제주특별자치도 제주시 동광로9길 16, 0, 0.0
제주예본교회, 교회, 제주특별자치도 제주시 동광로12길 6, 0, 0.0
영도교회, 교회, 제주특별자치도 제주시 신산로 109, 0, 0.0
제자교회, 교회, 제주특별자치도 제주시 동문로18길 25, 0, 0.0
이레순복음교회, 교회, 제주특별자치도 제주시 태성로5길 42-1, 0, 5.0
이도주님의교회, 교회, 제주특별자치도 제주시 남광로 65, 0, 0.0
탐라교회, 교회, 제주특별자치도 제주시 정든로1길 36, 0, 2.5
제주순복음교회, 교회, 제주특별자치도 제주시 천수동로 16, 0, 5.0
동문성결교회, 교회, 제주특별자치도 제주시 연수로 15, 0, 5.0
제주가령골교회, 교회, 제주특별자치도 제주시 가령골길 15, 0, 0.0
주승리교회, 교회, 제주특별자치도 제주시 천수로 52, 0, 0.0
하늘문교회, 교회, 제주특별자치도 제주시 천수로 92, 0, 0.0
제주영락교회, 교회, 제주특별자치도 제주시 동광로23길 15, 1, 2.6
영주교회, 교회, 제주특별자치도 제주시 동문로 153, 0, 0.0
제주도성서침례교회, 교회, 제주특별자치도 제주시 오복7길 14, None, None
마라나타예슈아교회, 교회, 제주특별자치도 제주시 가령로 5, None, None
제주시민교회, 교회, 제주특별자치도 제주시 동광로 112, None, None
제주세광교회, 교회, 제주특별자치도 제주시 동광로16길 15, None, None
신천지예수교증거장막성전 제주교회, 교회, 제주특별자치도 제주시 동광로 96, None, None
제주특별자치도 민속자연사박물관 제주바다전시관, 문화시설, 제주특별자치도 제주시 삼성로 40, 5, 4.5
제주통일관, 문화시설, 제주특별자치도 제주시 삼성로 46, 2, 0.0
갤러리K, 문화시설, 제주특별자치도 제주시 청귤로3길 6, 0, 0.0
한일갤러리, 문화시설, 제주특별자치도 제주시 신산로 103, 0, 0.0
그린게스트하우스, 게스트하우스, 제주특별자치도 제주시 사라봉7길 44, 35, 3.9
제라쉐어하우스, 게스트하우스, 제주특별자치도 제주시 고마로 94, 0, 0.0
김정학치과의원, 병원, 제주특별자치도 제주시 연삼로 431, 0, 3.0
윤진호정형외과의원, 병원, 제주특별자치도 제주시 동광로 90, 3, 3.0
우리안과의원, 병원, 제주특별자치도 제주시 동광로 107, 0, 4.0
제주대항외과, 병원, 제주특별자치도 제주시 고마로 53, 0, 4.0
오케이정형외과, 병원, 제주특별자치도 제주시 동광로 108-1, 0, 3.0
삼성산부인과의원, 병원, 제주특별자치도 제주시 동광로 27, 0, 4.0
행복한치과, 병원, 제주특별자치도 제주시 동광로 97, 0, 4.0
토마토요양병원, 병원, 제주특별자치도 제주시 동광로 42, 1, 0.0
김헌지정형외과의원, 병원, 제주특별자치도 제주시 동광로15길 4, 0, 0.0
부기은치과의원, 병원, 제주특별자치도 제주시 동광로 81, 0, 5.0
김수상내과의원, 병원, 제주특별자치도 제주시 동광로 100, 0, 3.0
김한신의원, 병원, 제주특별자치도 제주시 동광로 82, 0, 0.0
제주제일의원, 병원, 제주특별자치도 제주시 동문로20길 1, 0, 0.0
밝은한의원, 병원, 제주특별자치도 제주시 태성중2길 33, 0, 5.0
서해산부인과의원, 병원, 제주특별자치도 제주시 동광로 131, 1, 2.0
일도연세이비인후과, 병원, 제주특별자치도 제주시 고마로 117, 0, 3.0
미소하나치과의원, 병원, 제주특별자치도 제주시 고마로 117, 0, 5.0
밝은안과의원, 병원, 제주특별자치도 제주시 동광로 131, 0, 3.0
임지영한의원, 병원, 제주특별자치도 제주시 연삼로 547, 0, 4.0
아이사랑소아과의원, 병원, 제주특별자치도 제주시 동광로 131, 0, 5.0
거북이한의원, 병원, 제주특별자치도 제주시 고마로 135, 0, 5.0
마리산부인과의원, 병원, 제주특별자치도 제주시 고마로 146, 0, 2.0
현용준내과의원, 병원, 제주특별자치도 제주시 동광로 129, 0, 4.0
동광경희한의원, 병원, 제주특별자치도 제주시 연삼로 542, 0, 5.0
경희 명인한의원, 병원, 제주특별자치도 제주시 고마로 123, 0, 0.0
수양한의원, 병원, 제주특별자치도 제주시 연수로3길 4, 0, 5.0
도연한의원, 병원, 제주특별자치도 제주시 고마로 87, 0, 3.0
행복한한의원, 병원, 제주특별자치도 제주시 고마로 104, 0, 5.0
사회복지법인인효원 제주복지요양병원, 병원, 제주특별자치도 제주시 동광로 96, None, None
삼성드림소아청소년과, 병원, 제주특별자치도 제주시 동광로 120, None, None
혜민내과의원, 병원, 제주특별자치도 제주시 동광로15길 2, None, None
신세계치과의원, 병원, 제주특별자치도 제주시 동광로 120, None, None
김세희소아과의원, 병원, 제주특별자치도 제주시 동광로 110, None, None
연세치과의원, 병원, 제주특별자치도 제주시 동광로 107, None, None
열린한의원 제주점, 병원, 제주특별자치도 제주시 동광로 118, None, None
동양한의원, 병원, 제주특별자치도 제주시 고마로 70, None, None
누가한의원, 병원, 제주특별자치도 제주시 동광로 102, None, None
한국한의원, 병원, 제주특별자치도 제주시 동광로 113, None, None
밸런스웰가의원, 병원, 제주특별자치도 제주시 동광로 90, None, None
한라성심의원, 병원, 제주특별자치도 제주시 동광로 107, None, None
다나산부인과의원, 병원, 제주특별자치도 제주시 고마로 47, None, None
사라봉한의원, 병원, 제주특별자치도 제주시 동문로 96, None, None
상쾌한이비인후과, 병원, 제주특별자치도 제주시 동광로 124, None, None
예닮빛피부과의원, 병원, 제주특별자치도 제주시 동광로 133, None, None
새봄비뇨기과의원, 병원, 제주특별자치도 제주시 동광로 131, None, None
삼성정형외과의원, 병원, 제주특별자치도 제주시 동광로 124, None, None
연세이비인후과, 병원, 제주특별자치도 제주시 고마로 117, None, None
제주경희한의원, 병원, 제주특별자치도 제주시 고마로 99, None, None
박재홍내과의원, 병원, 제주특별자치도 제주시 고마로 149, None, None
온마음의원, 병원, 제주특별자치도 제주시 연삼로 548, None, None
e스마일치과의원, 병원, 제주특별자치도 제주시 고마로 149, None, None
율치과의원, 병원, 제주특별자치도 제주시 연삼로 510, None, None
동일내과의원, 병원, 제주특별자치도 제주시 동광로 131, None, None
좌방은성형외과의원, 병원, 제주특별자치도 제주시 동광로 122, None, None
현용휴채승원치과의원, 병원, 제주특별자치도 제주시 고마로 99, None, None
열린치과의원, 병원, 제주특별자치도 제주시 고마로 123, None, None
온정신건강의학과의원, 병원, 제주특별자치도 제주시 동광로 122, None, None
지예치과의원, 병원, 제주특별자치도 제주시 고마로 108, None, None
김기형치과의원, 병원, 제주특별자치도 제주시 동광로 133, None, None
바루나마취통증의학과의원, 병원, 제주특별자치도 제주시 동광로 131, None, None
서해치과의원, 병원, 제주특별자치도 제주시 고마로 87, None, None
이고은치과의원, 병원, 제주특별자치도 제주시 동광로 131, None, None
청원한의원, 병원, 제주특별자치도 제주시 고마로 113, None, None
이아름다운치과, 병원, 제주특별자치도 제주시 동광로 124, None, None
호텔샬롬제주, 호텔, 제주특별자치도 제주시 동광로 34, 99, 3.3
애플호텔, 호텔, 제주특별자치도 제주시 동광로 45, 7, 2.3
동경호텔, 호텔, 제주특별자치도 제주시 삼성로 63, 0, 0.0
골프피아, 호텔, 제주특별자치도 제주시 고마로14길 16, 0, 0.0
크로바호텔, 호텔, 제주특별자치도 제주시 동문로 119, 0, 0.0
천하장호텔, 호텔, 제주특별자치도 제주시 동광로 165, 0, 0.0
크라운호텔, 호텔, 제주특별자치도 제주시 동문로 138, 0, 0.0
제주기적의도서관, 도서관, 제주특별자치도 제주시 동광로12길 19, 6, 3.0
별이내리는숲, 도서관, 제주특별자치도 제주시 연삼로 489, 30, 4.0
제주도서관, 도서관, 제주특별자치도 제주시 연삼로 489, 9, 3.0
호꼼슬로작은도서관, 도서관, 제주특별자치도 제주시 연수로2길 28-4, 0, 0.0
신천지새마을작은도서관, 도서관, 제주특별자치도 제주시 천수로 72, 0, 0.0
일도우성새마을작은도서관, 도서관, 제주특별자치도 제주시 태성로 3, 0, 0.0
일도성환아파트새마을문고, 도서관, 제주특별자치도 제주시 태성로 21, 0, 0.0
하늘나무도서관, 도서관, 제주특별자치도 제주시 고마로1길 26, 0, 0.0
제주도문화정보점자도서관, 도서관, 제주특별자치도 제주시 동광로 56, None, None
사람꽃작은도서관, 도서관, 제주특별자치도 제주시 천수로 52, None, None
한국디지털종합도서관, 도서관, 제주특별자치도 제주시 천수로 42, None, None
제주특별자치도 민속자연사박물관, 문화시설, 제주특별자치도 제주시 삼성로 40, 91, 4.1
더하우스, 펜션, 제주특별자치도 제주시 신산로 69, None, None
대원여인숙, 숙박, 제주특별자치도 제주시 동광로5길 18, 0, 0.0
미미국수, 음식점, 제주특별자치도 제주시 삼성로 39, 26, 4.1
포동정식 시청점, 음식점, 제주특별자치도 제주시 광양11길 20, 25, 4.1
윤칼국수, 음식점, 제주특별자치도 제주시 광양11길 22, 21, 4.7
세븐스타시티홀누들스테이션, 음식점, 제주특별자치도 제주시 광양13길 22, 27, 4.7
광양해장국집, 음식점, 제주특별자치도 제주시 광양13길 25, 16, 3.9
효동각, 음식점, 제주특별자치도 제주시 동광로6길 31, 12, 4.8
탁탁, 음식점, 제주특별자치도 제주시 동광로6길 29-1, 3, 5.0
산에들에오리, 음식점, 제주특별자치도 제주시 동광로6길 28, 6, 3.2
찜이랑 시청점, 음식점, 제주특별자치도 제주시 동광로6길 31, 2, 4.5
시루원 오메기떡, 음식점, 제주특별자치도 제주시 오복3길 30, 3, 5.0
테트리스찜닭 구제주점, 음식점, 제주특별자치도 제주시 동고산로 27, 1, 5.0
돼지부엌, 음식점, 제주특별자치도 제주시 광양13길 26, 3, 5.0
울돌목광양, 음식점, 제주특별자치도 제주시 광양13길 24, 2, 5.0
하나떡집, 음식점, 제주특별자치도 제주시 광양13길 22, 0, 0.0
곱전, 음식점, 제주특별자치도 제주시 동광로8길 35-12, 0, 0.0
스페샬 동광점, 음식점, 제주특별자치도 제주시 동광로6길 35, 0, 0.0
아마추어, 음식점, 제주특별자치도 제주시 연삼로 436, 0, 0.0
에메랄드호텔에이스 구내, 음식점, 제주특별자치도 제주시 오복5길 4, 0, 0.0
작은밥상, 음식점, 제주특별자치도 제주시 승천로 2, 33, 4.6
밀면촌 (휴업중), 음식점, 제주특별자치도 제주시 승천로 15, 32, 4.1
전복만찬, 음식점, 제주특별자치도 제주시 승천로 3, 8, 4.5
육장갈비 제주본점, 음식점, 제주특별자치도 제주시 승천로 2, 7, 2.3
도연이네그집, 음식점, 제주특별자치도 제주시 정든로2길 25, 18, 4.7
청산유황오리, 음식점, 제주특별자치도 제주시 연삼로 438-1, 2, 3.0
피자베이, 음식점, 제주특별자치도 제주시 승천로 11-1, 7, 5.0
최부자, 음식점, 제주특별자치도 제주시 승천로 17, 1, 5.0
우양, 음식점, 제주특별자치도 제주시 남광북1길 43-1, 0, 0.0
떡마을, 음식점, 제주특별자치도 제주시 남광북1길 46, 0, 0.0
돈독, 음식점, 제주특별자치도 제주시 남광북1길 45, 1, 5.0
제주도고기국수만세국수, 음식점, 제주특별자치도 제주시 연삼로 437, 185, 4.4
돈삼겹 이도점, 음식점, 제주특별자치도 제주시 동고산로 48, 4, 4.5
아띠김밥, 음식점, 제주특별자치도 제주시 동고산로 39, 2, 4.5
진원, 음식점, 제주특별자치도 제주시 동고산로 38-7, 4, 5.0
끌림도시락, 음식점, 제주특별자치도 제주시 동고산로 47, 0, 0.0
제주사케촌, 음식점, 제주특별자치도 제주시 가령로 74, 0, 0.0
남춘식당, 음식점, 제주특별자치도 제주시 청귤로 12, 98, 4.3
해원앙, 음식점, 제주특별자치도 제주시 연삼로 457-1, 11, 3.5
휴계농장, 음식점, 제주특별자치도 제주시 청귤로 16, 4, 4.0
평산숯불갈비, 음식점, 제주특별자치도 제주시 정든로2길 14, 10, 4.4
하비마카롱, 음식점, 제주특별자치도 제주시 연삼로 449, 11, 3.6
천지연무태장어, 음식점, 제주특별자치도 제주시 연삼로 461, 5, 4.8
한양관양꼬치, 음식점, 제주특별자치도 제주시 연삼로 450, 11, 4.2
정박사냉면, 음식점, 제주특별자치도 제주시 가령로 73, 8, 2.1
365국밥 제주본점, 음식점, 제주특별자치도 제주시 가령로 71, 12, 4.4
빽풍보쌈&코다리, 음식점, 제주특별자치도 제주시 연삼로 448, 3, 5.0
두둠치밥 제주1호점, 음식점, 제주특별자치도 제주시 연삼로 462, 1, 5.0
마셔블라, 음식점, 제주특별자치도 제주시 연삼로 452, 0, 0.0
본가고가네돈까스, 음식점, 제주특별자치도 제주시 정든로2길 13, 0, 0.0
대구석장연탄구이, 음식점, 제주특별자치도 제주시 청귤로 16, 0, 0.0
한라식당, 음식점, 제주특별자치도 제주시 광양9길 19, 33, 3.9
백가네꽃게, 음식점, 제주특별자치도 제주시 동광로6길 9, 31, 4.4
설농옥 시청점, 음식점, 제주특별자치도 제주시 동광로4길 9-2, 3, 4.7
만성복해장국, 음식점, 제주특별자치도 제주시 동광로6길 14-1, 2, 5.0
새둥지, 음식점, 제주특별자치도 제주시 동광로4길 11, 0, 0.0
오시나국수, 음식점, 제주특별자치도 제주시 동광로6길 9, 6, 4.2
만선복집, 음식점, 제주특별자치도 제주시 동광로6길 14-1, 0, 0.0
또다시영림, 음식점, 제주특별자치도 제주시 동광로6길 14, 0, 0.0
탐라국꾼 시청점, 음식점, 제주특별자치도 제주시 동광로6길 14, 0, 0.0
칭구야한잔하자, 음식점, 제주특별자치도 제주시 동광로6길 13-1, 0, 0.0
24시뼈다귀탕 제주점, 음식점, 제주특별자치도 제주시 동광로 19-1, 10, 3.2
이것이국밥이다, 음식점, 제주특별자치도 제주시 동광로5길 1, 0, 0.0
맘스맘치킨피자 본점, 음식점, 제주특별자치도 제주시 돈내길 16, 3, 5.0
광양국수, 음식점, 제주특별자치도 제주시 동광로 21, 4, 5.0
낮과밤, 음식점, 제주특별자치도 제주시 동광로 21, 1, 5.0
평화탑, 음식점, 제주특별자치도 제주시 동광로 19, 0, 0.0
백성원해장국 본점, 음식점, 제주특별자치도 제주시 동광로4길 1, 84, 4.1
산과들비빔밥, 음식점, 제주특별자치도 제주시 동광로6길 3, 5, 4.8
참맛고을, 음식점, 제주특별자치도 제주시 동광로6길 1, 8, 4.6
파프리카 가든, 음식점, 제주특별자치도 제주시 동광로 20, 3, 4.7
꼬꼬반점, 음식점, 제주특별자치도 제주시 광양7길 32, 5, 4.2
부평갈비, 음식점, 제주특별자치도 제주시 동광로6길 7, 1, 5.0
쫑이네닭볶음탕, 음식점, 제주특별자치도 제주시 광양7길 32, 0, 0.0
훈베이커리, 음식점, 제주특별자치도 제주시 동광로 26, 4, 2.3
잇쇼쿠, 음식점, 제주특별자치도 제주시 광양7길 32, 1, 5.0
기리시마, 음식점, 제주특별자치도 제주시 동광로6길 4, 0, 0.0
메로식당, 음식점, 제주특별자치도 제주시 광양13길 34, 14, 4.6
일품, 음식점, 제주특별자치도 제주시 동광로6길 17, 13, 3.4
서울냉면, 음식점, 제주특별자치도 제주시 광양7길 49, 0, 0.0
꼼장어먹으러가자, 음식점, 제주특별자치도 제주시 광양9길 37, 2, 5.0
사계갈비, 음식점, 제주특별자치도 제주시 동광로12길 6, 2, 5.0
제주떡고을, 음식점, 제주특별자치도 제주시 광양7길 34, 4, 4.8
플러스투, 음식점, 제주특별자치도 제주시 광양9길 49, 0, 0.0
돈하루방, 음식점, 제주특별자치도 제주시 동광로5길 32, 31, 4.2
정씨네소몰이, 음식점, 제주특별자치도 제주시 동광로9길 43, 0, 0.0
광주빛고을아귀찜, 음식점, 제주특별자치도 제주시 동광로5길 8, 3, 4.0
카페렌, 음식점, 제주특별자치도 제주시 동광로5길 26, 0, 0.0
2실로와, 음식점, 제주특별자치도 제주시 동광로5길 28, 0, 0.0
미미네빵, 음식점, 제주특별자치도 제주시 동광로 46, 1, 5.0
제주쌀로만, 음식점, 제주특별자치도 제주시 동광로 46, 0, 0.0
피자클럽 제주점, 음식점, 제주특별자치도 제주시 동광로 50, 2, 5.0
노가리앤비어 제주이도1동점, 음식점, 제주특별자치도 제주시 동광로 39, 2, 5.0
사랑의집, 음식점, 제주특별자치도 제주시 동광로9길 12-3, 0, 0.0
골막식당, 음식점, 제주특별자치도 제주시 천수로 12, 145, 3.9
제주미담, 음식점, 제주특별자치도 제주시 가령로 19, 119, 3.6
제주소드래, 음식점, 제주특별자치도 제주시 가령로 1, 27, 3.3
한라산조랑말, 음식점, 제주특별자치도 제주시 가령로 5, 26, 4.5
갯것이식당, 음식점, 제주특별자치도 제주시 가령로 9, 29, 4.3
군산소문난해물칼국수, 음식점, 제주특별자치도 제주시 가령로1길 25, 8, 4.1
산들, 음식점, 제주특별자치도 제주시 신산로 109, 3, 5.0
청어람, 음식점, 제주특별자치도 제주시 가령골2길 23, 3, 3.7
청룡반점, 음식점, 제주특별자치도 제주시 가령로 5-1, 15, 1.9
서은통닭, 음식점, 제주특별자치도 제주시 청귤로1길 20, 4, 5.0
홍콩미각, 음식점, 제주특별자치도 제주시 천수로 11, 17, 3.6
솔바위식당, 음식점, 제주특별자치도 제주시 가령골1길 1, 2, 4.0
푸라닭치킨 제주일도점, 음식점, 제주특별자치도 제주시 청귤로1길 38, 4, 5.0
페리카나 일도점, 음식점, 제주특별자치도 제주시 천수로 25-1, 1, 5.0
올레예촌국수, 음식점, 제주특별자치도 제주시 가령로 46, 5, 4.4
용이네맛집, 음식점, 제주특별자치도 제주시 동광로 88, 3, 4.0
수미돼지집, 음식점, 제주특별자치도 제주시 동광로 77, 1, 5.0
고로케야 (휴업중), 음식점, 제주특별자치도 제주시 가령골2길 13-20, 7, 4.1
양반집, 음식점, 제주특별자치도 제주시 가령로1길 3, 3, 3.3
향래식당, 음식점, 제주특별자치도 제주시 가령로 41, 0, 0.0
다우렁, 음식점, 제주특별자치도 제주시 천수로 4, 0, 0.0
영희네국밥, 음식점, 제주특별자치도 제주시 가령골2길 12, 2, 5.0
닭터고, 음식점, 제주특별자치도 제주시 천수로 6, 0, 0.0
술래포차, 음식점, 제주특별자치도 제주시 동광로13길 1, 0, 0.0
휴가람실내포차, 음식점, 제주특별자치도 제주시 천수로 16, 0, 0.0
국수마당 본점, 음식점, 제주특별자치도 제주시 삼성로 65, 115, 3.7
삼대국수회관 본점, 음식점, 제주특별자치도 제주시 삼성로 41, 187, 3.4
일도국수, 음식점, 제주특별자치도 제주시 삼성로 49, 52, 2.1
동이트는집 본점, 음식점, 제주특별자치도 제주시 신산로 71, 45, 4.7
김정자김밥, 음식점, 제주특별자치도 제주시 신산로 53, 0, 0.0
순백순두부, 음식점, 제주특별자치도 제주시 신산로 79, 12, 4.4
신해바라기 제2호점, 음식점, 제주특별자치도 제주시 신산로 67, 8, 1.4
국수고을, 음식점, 제주특별자치도 제주시 삼성로 63, 6, 2.2
형제돼지갈비, 음식점, 제주특별자치도 제주시 신산로 51-1, 3, 4.7
수정횟집, 음식점, 제주특별자치도 제주시 삼성로 47, 6, 5.0
우가촌, 음식점, 제주특별자치도 제주시 신산로 40, 3, 5.0
원조동래국밥, 음식점, 제주특별자치도 제주시 신산로 54, 2, 4.0
부가네얼큰이 신산점, 음식점, 제주특별자치도 제주시 신산로 46, 2, 3.0
금항아리식당, 음식점, 제주특별자치도 제주시 삼성로 85, 9, 4.9
서원토종닭, 음식점, 제주특별자치도 제주시 삼성로13길 35, 2, 5.0
초우식당, 음식점, 제주특별자치도 제주시 신산로 75-1, 5, 5.0
다랑시국수, 음식점, 제주특별자치도 제주시 신산로 52, 10, 5.0
청춘짬뽕, 음식점, 제주특별자치도 제주시 신산로 49-1, 7, 4.0
먹자국수, 음식점, 제주특별자치도 제주시 신산로 63, 0, 0.0
토대력 신산로점, 음식점, 제주특별자치도 제주시 신산로 40-1, 0, 0.0
하르방국수, 음식점, 제주특별자치도 제주시 삼성로 69, 4, 5.0
큰언니, 음식점, 제주특별자치도 제주시 삼성로 63, 2, 3.0
온누리베이커리, 음식점, 제주특별자치도 제주시 신산로 63-1, 1, 1.0
알프스호텔 구내식당, 음식점, 제주특별자치도 제주시 신산로 79, 0, 0.0
제주만금국수, 음식점, 제주특별자치도 제주시 삼성로 67, 3, 5.0
본스치킨 제주일도점, 음식점, 제주특별자치도 제주시 신산로 50-1, 2, 3.5
국수탐나, 음식점, 제주특별자치도 제주시 삼성로 67, 1, 5.0
토크쇼 신산점, 음식점, 제주특별자치도 제주시 신산로 39-2, 0, 0.0
지민이네밥상, 음식점, 제주특별자치도 제주시 신산로 63, 0, 0.0
일해야, 음식점, 제주특별자치도 제주시 신산로 42-1, 0, 0.0
바비킴, 음식점, 제주특별자치도 제주시 신산로 53, 0, 0.0
어슬렁포장마차, 음식점, 제주특별자치도 제주시 신산로8길 1, 0, 0.0
낭그늘, 음식점, 제주특별자치도 제주시 신산로 44, 0, 0.0
두근두근고깃집, 음식점, 제주특별자치도 제주시 삼성로11길 3-4, 0, 0.0
명품제주활어, 음식점, 제주특별자치도 제주시 신산로8길 6, 0, 0.0
인화빵집, 음식점, 제주특별자치도 제주시 신산로 89, 7, 3.3
새우리, 음식점, 제주특별자치도 제주시 동광로13길 4, 0, 0.0
꽃가마식당, 음식점, 제주특별자치도 제주시 신산로 97, 3, 3.0
장원옛날보리빵, 음식점, 제주특별자치도 제주시 신산로 91, 4, 2.3
웰빙초원숯불갈비, 음식점, 제주특별자치도 제주시 신산로15길 4, 2, 5.0
소랑길, 음식점, 제주특별자치도 제주시 신산로 83, 1, 5.0
미니식당, 음식점, 제주특별자치도 제주시 신산로11길 6, 0, 0.0
참살이정육식당, 음식점, 제주특별자치도 제주시 고마로14길 14, 4, 3.8
진미인제아구찜, 음식점, 제주특별자치도 제주시 고마로14길 9, 5, 3.4
우디집, 음식점, 제주특별자치도 제주시 동광로 97, 10, 4.9
두리아 일도점, 음식점, 제주특별자치도 제주시 동광로 113, 4, 3.0
흥부네찐빵, 음식점, 제주특별자치도 제주시 동광로 94, 1, 4.0
주당, 음식점, 제주특별자치도 제주시 동광로17길 3, 3, 3.7
으뜸아이스크림할인점 인화점, 음식점, 제주특별자치도 제주시 동광로 97, 0, 0.0
뱃살도둑 구제주점, 음식점, 제주특별자치도 제주시 동광로 108, 0, 0.0
신정, 음식점, 제주특별자치도 제주시 고마로14길 16, 2, 5.0
신풍해장국, 음식점, 제주특별자치도 제주시 동광로16길 1, 1, 4.0
로얄양과, 음식점, 제주특별자치도 제주시 신산로15길 36, 0, 0.0
미광, 음식점, 제주특별자치도 제주시 동광로 111-1, 0, 0.0
명성식당, 음식점, 제주특별자치도 제주시 삼성로 94, 11, 3.2
석인장, 음식점, 제주특별자치도 제주시 삼성로 108, 4, 3.8
제주미식회, 음식점, 제주특별자치도 제주시 동문로14길 45, 7, 5.0
제주회포장, 음식점, 제주특별자치도 제주시 신산로11길 48, 31, 4.8
삼도횟집 제주점, 음식점, 제주특별자치도 제주시 고마로10길 3, 1, 5.0
태원갈비, 음식점, 제주특별자치도 제주시 고마로10길 6, 4, 3.3
사랑물, 음식점, 제주특별자치도 제주시 고마로 55, 0, 0.0
천하제일장어 인제점, 음식점, 제주특별자치도 제주시 고마로 66, 2, 5.0
파리바게뜨 제주인제점, 음식점, 제주특별자치도 제주시 고마로 57, 0, 0.0
노가리앤비어 인화점, 음식점, 제주특별자치도 제주시 고마로 61-1, 1, 3.0
민물장어센타, 음식점, 제주특별자치도 제주시 고마로 52, 0, 0.0
아구사랑아귀찜, 음식점, 제주특별자치도 제주시 동광로17길 28, 2, 5.0
티바두마리치킨 인제점, 음식점, 제주특별자치도 제주시 고마로10길 24, 1, 5.0
진국수, 음식점, 제주특별자치도 제주시 고마로 57, 2, 4.0
일도즉석김밥, 음식점, 제주특별자치도 제주시 고마로10길 10, 0, 0.0
순살몬스터 인제마을점, 음식점, 제주특별자치도 제주시 고마로10길 24, 0, 0.0
까투리 행복점, 음식점, 제주특별자치도 제주시 고마로 58, 0, 0.0
허니의매운찜갈비집, 음식점, 제주특별자치도 제주시 고마로 70, 1, 3.0
인화골, 음식점, 제주특별자치도 제주시 신산로15길 48, 1, 5.0
부산돼지국밥, 음식점, 제주특별자치도 제주시 신산로 29-1, 17, 4.9
불닭공장 신산점, 음식점, 제주특별자치도 제주시 신산로 34, 1, 5.0
남매포차, 음식점, 제주특별자치도 제주시 신산로 34-1, 1, 5.0
큰들물식당, 음식점, 제주특별자치도 제주시 신산로 32, 1, 3.0
야시장, 음식점, 제주특별자치도 제주시 신산로 37, 3, 4.7
갈비애드림, 음식점, 제주특별자치도 제주시 신산로 35, 0, 0.0
두맹이갈비, 음식점, 제주특별자치도 제주시 동문로16길 13, 0, 0.0
돈삼촌, 음식점, 제주특별자치도 제주시 삼성로 118, 0, 0.0
스위트타임 일도점, 음식점, 제주특별자치도 제주시 삼성로 126-1, 1, 4.0
두맹이회포장센타, 음식점, 제주특별자치도 제주시 신산로5길 31, 0, 0.0
돌하르방식당 본점, 음식점, 제주특별자치도 제주시 신산로11길 53, 39, 4.3
삼다통닭, 음식점, 제주특별자치도 제주시 고마로11길 22, 6, 4.8
신설돈가, 음식점, 제주특별자치도 제주시 고마로 21, 3, 3.7
숙이네국수, 음식점, 제주특별자치도 제주시 고마로 29, 7, 4.9
광주생각, 음식점, 제주특별자치도 제주시 고마로 21, 1, 4.0
생생반점, 음식점, 제주특별자치도 제주시 신산로9길 51, 7, 4.7
옛날그집, 음식점, 제주특별자치도 제주시 고마로 32, 3, 4.7
남가네만복해장국, 음식점, 제주특별자치도 제주시 고마로 32, 10, 4.6
해수갈비, 음식점, 제주특별자치도 제주시 고마로11길 40-1, 1, 5.0
배터지는생동까스 인화점, 음식점, 제주특별자치도 제주시 고마로 38, 2, 3.0
뫼오름식당, 음식점, 제주특별자치도 제주시 신산로9길 54, 0, 0.0
스페셜인화점, 음식점, 제주특별자치도 제주시 고마로 31, 0, 0.0
유명한식당, 음식점, 제주특별자치도 제주시 고마로 21, 0, 0.0
탐라수라청, 음식점, 제주특별자치도 제주시 고마로7길 2, 0, 0.0
아기천사, 음식점, 제주특별자치도 제주시 고마로 39, 0, 0.0
장수식육점, 음식점, 제주특별자치도 제주시 신산로9길 51, 0, 0.0
못난이꽈배기 여상점, 음식점, 제주특별자치도 제주시 동문로 94, 3, 5.0
옛날통닭 여상점, 음식점, 제주특별자치도 제주시 동문로 96, 5, 4.4
주민상회 동문점, 음식점, 제주특별자치도 제주시 동문로 98, 1, 5.0
연자식당, 음식점, 제주특별자치도 제주시 신산로7길 65, 2, 4.0
스페샬 여상점, 음식점, 제주특별자치도 제주시 동문로 96, 0, 0.0
술푸데기, 음식점, 제주특별자치도 제주시 동문로 98, 0, 0.0
삼도횟집, 음식점, 제주특별자치도 제주시 고마로 10-3, 1, 3.0
돈항아리숯불구이, 음식점, 제주특별자치도 제주시 고마로 7, 0, 0.0
다와식당, 음식점, 제주특별자치도 제주시 고마로 9, 0, 0.0
정이든호프, 음식점, 제주특별자치도 제주시 동문로 108, 0, 0.0
성온식당, 음식점, 제주특별자치도 제주시 고마로 4-1, 0, 0.0
콩깍지, 음식점, 제주특별자치도 제주시 동문로 102-2, 0, 0.0
서민당, 음식점, 제주특별자치도 제주시 연신로 24, 12, 4.9
고을면꿩샤브샤브, 음식점, 제주특별자치도 제주시 정든로 62-3, 12, 4.5
비자림꿩메밀손칼국수, 음식점, 제주특별자치도 제주시 정든로3길 28, 5, 4.2
차돌, 음식점, 제주특별자치도 제주시 남광로 65, 8, 4.5
명배과자점, 음식점, 제주특별자치도 제주시 이도공원길 10, 31, 5.0
우도동굴회, 음식점, 제주특별자치도 제주시 정든로 51, 4, 3.3
구삼반점, 음식점, 제주특별자치도 제주시 정든로 50, 17, 3.6
황포돛대, 음식점, 제주특별자치도 제주시 연삼로 474, 11, 4.7
이도밥상, 음식점, 제주특별자치도 제주시 정든로 64, 0, 0.0
강쉐프짬뽕, 음식점, 제주특별자치도 제주시 정든로 39, 6, 3.8
진돼지 이도점, 음식점, 제주특별자치도 제주시 정든로3길 38, 0, 0.0
제주순두부, 음식점, 제주특별자치도 제주시 정든로 48, 2, 4.0
탐라조랑말, 음식점, 제주특별자치도 제주시 정든로3길 48, 0, 0.0
제주에정든집, 음식점, 제주특별자치도 제주시 정든로 13, 1, 5.0
마라탕에취한날앤싸다아구찜, 음식점, 제주특별자치도 제주시 정든로1길 10-4, 0, 0.0
소달구지, 음식점, 제주특별자치도 제주시 정든로 27, 0, 0.0
봉수아피자 구제주2호점, 음식점, 제주특별자치도 제주시 정든로 18, 0, 0.0
스페샬 혜성점, 음식점, 제주특별자치도 제주시 남광로 65, 0, 0.0
구구매니아불닭 일도점, 음식점, 제주특별자치도 제주시 남광로 65, 0, 0.0
송촌초밥, 음식점, 제주특별자치도 제주시 태성로4길 1, 15, 3.9
일도전복, 음식점, 제주특별자치도 제주시 연신로 33, 19, 4.3
인자숯불갈비 2호점, 음식점, 제주특별자치도 제주시 연신로 29, 2, 5.0
한양곱창식당, 음식점, 제주특별자치도 제주시 연신로 35, 5, 4.0
삼다해, 음식점, 제주특별자치도 제주시 연신로 33-1, 4, 5.0
해장연포순대, 음식점, 제주특별자치도 제주시 남광로 125, 5, 3.0
24시뼈다귀탕 이도점, 음식점, 제주특별자치도 제주시 연신로 38, 1, 2.0
금수레, 음식점, 제주특별자치도 제주시 태성로2길 2, 2, 3.0
창영왕족발, 음식점, 제주특별자치도 제주시 태성로3길 12, 3, 4.7
공심, 음식점, 제주특별자치도 제주시 연신로 30, 3, 4.0
다모영식당, 음식점, 제주특별자치도 제주시 태성로3길 6, 2, 5.0
신설동보리빵, 음식점, 제주특별자치도 제주시 남광로 133, 4, 3.8
제주칼국수, 음식점, 제주특별자치도 제주시 태성중2길 32-1, 4, 4.3
김준호의대단한갈비 제주일도점, 음식점, 제주특별자치도 제주시 태성로 38, 1, 3.0
제주통큰장어, 음식점, 제주특별자치도 제주시 청귤로3길 50, 31, 3.1
돈본가, 음식점, 제주특별자치도 제주시 청귤로3길 48, 21, 4.9
해모둠, 음식점, 제주특별자치도 제주시 청귤로3길 53, 6, 3.7
행복만족 본점, 음식점, 제주특별자치도 제주시 청귤로3길 46, 13, 4.4
88양곱창, 음식점, 제주특별자치도 제주시 청귤로3길 51, 7, 4.4
일도호수아구찜, 음식점, 제주특별자치도 제주시 청귤로3길 42-5, 2, 4.5
한라생얼큰이, 음식점, 제주특별자치도 제주시 천수로6길 11, 5, 5.0
돈가마당, 음식점, 제주특별자치도 제주시 천수로6길 11, 3, 3.7
불을품은닭이도점, 음식점, 제주특별자치도 제주시 청귤로3길 42-1, 6, 4.3
연동본가 일도점, 음식점, 제주특별자치도 제주시 청귤로3길 45, 3, 5.0
네네치킨 일도점, 음식점, 제주특별자치도 제주시 청귤로3길 51, 6, 3.0
진해장국, 음식점, 제주특별자치도 제주시 청귤로3길 45-1, 2, 4.0
큰게포차 제주점, 음식점, 제주특별자치도 제주시 청귤로3길 51, 1, 5.0
해상, 음식점, 제주특별자치도 제주시 연삼로 507, 6, 3.3
홍소반, 음식점, 제주특별자치도 제주시 천수로6길 36, 11, 4.5
수선화식당, 음식점, 제주특별자치도 제주시 천수로6길 29, 17, 4.2
식도원, 음식점, 제주특별자치도 제주시 연삼로 498, 8, 4.9
청정식당, 음식점, 제주특별자치도 제주시 천수로6길 29, 4, 5.0
통큰불곱창, 음식점, 제주특별자치도 제주시 연삼로 503, 6, 5.0
동아리꼬치구이 일도점, 음식점, 제주특별자치도 제주시 연삼로 507, 0, 0.0
다시또오리, 음식점, 제주특별자치도 제주시 연삼로 514, 8, 4.8
연남물갈비 제주일도점, 음식점, 제주특별자치도 제주시 연신로 7-1, 1, 5.0
돈띠, 음식점, 제주특별자치도 제주시 연신로 3, 4, 4.8
새벽집, 음식점, 제주특별자치도 제주시 고마로 144, 6, 3.2
명동춘천닭갈비 인제점, 음식점, 제주특별자치도 제주시 연수로1길 4, 10, 4.9
쌍팔련도, 음식점, 제주특별자치도 제주시 연수로1길 2, 2, 5.0
초량화성, 음식점, 제주특별자치도 제주시 연수로1길 4, 9, 4.3
조은참치 제주본점, 음식점, 제주특별자치도 제주시 고마로 148, 2, 3.0
장어 일오구이, 음식점, 제주특별자치도 제주시 천수로6길 25, 2, 5.0
봉구통닭제주인제점, 음식점, 제주특별자치도 제주시 연수로3길 4, 1, 5.0
30년할매닭발, 음식점, 제주특별자치도 제주시 연수로3길 3, 8, 4.0
호맥 일도점, 음식점, 제주특별자치도 제주시 고마로 151, 5, 5.0
남문 숯불바베큐엔치킨 일도직영점, 음식점, 제주특별자치도 제주시 고마로 136, 6, 2.5
조가네돈갈비, 음식점, 제주특별자치도 제주시 고마로 151, 2, 5.0
막창먹는놈 일도점, 음식점, 제주특별자치도 제주시 고마로 151, 3, 5.0
간또 일도점, 음식점, 제주특별자치도 제주시 고마로 145-1, 1, 5.0
동그리생생, 음식점, 제주특별자치도 제주시 천수로6길 24, 2, 4.5
나뚜루 제주일도2점, 음식점, 제주특별자치도 제주시 고마로 140, 3, 5.0
와플반트 제주1호점, 음식점, 제주특별자치도 제주시 고마로 143, 4, 2.0
열려라참깨, 음식점, 제주특별자치도 제주시 연수로1길 3, 1, 3.0
오로라닭발, 음식점, 제주특별자치도 제주시 고마로 141, 3, 5.0
토대력 올레점, 음식점, 제주특별자치도 제주시 고마로 136, 1, 3.0
J바, 음식점, 제주특별자치도 제주시 고마로 145-1, 0, 0.0
아사히블루바, 음식점, 제주특별자치도 제주시 청귤로3길 54, 0, 0.0
현이양곱창전문 일도점, 음식점, 제주특별자치도 제주시 연수로1길 5, 6, 1.7
참치정육점 제주지사, 음식점, 제주특별자치도 제주시 연삼로 517, 6, 3.3
다올정, 음식점, 제주특별자치도 제주시 동광로16길 34, 28, 4.6
더김밥, 음식점, 제주특별자치도 제주시 천수로 27, 12, 4.8
탕탕이 인제점, 음식점, 제주특별자치도 제주시 천수로 39, 2, 4.0
토방, 음식점, 제주특별자치도 제주시 천수로 39, 1, 5.0
산들치킨 일도점, 음식점, 제주특별자치도 제주시 동광로16길 39, 3, 3.7
올랭이와물꾸럭 구제주점, 음식점, 제주특별자치도 제주시 천수로6길 1, 14, 3.3
24시전주명가콩나물국밥 일도점, 음식점, 제주특별자치도 제주시 고마로 127, 7, 3.9
화룡양꼬치 일도점, 음식점, 제주특별자치도 제주시 고마로 130, 12, 4.7
울돌목, 음식점, 제주특별자치도 제주시 천수로 44, 1, 5.0
싱겟물바당, 음식점, 제주특별자치도 제주시 천수로6길 5, 9, 4.6
만리향, 음식점, 제주특별자치도 제주시 천수로6길 7-1, 0, 0.0
우리정육구이, 음식점, 제주특별자치도 제주시 천수로6길 1, 6, 4.8
오젠, 음식점, 제주특별자치도 제주시 고마로 123, 3, 3.3
해와돈, 음식점, 제주특별자치도 제주시 고마로 126, 0, 0.0
노가리앤비어 인제점, 음식점, 제주특별자치도 제주시 고마로 128, 3, 2.3
버거왕만두 본점, 음식점, 제주특별자치도 제주시 천수로 42, 2, 3.5
중달이네숯불구이, 음식점, 제주특별자치도 제주시 고마로 126, 2, 5.0
로화룡양꼬치, 음식점, 제주특별자치도 제주시 고마로 130, 0, 0.0
섭지모래, 음식점, 제주특별자치도 제주시 천수로6길 3, 1, 4.0
푸른소금, 음식점, 제주특별자치도 제주시 천수로6길 6, 4, 3.0
또술, 음식점, 제주특별자치도 제주시 고마로 134, 1, 5.0
필꼬치네, 음식점, 제주특별자치도 제주시 고마로 134, 0, 0.0
골뱅이닷컴, 음식점, 제주특별자치도 제주시 고마로 130, 0, 0.0
88포차, 음식점, 제주특별자치도 제주시 천수로6길 5, 0, 0.0
김반장쪽갈비, 음식점, 제주특별자치도 제주시 가령골길 21, 3, 4.7
도연식당, 음식점, 제주특별자치도 제주시 고마로18길 4, 12, 4.5
용팔이막창 인제점, 음식점, 제주특별자치도 제주시 고마로 106, 2, 4.5
고가촌, 음식점, 제주특별자치도 제주시 가령골길 24, 4, 3.0
마중, 음식점, 제주특별자치도 제주시 고마로18길 5, 2, 5.0
괸당집 인제점, 음식점, 제주특별자치도 제주시 고마로19길 8, 7, 3.6
나영이네해장국, 음식점, 제주특별자치도 제주시 천수로9길 5, 8, 4.8
파리바게뜨 제주일도점, 음식점, 제주특별자치도 제주시 고마로 115, 6, 3.7
빨간집 일도점, 음식점, 제주특별자치도 제주시 고마로 108, 5, 3.2
올레담, 음식점, 제주특별자치도 제주시 고마로 110, 0, 0.0
빨간맛집 일도점, 음식점, 제주특별자치도 제주시 고마로 108, 0, 0.0
남원바당, 음식점, 제주특별자치도 제주시 천수로8길 7, 71, 4.5
쇠소깍횟집, 음식점, 제주특별자치도 제주시 연수로4길 1, 21, 4.7
일도촌, 음식점, 제주특별자치도 제주시 천수로8길 7, 12, 4.5
우원, 음식점, 제주특별자치도 제주시 고마로 129, 4, 3.5
미쓰신아강발, 음식점, 제주특별자치도 제주시 고마로 131, 7, 4.1
김밥천국 일도점, 음식점, 제주특별자치도 제주시 고마로 131, 8, 4.1
맛있는온도, 음식점, 제주특별자치도 제주시 연수로5길 4, 4, 5.0
제주정낭집 일도점, 음식점, 제주특별자치도 제주시 연수로3길 5, 3, 5.0
칠삭갈비, 음식점, 제주특별자치도 제주시 천수로8길 9, 6, 2.8
조마루 제주점, 음식점, 제주특별자치도 제주시 연수로3길 5, 3, 2.0
일도명인, 음식점, 제주특별자치도 제주시 천수로8길 6, 1, 3.0
홍고집 일도점, 음식점, 제주특별자치도 제주시 연수로5길 2, 1, 5.0
79대포 제주일도점, 음식점, 제주특별자치도 제주시 천수로8길 1, 3, 4.0
고향숯불막창일도, 음식점, 제주특별자치도 제주시 고마로 131, 1, 5.0
태백아놀자, 음식점, 제주특별자치도 제주시 연수로4길 1, 0, 0.0
피자홍플러스, 음식점, 제주특별자치도 제주시 연수로4길 19, 6, 5.0
세은식당, 음식점, 제주특별자치도 제주시 연수로3길 13, 1, 5.0
곱깨비 제주일도점, 음식점, 제주특별자치도 제주시 연수로5길 14, 0, 0.0
에덴식당, 음식점, 제주특별자치도 제주시 연수로3길 14, 0, 0.0
국가대표야식클라쓰, 음식점, 제주특별자치도 제주시 연수로3길 20, 0, 0.0
역전할머니맥주 제주일도점, 음식점, 제주특별자치도 제주시 천수로9길 1, 2, 5.0
남현순대 제주본점, 음식점, 제주특별자치도 제주시 천수로 56, 7, 4.3
삼주손칼국수, 음식점, 제주특별자치도 제주시 천수로 56, 6, 4.5
엄마국수, 음식점, 제주특별자치도 제주시 천수로 56, 0, 0.0
해오라기, 음식점, 제주특별자치도 제주시 천수로9길 4, 1, 5.0
우도일출야식, 음식점, 제주특별자치도 제주시 천수로 68, 0, 0.0
베스트프랜드, 음식점, 제주특별자치도 제주시 천수로 68, 0, 0.0
신엄마, 음식점, 제주특별자치도 제주시 천수로 56, 0, 0.0
모두모두, 음식점, 제주특별자치도 제주시 천수로 68, 0, 0.0
한라회센타, 음식점, 제주특별자치도 제주시 연삼로 540, 20, 4.5
곱창이야기 제주일도점, 음식점, 제주특별자치도 제주시 연삼로 529, 9, 4.4
탐나는숯불갈비, 음식점, 제주특별자치도 제주시 연삼로 529, 8, 5.0
청포돛대, 음식점, 제주특별자치도 제주시 연삼로 537, 4, 4.0
꽃담은소 제주일도점, 음식점, 제주특별자치도 제주시 연삼로 537-1, 5, 2.2
복돈, 음식점, 제주특별자치도 제주시 태성중1길 16, 2, 4.5
옛고을, 음식점, 제주특별자치도 제주시 연삼로 539, 5, 3.4
동광고을, 음식점, 제주특별자치도 제주시 연삼로 536, 1, 5.0
어쩔라면, 음식점, 제주특별자치도 제주시 태성로2길 20, 1, 5.0
완이네생선조림, 음식점, 제주특별자치도 제주시 연삼로 546, 0, 0.0
제주농산떡이야기, 음식점, 제주특별자치도 제주시 연삼로 538, 0, 0.0
주안상, 음식점, 제주특별자치도 제주시 태성로2길 25, 0, 0.0
동광생오리집, 음식점, 제주특별자치도 제주시 태성로2길 32, 1, 4.0
명가돈까스, 음식점, 제주특별자치도 제주시 태성로2길 30-1, 5, 5.0
파리바게뜨 제주대유대림점, 음식점, 제주특별자치도 제주시 태성로 22, 4, 3.0
윤가우동 일도점, 음식점, 제주특별자치도 제주시 태성로 34-1, 6, 4.0
BBQ 제주일도점, 음식점, 제주특별자치도 제주시 태성로 34, 5, 2.6
시장초밥, 음식점, 제주특별자치도 제주시 태성로 33, 2, 4.5
별난술집, 음식점, 제주특별자치도 제주시 연삼로 548, 1, 5.0
김씨네아지트, 음식점, 제주특별자치도 제주시 태성로2길 36, 0, 0.0
한란닭집 일도점, 음식점, 제주특별자치도 제주시 태성로4길 36-2, 0, 0.0
뚠뚠이네, 음식점, 제주특별자치도 제주시 태성로2길 34, 0, 0.0
풍어회센타, 음식점, 제주특별자치도 제주시 연수중길 15, 20, 4.7
태선갈비 일도점, 음식점, 제주특별자치도 제주시 연삼로 545-1, 9, 3.2
대중적한우, 음식점, 제주특별자치도 제주시 연삼로 541, 11, 4.4
천도두루치기 일도점, 음식점, 제주특별자치도 제주시 연수중길 19, 11, 4.4
통통시장, 음식점, 제주특별자치도 제주시 연삼로 541, 1, 5.0
아지트만남의장소, 음식점, 제주특별자치도 제주시 연수로2길 24, 0, 0.0
아저씨퓨전포차, 음식점, 제주특별자치도 제주시 연삼로 543, 2, 5.0
용두루치기, 음식점, 제주특별자치도 제주시 연수로4길 22, 1, 5.0
일도바다장어구이, 음식점, 제주특별자치도 제주시 고마로16길 1, 5, 4.6
인생극장 제주점, 음식점, 제주특별자치도 제주시 고마로16길 9, 12, 4.0
돌솥마당, 음식점, 제주특별자치도 제주시 고마로16길 8, 6, 4.2
배스킨라빈스 제주신일도점, 음식점, 제주특별자치도 제주시 고마로 104, 9, 2.7
대한식당, 음식점, 제주특별자치도 제주시 고마로 95, 2, 4.5
달콤한닭강정 일도점, 음식점, 제주특별자치도 제주시 고마로 94, 16, 2.0
주민상회 제주일도점, 음식점, 제주특별자치도 제주시 고마로 98, 0, 0.0
동춘돌곱창 제주1호점, 음식점, 제주특별자치도 제주시 고마로 90, 3, 5.0
두찜 제주일도점, 음식점, 제주특별자치도 제주시 고마로 90, 3, 3.0
오니기리와이규동 제주일도점, 음식점, 제주특별자치도 제주시 고마로 98-1, 3, 4.0
봉구비어 제주일도점, 음식점, 제주특별자치도 제주시 고마로 92, 2, 5.0
엔젤, 음식점, 제주특별자치도 제주시 고마로 100, 0, 0.0
현스크린골프 구내식당, 음식점, 제주특별자치도 제주시 고마로 95, 0, 0.0
신설오름, 음식점, 제주특별자치도 제주시 고마로17길 2, 191, 4.1
신마포갈매기 일도점, 음식점, 제주특별자치도 제주시 고마로 99, 6, 4.3
남양통닭 인화점, 음식점, 제주특별자치도 제주시 고마로17길 3, 2, 5.0
본죽 제주일도점, 음식점, 제주특별자치도 제주시 고마로 101, 10, 1.4
가마솥애, 음식점, 제주특별자치도 제주시 고마로17길 5, 4, 3.5
오산봉, 음식점, 제주특별자치도 제주시 천수로9길 15, 4, 5.0
용가리는와플도둑, 음식점, 제주특별자치도 제주시 고마로 99, 2, 4.5
막곱다, 음식점, 제주특별자치도 제주시 고마로 99, 0, 0.0
만나족발, 음식점, 제주특별자치도 제주시 고마로17길 11, 0, 0.0
인제포차, 음식점, 제주특별자치도 제주시 고마로17길 3, 0, 0.0
영자포차, 음식점, 제주특별자치도 제주시 고마로17길 11, 3, 4.7
신산배꼽시계, 음식점, 제주특별자치도 제주시 고마로17길 11, 0, 0.0
해와달삼계탕, 음식점, 제주특별자치도 제주시 고마로15길 5, 3, 4.3
올레제주축산 정육식당, 음식점, 제주특별자치도 제주시 고마로14길 6, 4, 4.0
맛짱 본점, 음식점, 제주특별자치도 제주시 고마로 88, 5, 4.4
일품왕솥뚜껑, 음식점, 제주특별자치도 제주시 고마로15길 3, 3, 2.3
이야기가있는풍경, 음식점, 제주특별자치도 제주시 고마로15길 4-2, 0, 0.0
모이자 1호점, 음식점, 제주특별자치도 제주시 고마로15길 2, 0, 0.0
비사벌, 음식점, 제주특별자치도 제주시 고마로15길 8-2, 0, 0.0
정칠공팔공, 음식점, 제주특별자치도 제주시 고마로17길 11-9, 0, 0.0
경락횟집, 음식점, 제주특별자치도 제주시 천수로13길 6, 5, 4.6
묵털리대구막창, 음식점, 제주특별자치도 제주시 천수로 83, 4, 5.0
지원식당, 음식점, 제주특별자치도 제주시 천수로 82, 0, 0.0
해마루, 음식점, 제주특별자치도 제주시 천수로13길 5, 0, 0.0
스페샬 일도점, 음식점, 제주특별자치도 제주시 천수로 81, 0, 0.0
업텐브로제주1호점, 음식점, 제주특별자치도 제주시 고마로19길 41, 1, 5.0
은희네해장국 본점, 음식점, 제주특별자치도 제주시 고마로13길 8, 172, 3.7
뽕이네각재기, 음식점, 제주특별자치도 제주시 동광로 150, 20, 3.9
맥도날드 제주일도DT점, 음식점, 제주특별자치도 제주시 동광로 134, 21, 2.4
바다수산, 음식점, 제주특별자치도 제주시 동광로 135, 3, 3.3
태화식당, 음식점, 제주특별자치도 제주시 고마로11길 11, 9, 4.9
뀨리분식, 음식점, 제주특별자치도 제주시 동광로 150, 2, 5.0
멕시카나치킨 일도점, 음식점, 제주특별자치도 제주시 동광로20길 29, 3, 1.0
억이네식당, 음식점, 제주특별자치도 제주시 동광로19길 7, 5, 4.8
24K, 음식점, 제주특별자치도 제주시 동광로 129, 0, 0.0
하노이안브라더스, 음식점, 제주특별자치도 제주시 천수동로 1, 40, 3.5
수너베러, 음식점, 제주특별자치도 제주시 천수동로2길 29, 34, 4.2
일품샤브샤브, 음식점, 제주특별자치도 제주시 동광로 161, 14, 3.9
금조가든, 음식점, 제주특별자치도 제주시 천수동로2길 34, 2, 3.0
춘천 수창닭갈비막국수, 음식점, 제주특별자치도 제주시 천수동로 19, 4, 3.3
그냥아지트, 음식점, 제주특별자치도 제주시 동광로20길 29, 0, 0.0
과수원집, 음식점, 제주특별자치도 제주시 천수동로 35, 0, 0.0
제주가마골, 음식점, 제주특별자치도 제주시 천수동로 51-5, 1, 5.0
돈돈촌, 음식점, 제주특별자치도 제주시 천수동로 53, 1, 5.0
궁중뷔페, 음식점, 제주특별자치도 제주시 천수동로 26, 0, 0.0
문게야, 음식점, 제주특별자치도 제주시 동광로23길 23, 60, 4.4
사려니가든, 음식점, 제주특별자치도 제주시 동광로23길 1, 4, 3.5
한솔정식, 음식점, 제주특별자치도 제주시 고마로13길 32, 15, 4.9
사라봉, 음식점, 제주특별자치도 제주시 고으니길 10, 0, 0.0
경복정, 음식점, 제주특별자치도 제주시 고마로9길 21, 1, 5.0
밀칼국수, 음식점, 제주특별자치도 제주시 동광로21길 9, 5, 5.0
크라운출장뷔페, 음식점, 제주특별자치도 제주시 동문로 172, 0, 0.0
정, 음식점, 제주특별자치도 제주시 고마로13길 59, 0, 0.0
각재기바당, 음식점, 제주특별자치도 제주시 고마로9길 17, 1, 5.0
진산해장국, 음식점, 제주특별자치도 제주시 동문로 146, 1, 5.0
인화닭집, 음식점, 제주특별자치도 제주시 고마로9길 14, 0, 0.0
새서울떡집, 음식점, 제주특별자치도 제주시 동광로21길 8, 3, 5.0
윤아저씨보리떡집, 음식점, 제주특별자치도 제주시 고마로3길 36, 0, 0.0
듬뿍담뿍, 음식점, 제주특별자치도 제주시 동광로21길 12, 0, 0.0
향이네김밥, 음식점, 제주특별자치도 제주시 동광로21길 44, 0, 0.0
감미옥, 음식점, 제주특별자치도 제주시 동문로 157, 0, 0.0
돈우촌, 음식점, 제주특별자치도 제주시 고마로9길 25, 0, 0.0
준식당, 음식점, 제주특별자치도 제주시 동광로21길 39, 0, 0.0
베이커리우빵, 음식점, 제주특별자치도 제주시 동고산로 34, None, None
심심포차, 음식점, 제주특별자치도 제주시 동고산로 38-2, None, None
맛조이, 음식점, 제주특별자치도 제주시 동광로6길 27, None, None
피자헛 제주이도점, 음식점, 제주특별자치도 제주시 연삼로 431, None, None
청년밥상문간 제주점, 음식점, 제주특별자치도 제주시 승천로 7, None, None
7번가피자 제주이도점, 음식점, 제주특별자치도 제주시 남광북3길 50, None, None
라이스나이스 제주본점, 음식점, 제주특별자치도 제주시 승천로 5, None, None
옛날통닭 동광양점, 음식점, 제주특별자치도 제주시 가령로 52, None, None
꼬불집, 음식점, 제주특별자치도 제주시 가령로 61-1, None, None
달아별아, 음식점, 제주특별자치도 제주시 가령로4길 26, None, None
삼다도시락, 음식점, 제주특별자치도 제주시 가령로 61-1, None, None
킹겹살, 음식점, 제주특별자치도 제주시 동고산로 48, None, None
우리집 건강원 삼계탕, 음식점, 제주특별자치도 제주시 동고산로 39, None, None
어우렁국수, 음식점, 제주특별자치도 제주시 광양9길 23, None, None
괸당네파전, 음식점, 제주특별자치도 제주시 동광로6길 13, None, None
황제갈매기, 음식점, 제주특별자치도 제주시 동광로6길 6, None, None
그디식당, 음식점, 제주특별자치도 제주시 동광로4길 14, None, None
통통식탁, 음식점, 제주특별자치도 제주시 동광로6길 13, None, None
까사, 음식점, 제주특별자치도 제주시 동광로6길 9, None, None
희주, 음식점, 제주특별자치도 제주시 동광로6길 9, None, None
금빛별, 음식점, 제주특별자치도 제주시 광양7길 24, None, None
대원오메기떡, 음식점, 제주특별자치도 제주시 동광로5길 3, None, None
베이커스비, 음식점, 제주특별자치도 제주시 동광로3길 2, None, None
파라바베큐, 음식점, 제주특별자치도 제주시 동광로 19, None, None
야미얌분식, 음식점, 제주특별자치도 제주시 동광로 24, None, None
해수육장, 음식점, 제주특별자치도 제주시 동광로6길 25, None, None
보건식당, 음식점, 제주특별자치도 제주시 동광로6길 19, None, None
주도, 음식점, 제주특별자치도 제주시 광양7길 32-9, None, None
포쉬노쉬, 음식점, 제주특별자치도 제주시 광양9길 31, None, None
본도시락 제주시청점, 음식점, 제주특별자치도 제주시 동광로8길 3, None, None
호산나떡볶이 시청점, 음식점, 제주특별자치도 제주시 동광로12길 6, None, None
제주밀연구회, 음식점, 제주특별자치도 제주시 동광로10길 27, None, None
제주인양, 음식점, 제주특별자치도 제주시 동광로5길 28, None, None
차군찜닭, 음식점, 제주특별자치도 제주시 동광로7길 7, None, None
문빛, 음식점, 제주특별자치도 제주시 동광로5길 20, None, None
국수장터, 음식점, 제주특별자치도 제주시 동광로 50-1, None, None
교동짬뽕 제주, 음식점, 제주특별자치도 제주시 동광로 47, None, None
지코바 시청점, 음식점, 제주특별자치도 제주시 동광로 41, None, None
치킨플러스 제주시청점, 음식점, 제주특별자치도 제주시 동광로 41, None, None
소영베이킹, 음식점, 제주특별자치도 제주시 동광로 46, None, None
알드레항아리수제비, 음식점, 제주특별자치도 제주시 가령로 19, None, None
홍브로돈, 음식점, 제주특별자치도 제주시 청귤로1길 9, None, None
술, 음식점, 제주특별자치도 제주시 동광로 88, None, None
황제정식, 음식점, 제주특별자치도 제주시 천수로 25-1, None, None
제주세원이네, 음식점, 제주특별자치도 제주시 삼성로 69, None, None
신산복어집, 음식점, 제주특별자치도 제주시 삼성로 85, None, None
왕고모네국수, 음식점, 제주특별자치도 제주시 신산로 77, None, None
뚱이네돈양념구이, 음식점, 제주특별자치도 제주시 신산로8길 11, None, None
사라오메기, 음식점, 제주특별자치도 제주시 삼성로 73, None, None
굴품은낙지, 음식점, 제주특별자치도 제주시 신산로 44-1, None, None
파파무베이커리, 음식점, 제주특별자치도 제주시 신산로15길 22, None, None
야키토리6126, 음식점, 제주특별자치도 제주시 동광로 97, None, None
명륜진사갈비 제주일도점, 음식점, 제주특별자치도 제주시 동광로 106, None, None
제주주당, 음식점, 제주특별자치도 제주시 동광로17길 3, None, None
인화계, 음식점, 제주특별자치도 제주시 고마로14길 13, None, None
땅스부대찌개 일도점, 음식점, 제주특별자치도 제주시 동광로 112, None, None
프랭크버거 제주일도점, 음식점, 제주특별자치도 제주시 동광로 108, None, None
키친초이, 음식점, 제주특별자치도 제주시 동광로15길 3, None, None
떡볶이참잘하는집 제주일도점, 음식점, 제주특별자치도 제주시 동광로 110-1, None, None
동광17, 음식점, 제주특별자치도 제주시 동광로17길 3, None, None
온담, 음식점, 제주특별자치도 제주시 동광로 94, None, None
미소가김밥, 음식점, 제주특별자치도 제주시 고마로 57, None, None
돈삼겹 본점, 음식점, 제주특별자치도 제주시 고마로 70, None, None
부가네얼큰이 인제점, 음식점, 제주특별자치도 제주시 고마로10길 2, None, None
꾸어삼겹, 음식점, 제주특별자치도 제주시 신산로 34-1, None, None
옥이정식, 음식점, 제주특별자치도 제주시 신산로 31, None, None
놀부보쌈 구제주1호점, 음식점, 제주특별자치도 제주시 신산로 39, None, None
놀부유황오리진흙구이 구제주점, 음식점, 제주특별자치도 제주시 신산로 39, None, None
동고량, 음식점, 제주특별자치도 제주시 삼성로 114, None, None
지상참치, 음식점, 제주특별자치도 제주시 삼성로 129, None, None
말캉말캉찐빵, 음식점, 제주특별자치도 제주시 삼성로 124, None, None
달당, 음식점, 제주특별자치도 제주시 고마로 16, None, None
교촌치킨 건입점, 음식점, 제주특별자치도 제주시 고마로 29, None, None
혜선이네, 음식점, 제주특별자치도 제주시 고마로 32, None, None
명식당, 음식점, 제주특별자치도 제주시 고마로 35-5, None, None
썬더치킨 고마로점, 음식점, 제주특별자치도 제주시 고마로5길 2, None, None
순살파닭 제주점, 음식점, 제주특별자치도 제주시 고마로11길 45, None, None
마식당, 음식점, 제주특별자치도 제주시 고마로 29, None, None
제주서부두수산, 음식점, 제주특별자치도 제주시 동광로17길 50, None, None
스모키버거, 음식점, 제주특별자치도 제주시 동문로 100, None, None
BHC치킨 일도점, 음식점, 제주특별자치도 제주시 동문로 126, None, None
러브, 음식점, 제주특별자치도 제주시 동문로 106, None, None
도세기집, 음식점, 제주특별자치도 제주시 연신로 11, None, None
공존, 음식점, 제주특별자치도 제주시 정든로6길 12, None, None
정든마을고깃집, 음식점, 제주특별자치도 제주시 정든로 20-8, None, None
돌담, 음식점, 제주특별자치도 제주시 정든로 64, None, None
왕언니밥상, 음식점, 제주특별자치도 제주시 태성로1길 3, None, None
계모임, 음식점, 제주특별자치도 제주시 정든로 16, None, None
궁한스샤브 제주일도점, 음식점, 제주특별자치도 제주시 연신로 21, None, None
장가네 일품순두부 일도점, 음식점, 제주특별자치도 제주시 연신로 19, None, None
일도해장국, 음식점, 제주특별자치도 제주시 태성로2길 2, None, None
다오라민포, 음식점, 제주특별자치도 제주시 남광로 119, None, None
일도제주아구찜, 음식점, 제주특별자치도 제주시 연신로 28, None, None
김순례닭강정 제주점, 음식점, 제주특별자치도 제주시 연신로 39, None, None
가든샐러드, 음식점, 제주특별자치도 제주시 남광로 123, None, None
안트레밀, 음식점, 제주특별자치도 제주시 남광로 107, None, None
고촌, 음식점, 제주특별자치도 제주시 연신로 26, None, None
오늘은불고기, 음식점, 제주특별자치도 제주시 태성로2길 1, None, None
그때불닭, 음식점, 제주특별자치도 제주시 태성로2길 2, None, None
숙성육 본점, 음식점, 제주특별자치도 제주시 천수로6길 13, None, None
만호민물장어, 음식점, 제주특별자치도 제주시 연삼로 497, None, None
맘스터치 제주연삼로점, 음식점, 제주특별자치도 제주시 연삼로 503, None, None
휘도명가, 음식점, 제주특별자치도 제주시 고마로 143, None, None
초대창 제주일도점, 음식점, 제주특별자치도 제주시 고마로 147, None, None
사계진미 일도점, 음식점, 제주특별자치도 제주시 연수로3길 4, None, None
족발야시장 제주일도점, 음식점, 제주특별자치도 제주시 고마로 145, None, None
공공시, 음식점, 제주특별자치도 제주시 연수로1길 6, None, None
제주미소, 음식점, 제주특별자치도 제주시 연수로1길 6, None, None
무지개맥주 제주일도점, 음식점, 제주특별자치도 제주시 고마로 142, None, None
설맥 제주일도본점, 음식점, 제주특별자치도 제주시 고마로 140, None, None
포차천국 제주일도점, 음식점, 제주특별자치도 제주시 고마로 142, None, None
천하육회, 음식점, 제주특별자치도 제주시 고마로 141, None, None
오늘와인한잔 제주일도점, 음식점, 제주특별자치도 제주시 연수로3길 4, None, None
에이에이 홀덤펍, 음식점, 제주특별자치도 제주시 고마로 150, None, None
테애라, 음식점, 제주특별자치도 제주시 고마로 143, None, None
서유기 제주1호점, 음식점, 제주특별자치도 제주시 고마로 142, None, None
노리터, 음식점, 제주특별자치도 제주시 연수로3길 4, None, None
베지근한해장국, 음식점, 제주특별자치도 제주시 연삼로 519, None, None
유미아구찜, 음식점, 제주특별자치도 제주시 천수로 33, None, None
아이, 음식점, 제주특별자치도 제주시 천수로 39, None, None
팔각촌, 음식점, 제주특별자치도 제주시 천수로 42, None, None
돌아온무한조개 본점, 음식점, 제주특별자치도 제주시 천수로 44, None, None
빈대떡과사람덜, 음식점, 제주특별자치도 제주시 천수로6길 4, None, None
서울빈대떡, 음식점, 제주특별자치도 제주시 고마로 134, None, None
혼디호프, 음식점, 제주특별자치도 제주시 고마로 130, None, None
회사 본점, 음식점, 제주특별자치도 제주시 천수로 40, None, None
인쌩맥주 제주일도점, 음식점, 제주특별자치도 제주시 고마로 127, None, None
샤브앤샤브 일도점, 음식점, 제주특별자치도 제주시 고마로 128, None, None
보노보나젤라또 일도점, 음식점, 제주특별자치도 제주시 고마로 127, None, None
베리웰와인치킨 일도점, 음식점, 제주특별자치도 제주시 고마로 126, None, None
양육점 제주점, 음식점, 제주특별자치도 제주시 가령골길 23-1, None, None
금갈치타운, 음식점, 제주특별자치도 제주시 고마로19길 2, None, None
뚜레쥬르 제주일도점, 음식점, 제주특별자치도 제주시 고마로 113, None, None
큰맘할매순대국 제주일도점, 음식점, 제주특별자치도 제주시 천수로9길 1, None, None
천리안, 음식점, 제주특별자치도 제주시 고마로19길 2, None, None
내츄럴케이, 음식점, 제주특별자치도 제주시 천수로9길 3, None, None
서서방숯불닭갈비 일도점, 음식점, 제주특별자치도 제주시 천수로8길 5, None, None
일도회센타, 음식점, 제주특별자치도 제주시 천수로8길 6, None, None
BHC치킨 제주인제점, 음식점, 제주특별자치도 제주시 고마로 129, None, None
냉삼, 음식점, 제주특별자치도 제주시 고마로 131, None, None
백스비어 제주인제점, 음식점, 제주특별자치도 제주시 고마로 133, None, None
순곱이네 제주1호점, 음식점, 제주특별자치도 제주시 고마로 135, None, None
무시로 인제점, 음식점, 제주특별자치도 제주시 연수로3길 5, None, None
제주 돈갈매기, 음식점, 제주특별자치도 제주시 천수로8길 3, None, None
우리포차, 음식점, 제주특별자치도 제주시 연수로4길 3, None, None
우원2, 음식점, 제주특별자치도 제주시 고마로 129, None, None
스몰사운드, 음식점, 제주특별자치도 제주시 연수로3길 5, None, None
굽네치킨 일도동광초점, 음식점, 제주특별자치도 제주시 연수로3길 7, None, None
동우네, 음식점, 제주특별자치도 제주시 연수로3길 23, None, None
친구네국밥, 음식점, 제주특별자치도 제주시 연수로3길 11, None, None
커플하우스, 음식점, 제주특별자치도 제주시 연수로5길 14, None, None
상순이닭한마리, 음식점, 제주특별자치도 제주시 연수로3길 11, None, None
투접시족발 일도점, 음식점, 제주특별자치도 제주시 천수로 68, None, None
빵집이야기, 음식점, 제주특별자치도 제주시 천수로 68, None, None
피자탑 제주일도점, 음식점, 제주특별자치도 제주시 천수로 61, None, None
최가네손만두 일도점, 음식점, 제주특별자치도 제주시 천수로 59, None, None
동광회센타, 음식점, 제주특별자치도 제주시 연삼로 544, None, None
찐돈, 음식점, 제주특별자치도 제주시 연삼로 535, None, None
화수분, 음식점, 제주특별자치도 제주시 연수중길 3, None, None
노상치킨 제주점, 음식점, 제주특별자치도 제주시 연삼로 539, None, None
제주민속떡집, 음식점, 제주특별자치도 제주시 태성로2길 17, None, None
무모한초밥 제주일도점, 음식점, 제주특별자치도 제주시 연삼로 537-1, None, None
삼립 제주대리점, 음식점, 제주특별자치도 제주시 태성로 39, None, None
조이몽베이커리, 음식점, 제주특별자치도 제주시 태성로 21, None, None
승쁨당, 음식점, 제주특별자치도 제주시 연수로3길 27, None, None
300kg 참치공장, 음식점, 제주특별자치도 제주시 연수로4길 21, None, None
쪼개쪼개조개구이, 음식점, 제주특별자치도 제주시 연삼로 541, None, None
인심이네포차, 음식점, 제주특별자치도 제주시 연삼로 562, None, None
옐로우돕, 음식점, 제주특별자치도 제주시 고마로16길 9, None, None
치로리, 음식점, 제주특별자치도 제주시 고마로 94, None, None
일미리금계찜닭 제주일도점, 음식점, 제주특별자치도 제주시 고마로 94, None, None
호박채, 음식점, 제주특별자치도 제주시 고마로16길 9, None, None
귀한족발 제주일도점, 음식점, 제주특별자치도 제주시 고마로 94, None, None
베트남노상식당 딜리버리 제주일도점, 음식점, 제주특별자치도 제주시 고마로 98, None, None
피맥데이, 음식점, 제주특별자치도 제주시 고마로 90, None, None
다원, 음식점, 제주특별자치도 제주시 고마로 102, None, None
루스트플레이스 인제점, 음식점, 제주특별자치도 제주시 고마로 103, None, None
홍열이네 불닭, 음식점, 제주특별자치도 제주시 고마로17길 6, None, None
교촌치킨 일도점, 음식점, 제주특별자치도 제주시 고마로 95, None, None
통큰갈비 제주일도점, 음식점, 제주특별자치도 제주시 고마로 105, None, None
에이어, 음식점, 제주특별자치도 제주시 고마로17길 11, None, None
오태식해바라기치킨 제주일도점, 음식점, 제주특별자치도 제주시 고마로17길 4, None, None
애월두부연구소순두부전문점, 음식점, 제주특별자치도 제주시 고마로17길 7, None, None
홀스버드, 음식점, 제주특별자치도 제주시 고마로15길 2, None, None
신전떡볶이 제주인제점, 음식점, 제주특별자치도 제주시 고마로 87, None, None
은가비, 음식점, 제주특별자치도 제주시 고마로15길 5, None, None
인화동한우, 음식점, 제주특별자치도 제주시 천수로13길 17, None, None
율군짬뽕, 음식점, 제주특별자치도 제주시 천수로 82, None, None
도담스시, 음식점, 제주특별자치도 제주시 천수로 82, None, None
처갓집양념치킨 일도점, 음식점, 제주특별자치도 제주시 고마로19길 41, None, None
010회센터, 음식점, 제주특별자치도 제주시 천수로11길 4, None, None
마라사랑, 음식점, 제주특별자치도 제주시 천수로 82, None, None
그리너 제주인화점, 음식점, 제주특별자치도 제주시 고마로 67, None, None
BBQ 제주인제점, 음식점, 제주특별자치도 제주시 고마로 65, None, None
백프로, 음식점, 제주특별자치도 제주시 동광로21길 1, None, None
가스트로 관수, 음식점, 제주특별자치도 제주시 고마로15길 20, None, None
어떤 하루, 음식점, 제주특별자치도 제주시 고마로13길 26-1, None, None
만나집밥, 음식점, 제주특별자치도 제주시 동광로21길 7, None, None
오이소돼지국밥, 음식점, 제주특별자치도 제주시 고마로11길 4, None, None
언니네포차, 음식점, 제주특별자치도 제주시 고마로13길 24, None, None
신화정스시, 음식점, 제주특별자치도 제주시 천수로 92, None, None
쇠오름참숯한우정육식당, 음식점, 제주특별자치도 제주시 고마로1길 26, None, None
하이한담, 음식점, 제주특별자치도 제주시 고마로9길 20-1, None, None
고기진심, 음식점, 제주특별자치도 제주시 고마로9길 15, None, None
인화초등학교, 학교, 제주특별자치도 제주시 신산로15길 35, 1, 4.0
인화초등학교 병설유치원, 어린이집/유치원, 제주특별자치도 제주시 신산로15길 35, 1, 4.0
동광초등학교, 학교, 제주특별자치도 제주시 태성로 6, 2, 5.0
제주동여자중학교, 학교, 제주특별자치도 제주시 천수로 24, 2, 0.0
동광초등학교 병설유치원, 어린이집/유치원, 제주특별자치도 제주시 태성로 6, 0, 0.0
제주장애인야간학교, 학교, 제주특별자치도 제주시 천수동로 30, 1, 0.0
본문사, 사찰, 제주특별자치도 제주시 삼성로15길 17, 0, 0.0
성심사, 사찰, 제주특별자치도 제주시 정든로6길 18, 0, 0.0
제주학생문화원 대극장, 문화시설, 제주특별자치도 제주시 연삼로 489, 0, 0.0
비인, 문화시설, 제주특별자치도 제주시 신산로 82, None, None
탱크, 문화시설, 제주특별자치도 제주시 태성로 21, None, None
메디치아파트, 아파트, 제주특별자치도 제주시 가령로 76, 54, 0.0
하늘그린5차아파트, 아파트, 제주특별자치도 제주시 연삼로 436, 36, 0.0
이도재영샤르빌아파트, 아파트, 제주특별자치도 제주시 고산동산5길 36, 18, 0.0
태성리치빌아파트, 아파트, 제주특별자치도 제주시 가령로 72, 25, 0.0
하늘그린아파트, 아파트, 제주특별자치도 제주시 승천로 6, 18, 0.0
삼부장미아파트, 아파트, 제주특별자치도 제주시 고마로 56, 56, 0.0
태홍누리안2차아파트, 아파트, 제주특별자치도 제주시 동광로9길 6, 44, 0.0
하나아파트, 아파트, 제주특별자치도 제주시 고마로 50, 18, 0.0
인화빌리지아파트, 아파트, 제주특별자치도 제주시 고마로10길 10, 19, 0.0
고덕쉐르빌아파트, 아파트, 제주특별자치도 제주시 돈내길 46, 24, 0.0
아산프라자아파트, 아파트, 제주특별자치도 제주시 동광로13길 39, 30, 0.0
위더스빌23차아파트, 아파트, 제주특별자치도 제주시 동광로15길 2, 45, 0.0
대유맨션, 아파트, 제주특별자치도 제주시 신산로15길 28, 16, 0.0
평화2차아파트, 아파트, 제주특별자치도 제주시 고마로 54, 32, 0.0
현대아파트, 아파트, 제주특별자치도 제주시 동광로12길 30, 24, 0.0
인화위더스빌아파트, 아파트, 제주특별자치도 제주시 고마로10길 4, 29, 0.0
아이린6차아파트, 아파트, 제주특별자치도 제주시 동광로12길 13, 18, 0.0
길용파크빌라트, 아파트, 제주특별자치도 제주시 동광로 56, 27, 0.0
동인아파트, 아파트, 제주특별자치도 제주시 천수로 21, 34, 0.0
아이린4차아파트, 아파트, 제주특별자치도 제주시 동광로 35, 34, 0.0
이룸해피안아파트, 아파트, 제주특별자치도 제주시 동광로 97, 34, 0.0
진영아파트, 아파트, 제주특별자치도 제주시 고마로 52, 19, 0.0
정우신산캐슬아파트, 아파트, 제주특별자치도 제주시 신산로7길 12, 12, 0.0
한양타워빌아파트, 아파트, 제주특별자치도 제주시 삼성로 73, 19, 0.0
동인미노스빌아파트, 아파트, 제주특별자치도 제주시 가령골길 47, 19, 0.0
용인아파트, 아파트, 제주특별자치도 제주시 고마로14길 16, 48, 0.0
청암신산아파트, 아파트, 제주특별자치도 제주시 가령골길 53, 12, 0.0
제이하임, 아파트, 제주특별자치도 제주시 동광로8길 3, 208, 0.0
서반아파트, 아파트, 제주특별자치도 제주시 고마로 21, 83, 0.0
신산미화아파트, 아파트, 제주특별자치도 제주시 삼성로18길 28, 50, 0.0
정우인화캐슬아파트, 아파트, 제주특별자치도 제주시 고마로3길 6, 15, 0.0
미소마을아파트, 아파트, 제주특별자치도 제주시 동광로17길 56, 16, 0.0
백강수피아2차아파트, 아파트, 제주특별자치도 제주시 고마로5길 2, 19, 0.0
서진하이츠아파트, 아파트, 제주특별자치도 제주시 고마로 44, 32, 0.0
일도세원맴버스2차아파트, 아파트, 제주특별자치도 제주시 고마로5길 5, 16, 0.0
일도신천지1차아파트, 아파트, 제주특별자치도 제주시 천수로 72, 468, 0.0
일도삼주아파트, 아파트, 제주특별자치도 제주시 천수로8길 18, 180, 0.0
부양장미1차아파트, 아파트, 제주특별자치도 제주시 가령골길 20, 35, 0.0
그랑팰리스아파트, 아파트, 제주특별자치도 제주시 천수로9길 1, 45, 0.0
영도제나빌아파트, 아파트, 제주특별자치도 제주시 고마로 110, 34, 0.0
정진아파트, 아파트, 제주특별자치도 제주시 가령골길 15, 18, 0.0
성우아파트, 아파트, 제주특별자치도 제주시 천수로 33, 19, 0.0
일도우성아파트, 아파트, 제주특별자치도 제주시 태성로 3, 360, 0.0
일도수선화아파트, 아파트, 제주특별자치도 제주시 연삼로 560-1, 198, 0.0
일도성환아파트, 아파트, 제주특별자치도 제주시 태성로 23, 189, 0.0
서해1차아파트, 아파트, 제주특별자치도 제주시 천수로9길 10, 119, 0.0
인제아파트, 아파트, 제주특별자치도 제주시 고마로 91, 90, 0.0
삼화아파트, 아파트, 제주특별자치도 제주시 천수동로 2, 126, 0.0
서해2차아파트, 아파트, 제주특별자치도 제주시 고마로19길 18, 56, 0.0
서진태영아트빌아파트, 아파트, 제주특별자치도 제주시 고마로19길 19, 96, 0.0
동남2차아파트, 아파트, 제주특별자치도 제주시 천수로11길 10, 49, 0.0
동남1차아파트, 아파트, 제주특별자치도 제주시 천수로 75, 42, 0.0
일도성지아파트, 아파트, 제주특별자치도 제주시 고마로13길 21, 40, 0.0
일도월드하우스아파트, 아파트, 제주특별자치도 제주시 동광로 154, 32, 0.0
태홍누리안아파트, 아파트, 제주특별자치도 제주시 고마로13길 14, 35, 0.0
인제네오하임아파트, 아파트, 제주특별자치도 제주시 고마로 71, 32, 0.0
남양아파트, 아파트, 제주특별자치도 제주시 천수로9길 9, 41, 0.0
세원멤버스아파트, 아파트, 제주특별자치도 제주시 고마로19길 26, 16, 0.0
도원그린파크아파트, 아파트, 제주특별자치도 제주시 고마로17길 26, 28, 0.0
대명3차꿈의고향아파트, 아파트, 제주특별자치도 제주시 고마로15길 7, 12, 0.0
명주아파트, 아파트, 제주특별자치도 제주시 동광로20길 9, 25, 0.0
혜성대유아파트, 아파트, 제주특별자치도 제주시 연수로 40, 204, 0.0
일도신천지2차아파트, 아파트, 제주특별자치도 제주시 천수로 92, 228, 0.0
천수대홍아파트, 아파트, 제주특별자치도 제주시 천수동로 26, 19, 0.0
대원상록수아파트, 아파트, 제주특별자치도 제주시 고마로3길 32, 40, 0.0
성환사라봉아파트, 아파트, 제주특별자치도 제주시 고마로13길 41, 42, 0.0
제주우당뜨래별아파트, 아파트, 제주특별자치도 제주시 동문로 131, 36, 0.0
미화맨션, 아파트, 제주특별자치도 제주시 동광로21길 31, 34, 0.0
신산시장아파트, 아파트, 제주특별자치도 제주시 동광로19길 22, 32, 0.0
삼오한마음주택, 아파트, 제주특별자치도 제주시 동광로19길 20, 16, 0.0
제주대유대림아파트, 아파트, 제주특별자치도 제주시 남광로 181, 600, 0.0
제주일도대림1차아파트, 아파트, 제주특별자치도 제주시 태성로 31, 168, 0.0
일도우성2단지아파트, 아파트, 제주특별자치도 제주시 남광로 223, 170, 0.0
신산아파트, 아파트, 제주특별자치도 제주시 고마로17길 11, 18, 0.0
주원라비앙아파트, 아파트, , None, 0.0
탐라교회 사택, 아파트, 제주특별자치도 제주시 남광로 181, None, 0.0
우성아파트사거리, 아파트, , None, 0.0
