샨티, 카페, 제주특별자치도 제주시 광양13길 8, 0, 0.0
장호다방, 카페, 제주특별자치도 제주시 서광로 206-1, 0, 0.0
제주소년블루스, 카페, 제주특별자치도 제주시 서사로22길 2, 0, 0.0
이디야커피 제주삼도점, 카페, 제주특별자치도 제주시 서사로 90, 1, 5.0
로제뜨, 카페, 제주특별자치도 제주시 서사로20길 4, 1, 5.0
귀인, 카페, 제주특별자치도 제주시 서사로 126, 0, 0.0
더블랭크, 카페, 제주특별자치도 제주시 도남서길 22, 17, 3.4
나우커피 제주도남점, 카페, 제주특별자치도 제주시 도남서길 14, 0, 5.0
유쥬얼커피, 카페, 제주특별자치도 제주시 도남로13길 11, 34, 4.5
파티세리코안도르, 카페, 제주특별자치도 제주시 도남로10길 26, 0, 4.0
돈테일러익스프레스, 카페, 제주특별자치도 제주시 신성로 19, 13, 4.3
리베라떼, 카페, 제주특별자치도 제주시 서사로 155, 1, 0.0
푸른산, 카페, 제주특별자치도 제주시 서광로 242-2, 0, 0.0
정자나무다방, 카페, 제주특별자치도 제주시 서광로 242-2, 0, 0.0
달리는커피 제주도남오거리점, 카페, 제주특별자치도 제주시 도남로 34, 3, 5.0
휴점빵, 카페, 제주특별자치도 제주시 도남로 53, 0, 0.0
컵독스커피전문점, 카페, 제주특별자치도 제주시 신성로 71, 0, 3.0
언커버, 카페, 제주특별자치도 제주시 신성로 101, 0, 0.0
올디너리, 카페, 제주특별자치도 제주시 서광로28길 21-1, 32, 4.5
정든공간, 카페, 제주특별자치도 제주시 도남로 11, 0, 0.0
클라우드나인커피, 카페, 제주특별자치도 제주시 신성로13길 12, 8, 3.7
플록, 카페, 제주특별자치도 제주시 서광로32길 14-1, 4, 4.3
펀, 카페, 제주특별자치도 제주시 중앙로 222, 1, 0.0
수타로앤카페, 카페, 제주특별자치도 제주시 광양14길 17, 0, 0.0
해픈, 카페, 제주특별자치도 제주시 광양10길 23, 0, 2.6
이성필커피, 카페, 제주특별자치도 제주시 광양8길 1, 0, 4.2
아일 제주, 카페, 제주특별자치도 제주시 서광로32길 9, 0, 0.0
안나의커피이야기, 카페, 제주특별자치도 제주시 중앙로 220, 0, 0.0
소은, 카페, 제주특별자치도 제주시 전농로 73-2, 30, 4.9
별, 카페, 제주특별자치도 제주시 서사로 95, 0, 0.0
나우커피 제주삼도점, 카페, 제주특별자치도 제주시 서광로25길 3, 1, 3.0
여우별, 카페, 제주특별자치도 제주시 서사로 127, 0, 5.0
소금인형, 카페, 제주특별자치도 제주시 전농로 109, 0, 0.0
르샹스, 카페, 제주특별자치도 제주시 서광로 219, 0, 0.0
홍랑길3413, 카페, 제주특별자치도 제주시 홍랑길 34-13, 0, 0.0
스타벅스 제주시청점, 카페, 제주특별자치도 제주시 중앙로 215, 53, 3.8
디저트39 제주시청대야점, 카페, 제주특별자치도 제주시 동광로 7, 3, 3.5
드롭탑 제주삼성점, 카페, 제주특별자치도 제주시 광양1길 2, 2, 3.3
더치앤빈 제주시청점, 카페, 제주특별자치도 제주시 서광로 292-1, 0, 4.0
옥다방, 카페, 제주특별자치도 제주시 광양2길 34, 0, 0.0
공예가있는찻집하늘, 카페, 제주특별자치도 제주시 동광로1길 23, 0, 0.0
더치앤빈 제주시장점, 카페, 제주특별자치도 제주시 서광로 292, 0, 3.0
고궁다방, 카페, 제주특별자치도 제주시 동광로 1, 0, 0.0
양파, 카페, 제주특별자치도 제주시 서광로29길 11, 0, 0.0
달밤솔숲에바람지나가는소리, 카페, 제주특별자치도 제주시 전농로 113, 0, 0.0
자운도자기카페, 카페, 제주특별자치도 제주시 동광로1길 23, 0, 0.0
카페카페, 카페, 제주특별자치도 제주시 전농로 113, 0, 0.0
더커프릿, 카페, 제주특별자치도 제주시 광양8길 2, 0, 0.0
녹원전통찻집, 카페, 제주특별자치도 제주시 중앙로 122-2, 1, 4.0
띵꽁빵꽁, 카페, 제주특별자치도 제주시 중앙로 125-1, 0, 0.0
아름다운커피, 카페, 제주특별자치도 제주시 중앙로 120, 0, 0.0
누옥, 카페, 제주특별자치도 제주시 삼성로5길 21-1, 76, 4.1
선라이즈 제주 칼 호텔, 카페, 제주특별자치도 제주시 중앙로 151, 0, 3.0
민다방, 카페, 제주특별자치도 제주시 중앙로 140, 0, 0.0
빽다방 제주법조타워점, 카페, 제주특별자치도 제주시 남광북1길 1, 0, 1.0
독짓골, 카페, 제주특별자치도 제주시 독짓골6길 18, 0, 5.0
할리스 이도점, 카페, 제주특별자치도 제주시 중앙로 302, 3, 0.0
지유명차 제주이도점, 카페, 제주특별자치도 제주시 독짓골8길 7, 0, 0.0
에이바우트커피 시청점, 카페, 제주특별자치도 제주시 광양13길 1, 7, 3.1
이디야커피 제주시청고산동산점, 카페, 제주특별자치도 제주시 중앙로 264, 4, 4.0
공차 제주시청점, 카페, 제주특별자치도 제주시 신성로13길 25, 1, 1.7
카페 오픈, 카페, 제주특별자치도 제주시 동고산로 10, 4, 4.5
타로스토리, 카페, 제주특별자치도 제주시 광양13길 2, 2, 5.0
읍천리382 제주2호점, 카페, 제주특별자치도 제주시 오복1길 20, 7, 3.5
플로라, 카페, 제주특별자치도 제주시 중앙로 249, 0, 3.3
펠롱커피, 카페, 제주특별자치도 제주시 신성로10길 9, 0, 0.0
제이아이카페, 카페, 제주특별자치도 제주시 광양13길 6-1, 0, 0.0
맘, 카페, 제주특별자치도 제주시 광양13길 6-3, 0, 0.0
오레와통기타라이브, 카페, 제주특별자치도 제주시 동고산로 48, 0, 0.0
아주르3025, 카페, 제주특별자치도 제주시 정든로2길 27, 0, 5.0
금요일의아침 조금, 카페, 제주특별자치도 제주시 가령골1길 12, 20, 5.0
파스쿠찌 제주일도점, 카페, 제주특별자치도 제주시 동광로15길 2, 0, 4.0
더리터 제주일도점, 카페, 제주특별자치도 제주시 삼성로 71, 2, 3.0
그리그리카페, 카페, 제주특별자치도 제주시 광양9길 30, 3, 4.2
커피애, 카페, 제주특별자치도 제주시 동광로 100, 0, 0.0
짚커피, 카페, 제주특별자치도 제주시 가령로 40, 1, 5.0
카페만감, 카페, 제주특별자치도 제주시 동광로 51, 21, 0.0
옥화다방, 카페, 제주특별자치도 제주시 동광로 39, 0, 0.0
통큰아이카페, 카페, 제주특별자치도 제주시 동광로 24, 0, 0.0
새손, 카페, 제주특별자치도 제주시 광양7길 7, 0, 0.0
컴포즈커피 제주서사라점, 카페, 제주특별자치도 제주시 서광로 218, None, None
카페 달, 카페, 제주특별자치도 제주시 서사로 179, None, None
시간여행, 카페, 제주특별자치도 제주시 서사로 152, None, None
델문도 로스터스, 카페, 제주특별자치도 제주시 연삼로 316, None, None
블럭팡인스와친구들, 카페, 제주특별자치도 제주시 연삼로 305, None, None
카페인, 카페, 제주특별자치도 제주시 신성로10길 30, None, None
원, 카페, 제주특별자치도 제주시 연삼로 344, None, None
카페열리, 카페, 제주특별자치도 제주시 신성로 6, None, None
프레젠트, 카페, 제주특별자치도 제주시 서사로23길 19-1, None, None
온다, 카페, 제주특별자치도 제주시 서광로 236, None, None
서사로 21길, 카페, 제주특별자치도 제주시 서사로21길 16, None, None
52번가커피하우스, 카페, 제주특별자치도 제주시 도남로 52, None, None
카페직, 카페, 제주특별자치도 제주시 도남로7길 40, None, None
휴라이브, 카페, 제주특별자치도 제주시 도남로 53, None, None
하이헬로, 카페, 제주특별자치도 제주시 도남로 43, None, None
단정한까페, 카페, 제주특별자치도 제주시 서광로28길 54, None, None
구름제과, 카페, 제주특별자치도 제주시 서광로28길 25, None, None
킬링스페이스 제주시청점, 카페, 제주특별자치도 제주시 광양8길 26, None, None
지오, 카페, 제주특별자치도 제주시 도남로3길 6, None, None
272커피, 카페, 제주특별자치도 제주시 서광로 272, None, None
차걸신찻집, 카페, 제주특별자치도 제주시 도남로3길 18-2, None, None
베이징, 카페, 제주특별자치도 제주시 서광로 270, None, None
라토커피제주, 카페, 제주특별자치도 제주시 광양10길 20, None, None
커피파인더, 카페, 제주특별자치도 제주시 서광로32길 20, None, None
앨리스, 카페, 제주특별자치도 제주시 서광로32길 36-1, None, None
랩툰, 카페, 제주특별자치도 제주시 중앙로 222, None, None
코너커피, 카페, 제주특별자치도 제주시 광양10길 12, None, None
빠빠라기 제주시청점, 카페, 제주특별자치도 제주시 중앙로 218, None, None
보드스페이스, 카페, 제주특별자치도 제주시 중앙로 230, None, None
벌툰 인더스트리얼 제주시청점, 카페, 제주특별자치도 제주시 중앙로 230-1, None, None
홈즈앤루팡 제주시청점, 카페, 제주특별자치도 제주시 신성로13길 19, None, None
설빙 제주시청점, 카페, 제주특별자치도 제주시 광양14길 7, None, None
빽다방 제주대학로점, 카페, 제주특별자치도 제주시 광양8길 12-1, None, None
빽다방 제주도남점, 카페, 제주특별자치도 제주시 도남로5길 23-2, None, None
더벤티 제주시청점, 카페, 제주특별자치도 제주시 광양10길 3, None, None
타이프제주, 카페, 제주특별자치도 제주시 서광로32길 9, None, None
스윗플랫폼, 카페, 제주특별자치도 제주시 광양10길 13, None, None
만화카페 랩툰, 카페, 제주특별자치도 제주시 중앙로 222, None, None
코스튼커피, 카페, 제주특별자치도 제주시 광양10길 23, None, None
벌크커피 제주시청점, 카페, 제주특별자치도 제주시 중앙로 228, None, None
킵그린, 카페, 제주특별자치도 제주시 광양10길 5, None, None
브이요거트 제주점, 카페, 제주특별자치도 제주시 신성로13길 15, None, None
카페ra, 카페, 제주특별자치도 제주시 신성로13길 3, None, None
만사오케이, 카페, 제주특별자치도 제주시 전농로 81, None, None
카페세탁쏘, 카페, 제주특별자치도 제주시 서사로19길 15, None, None
전농로일공일, 카페, 제주특별자치도 제주시 전농로 101, None, None
다소재티하우스, 카페, 제주특별자치도 제주시 전농로 107, None, None
레스페베르, 카페, 제주특별자치도 제주시 전농로 65, None, None
진주카페, 카페, 제주특별자치도 제주시 서사로 103-1, None, None
전농로의오후, 카페, 제주특별자치도 제주시 전농로 75, None, None
퍼펫, 카페, 제주특별자치도 제주시 중앙로 204, None, None
제주방탈출 시청점, 카페, 제주특별자치도 제주시 중앙로 206, None, None
카페더브릿지, 카페, 제주특별자치도 제주시 광양8길 4, None, None
바잘트, 카페, 제주특별자치도 제주시 서광로 294, None, None
카페봄봄 제주삼성점, 카페, 제주특별자치도 제주시 광양2길 35, None, None
나우커피 제주광양점, 카페, 제주특별자치도 제주시 광양6길 2, None, None
순백, 카페, 제주특별자치도 제주시 서광로29길 13, None, None
카페인중독 제주삼성점, 카페, 제주특별자치도 제주시 전농로 119, None, None
요거프레소 제주이도점, 카페, 제주특별자치도 제주시 중앙로 201, None, None
향기다방, 카페, 제주특별자치도 제주시 중앙로 184, None, None
헬시바비 제주시청점, 카페, 제주특별자치도 제주시 중앙로 195-2, None, None
영란다방, 카페, 제주특별자치도 제주시 중앙로 188, None, None
미소마카롱, 카페, 제주특별자치도 제주시 서광로 288, None, None
크리어탭 푸드랩, 카페, 제주특별자치도 제주시 서광로 295, None, None
동신다방, 카페, 제주특별자치도 제주시 광양4길 2, None, None
사랑방, 카페, 제주특별자치도 제주시 중앙로 201, None, None
갤러리카페, 카페, 제주특별자치도 제주시 전농로 113, None, None
제주팡, 카페, 제주특별자치도 제주시 전농로 114, None, None
황금다방, 카페, 제주특별자치도 제주시 중앙로 117-1, None, None
줄기, 카페, 제주특별자치도 제주시 중앙로24길 22, None, None
카페베네 제주이도일동점, 카페, 제주특별자치도 제주시 고전길 5, None, None
갤러리 오현단길, 카페, 제주특별자치도 제주시 중앙로21길 18, None, None
황까페, 카페, 제주특별자치도 제주시 중앙로 140, None, None
로비라운지, 카페, 제주특별자치도 제주시 중앙로 151, None, None
5커스트, 카페, 제주특별자치도 제주시 오현길 41-1, None, None
투썸플레이스 제주이도점, 카페, 제주특별자치도 제주시 중앙로 286, None, None
하이방방, 카페, 제주특별자치도 제주시 연삼로 360, None, None
택트커피, 카페, 제주특별자치도 제주시 고산동산서길 5, None, None
메가MGC커피 제주이도점, 카페, 제주특별자치도 제주시 중앙로 293, None, None
날쌘카페 제주법원점, 카페, 제주특별자치도 제주시 남광북3길 7, None, None
블루모모, 카페, 제주특별자치도 제주시 고산동산1길 9, None, None
리유니온, 카페, 제주특별자치도 제주시 신성로13길 32, None, None
탐앤탐스 제주시청점, 카페, 제주특별자치도 제주시 중앙로 236, None, None
보리다, 카페, 제주특별자치도 제주시 오복1길 17, None, None
비만고양이, 카페, 제주특별자치도 제주시 신성로13길 31, None, None
오캄커피, 카페, 제주특별자치도 제주시 광양11길 16, None, None
엔제리너스 제주시청D/I점, 카페, 제주특별자치도 제주시 중앙로 274-1, None, None
예그, 카페, 제주특별자치도 제주시 광양13길 6-2, None, None
또오쿠당, 카페, 제주특별자치도 제주시 동고산로 35, None, None
쿠키상점, 카페, 제주특별자치도 제주시 동고산로 1, None, None
에스빠스, 카페, 제주특별자치도 제주시 고산동산5길 3-1, None, None
커필링, 카페, 제주특별자치도 제주시 동고산로 17, None, None
더모임, 카페, 제주특별자치도 제주시 중앙로 243, None, None
쁘띠, 카페, 제주특별자치도 제주시 연삼로 395, None, None
카페콩03, 카페, 제주특별자치도 제주시 고산동산5길 4, None, None
올드레코드, 카페, 제주특별자치도 제주시 광양13길 6-3, None, None
그디동광, 카페, 제주특별자치도 제주시 동광로8길 37, None, None
코멧1987, 카페, 제주특별자치도 제주시 광양11길 8, None, None
카페이도이, 카페, 제주특별자치도 제주시 동고산로 14, None, None
모카, 카페, 제주특별자치도 제주시 광양13길 2, None, None
RIFF COFFEE, 카페, 제주특별자치도 제주시 동고산로 35, None, None
미소, 카페, 제주특별자치도 제주시 신성로 106-2, None, None
다움다움, 카페, 제주특별자치도 제주시 광양14길 1, None, None
로컬, 카페, 제주특별자치도 제주시 신성로13길 31, None, None
스탠스커피, 카페, 제주특별자치도 제주시 고산동산5길 27, None, None
텀프타운, 카페, 제주특별자치도 제주시 고산동산5길 33-4, None, None
고찌가게, 카페, 제주특별자치도 제주시 가령로4길 27, None, None
블라썸, 카페, 제주특별자치도 제주시 오복4길 4, None, None
카페다미, 카페, 제주특별자치도 제주시 승천로 5, None, None
카페가자, 카페, 제주특별자치도 제주시 승천로 5, None, None
제주바솔트, 카페, 제주특별자치도 제주시 가령골3길 6, None, None
버터넛 베이크숍&카페, 카페, 제주특별자치도 제주시 광양9길 32, None, None
파생, 카페, 제주특별자치도 제주시 신산로11길 15, None, None
홀윗, 카페, 제주특별자치도 제주시 청귤로3길 24, None, None
헤이그릭, 카페, 제주특별자치도 제주시 동광로9길 8, None, None
더벤티 제주일도점, 카페, 제주특별자치도 제주시 동광로 87, None, None
디티이커피, 카페, 제주특별자치도 제주시 동광로 84, None, None
서서히, 카페, 제주특별자치도 제주시 동광로16길 14, None, None
1층마카롱, 카페, 제주특별자치도 제주시 신산로 83-1, None, None
카페원플로어, 카페, 제주특별자치도 제주시 신산로 107, None, None
카페 무사히, 카페, 제주특별자치도 제주시 동광로 9, None, None
블럭파티 인제점, 카페, 제주특별자치도 제주시 동광로 102, None, None
미주크크, 카페, 제주특별자치도 제주시 동광로5길 26, None, None
에퀴드, 카페, 제주특별자치도 제주시 동광로7길 14, None, None
성하커피숍, 카페, 제주특별자치도 제주시 동광로 12, None, None
웨이포인트커피, 카페, 제주특별자치도 제주시 동광로 39, None, None
화초카페, 카페, 제주특별자치도 제주시 동광로 26, None, None
낙낙커피, 카페, 제주특별자치도 제주시 동광로 9, None, None
커피91로, 카페, 제주특별자치도 제주시 신산로 91, None, None
이노비즈카페, 카페, 제주특별자치도 제주시 중앙로 217, None, None
명신여관, 여관, 제주특별자치도 제주시 서사로 181, 0, 0.0
뉴스타모텔, 여관, 제주특별자치도 제주시 서사로 102, 0, 0.0
보영모텔, 여관, 제주특별자치도 제주시 서사로 122, 0, 0.0
메모리모텔, 여관, 제주특별자치도 제주시 평전1길 1, 0, 0.0
호텔백록담, 여관, 제주특별자치도 제주시 도남로 5, 0, 1.0
모텔준, 여관, 제주특별자치도 제주시 서광로26길 8-12, 0, 0.0
아세아모텔, 여관, 제주특별자치도 제주시 서광로26길 1, 0, 0.0
진영모텔, 여관, 제주특별자치도 제주시 광양8길 1-8, 0, 1.0
성림모텔, 여관, 제주특별자치도 제주시 서광로30길 2, 0, 0.0
수모텔, 여관, 제주특별자치도 제주시 광양8길 15, 2, 4.0
성우장, 여관, 제주특별자치도 제주시 도남로 5-1, 0, 0.0
한옥여인숙, 여관, 제주특별자치도 제주시 광양8길 29, 0, 0.0
우정여관, 여관, 제주특별자치도 제주시 도남로 3-3, 0, 0.0
삼보장모텔, 여관, 제주특별자치도 제주시 서광로30길 4, 0, 0.0
정성장, 여관, 제주특별자치도 제주시 도남로 6-1, 0, 0.0
한성여인숙, 여관, 제주특별자치도 제주시 서광로24길 2, 0, 0.0
제주엘루이호텔, 여관, 제주특별자치도 제주시 서광로21길 1, 6, 3.8
풀하우스, 여관, 제주특별자치도 제주시 서광로25길 4, 0, 3.0
휴모텔, 여관, 제주특별자치도 제주시 서광로25길 8, 1, 5.0
라임모텔, 여관, 제주특별자치도 제주시 서광로25길 4-3, 1, 3.6
녹원모텔, 여관, 제주특별자치도 제주시 서광로25길 6, 0, 3.0
서사라호텔, 여관, 제주특별자치도 제주시 서사로 99, 0, 5.0
금정모텔, 여관, 제주특별자치도 제주시 서광로25길 10, 0, 5.0
힐링하우스, 여관, 제주특별자치도 제주시 홍랑길 4-6, 0, 5.0
국일모텔, 여관, 제주특별자치도 제주시 서사로17길 2, 0, 0.0
티나모텔, 여관, 제주특별자치도 제주시 서광로19길 21, 0, 0.0
덕원모텔, 여관, 제주특별자치도 제주시 서사로17길 4, 0, 0.0
사라모텔, 여관, 제주특별자치도 제주시 서사로13길 2, 0, 0.0
은성여인숙, 여관, 제주특별자치도 제주시 서광로25길 6-1, 0, 0.0
서로모텔, 여관, 제주특별자치도 제주시 서사로17길 3, 0, 0.0
신대화모텔, 여관, 제주특별자치도 제주시 서광로21길 4, 0, 0.0
오름모텔, 여관, 제주특별자치도 제주시 홍랑길 4-4, 0, 0.0
모텔프라임, 여관, 제주특별자치도 제주시 광양6길 13, 0, 0.0
삼성여인숙, 여관, 제주특별자치도 제주시 광양4길 8-2, 0, 0.0
케이모텔, 여관, 제주특별자치도 제주시 광양4길 3, 0, 0.0
풍기모텔, 여관, 제주특별자치도 제주시 광양1길 2-1, 0, 0.0
배비장모텔, 여관, 제주특별자치도 제주시 광양6길 4, 0, 0.0
산호모텔, 여관, 제주특별자치도 제주시 서광로29길 22-12, 0, 0.0
흥진여인숙, 여관, 제주특별자치도 제주시 광양1길 12, 0, 0.0
남국여인숙, 여관, 제주특별자치도 제주시 광양2길 13, 0, 0.0
광명여인숙, 여관, 제주특별자치도 제주시 중앙로 186-2, 0, 0.0
생수장모텔, 여관, 제주특별자치도 제주시 고전길 27, 0, 0.0
한성여관, 여관, 제주특별자치도 제주시 중앙로22길 3, 0, 0.0
수와정여관, 여관, 제주특별자치도 제주시 중앙로25길 7, 0, 0.0
미림장, 여관, 제주특별자치도 제주시 오현길 10, 0, 0.0
장수여관, 여관, 제주특별자치도 제주시 고전길 8, 0, 0.0
에메랄드호텔에이스, 여관, 제주특별자치도 제주시 오복5길 4, 4, 3.5
대영모텔, 여관, 제주특별자치도 제주시 고산동산1길 9-12, 1, 0.0
용운모텔, 여관, 제주특별자치도 제주시 광양13길 5, 0, 0.0
진성모텔, 여관, 제주특별자치도 제주시 광양13길 4, 0, 0.0
시티홀호텔, 여관, 제주특별자치도 제주시 동광로4길 9-4, 0, 3.0
라인호텔, 여관, 제주특별자치도 제주시 동광로 40, 6, 4.4
호텔더레드, 여관, 제주특별자치도 제주시 동광로6길 10, 0, 5.0
하이커호텔, 여관, 제주특별자치도 제주시 신산로 79, 0, 0.0
파크힐, 여관, 제주특별자치도 제주시 삼성로 65, 0, 0.0
동남아장, 여관, 제주특별자치도 제주시 신산로 93-2, 0, 0.0
일조모텔, 여관, 제주특별자치도 제주시 광양2길 4-1, None, None
줄리아나모텔, 여관, 제주특별자치도 제주시 신성로13길 25-1, None, None
렌트인제주, 렌트카, 제주특별자치도 제주시 고산동산5길 42, 1, 0.0
샤인렌트카, 렌트카, 제주특별자치도 제주시 구남로7길 13-7, 0, 0.0
제주렌트카닷컴, 렌트카, 제주특별자치도 제주시 평전길 13, None, None
제주허브닷컴, 렌트카, 제주특별자치도 제주시 평전길 13, None, None
제주온투어, 렌트카, 제주특별자치도 제주시 신성로 41, None, None
제주수지렌트카, 렌트카, 제주특별자치도 제주시 서광로 241, None, None
제주투렌트카, 렌트카, 제주특별자치도 제주시 고산동산5길 42, None, None
렌트인제주, 렌트카, 제주특별자치도 제주시 동광로 43, None, None
천주교광양성당, 성당, 제주특별자치도 제주시 동광로5길 19-18, 0, 0.0
하나님의교회 세계복음선교협회, 교회, 제주특별자치도 제주시 동광로 14, 12, 4.3
복된교회, 교회, 제주특별자치도 제주시 동광로6길 29, 1, 1.0
예수생명교회, 교회, 제주특별자치도 제주시 서사로 179, 0, 0.0
믿음교회, 교회, 제주특별자치도 제주시 서사로 149-1, 0, 0.0
제주주님의교회, 교회, 제주특별자치도 제주시 서사로 134, 0, 0.0
제광교회, 교회, 제주특별자치도 제주시 도남로3길 17, 0, 0.0
새예루살렘교회, 교회, 제주특별자치도 제주시 도남로 13, 0, 0.0
제주광염교회, 교회, 제주특별자치도 제주시 신성로10길 28, 0, 0.0
예수제자교회, 교회, 제주특별자치도 제주시 서광로 238, 0, 0.0
도남순복음교회, 교회, 제주특별자치도 제주시 도남로 32, 0, 0.0
새로운교회, 교회, 제주특별자치도 제주시 연삼로 353, 0, 0.0
제주서광교회, 교회, 제주특별자치도 제주시 홍랑길 10, 0, 0.0
제주동도교회, 교회, 제주특별자치도 제주시 삼성로5길 13-21, 0, 5.0
제주성결교회, 교회, 제주특별자치도 제주시 서사로19길 27, 0, 0.0
제주남부교회, 교회, 제주특별자치도 제주시 삼성로1길 14-1, 0, 0.0
갈보리교회, 교회, 제주특별자치도 제주시 동광로1길 11, 0, 5.0
에덴교회, 교회, 제주특별자치도 제주시 동광로1길 30, 0, 0.0
생명나무교회, 교회, 제주특별자치도 제주시 서광로 279, 0, 0.0
한라교회, 교회, 제주특별자치도 제주시 삼성로5길 24, 0, 0.0
제주그리스도의교회, 교회, 제주특별자치도 제주시 중앙로24길 26, 0, 0.0
제주필리피노교회, 교회, 제주특별자치도 제주시 돈내길 4, 0, 0.0
제주누리교회, 교회, 제주특별자치도 제주시 남광북3길 3, 0, 5.0
제주남문교회, 교회, 제주특별자치도 제주시 광양13길 6-3, 0, 0.0
광림교회, 교회, 제주특별자치도 제주시 고산동산6길 10, 2, 5.0
큰평안교회, 교회, 제주특별자치도 제주시 오복6길 7, 0, 0.0
지구촌교회, 교회, 제주특별자치도 제주시 오복5길 18, 0, 0.0
제주중앙교회, 교회, 제주특별자치도 제주시 가령로1길 10-1, 0, 5.0
예수그리스도 후기성도교회 제주지부, 교회, 제주특별자치도 제주시 삼성로 45, 0, 5.0
순복음겨자씨교회, 교회, 제주특별자치도 제주시 동광로9길 16, 0, 0.0
한국천부교 일도교회, 교회, 제주특별자치도 제주시 삼성로7길 13, 0, 0.0
제주예본교회, 교회, 제주특별자치도 제주시 동광로12길 6, 0, 0.0
영도교회, 교회, 제주특별자치도 제주시 신산로 109, 0, 0.0
동제주베들레헴교회, 교회, 제주특별자치도 제주시 전농로 115, None, None
순복음청지기교회, 교회, 제주특별자치도 제주시 중앙로 254-1, None, None
제주도성서침례교회, 교회, 제주특별자치도 제주시 오복7길 14, None, None
마라나타예슈아교회, 교회, 제주특별자치도 제주시 가령로 5, None, None
제주세광교회, 교회, 제주특별자치도 제주시 동광로16길 15, None, None
신천지예수교증거장막성전 제주교회, 교회, 제주특별자치도 제주시 동광로 96, None, None
팝스DVD영화관 제주점, 문화시설, 제주특별자치도 제주시 광양10길 3, 0, 0.0
CGV 제주, 문화시설, 제주특별자치도 제주시 서광로 288, None, None
BMW모토라드 제주전시장, 문화시설, 제주특별자치도 제주시 승천로 16, 0, 0.0
제주교육박물관 제주어전시관, 문화시설, 제주특별자치도 제주시 오복4길 25, 0, 0.0
제주특별자치도 민속자연사박물관 제주바다전시관, 문화시설, 제주특별자치도 제주시 삼성로 40, 5, 4.5
제주통일관, 문화시설, 제주특별자치도 제주시 삼성로 46, 2, 0.0
갤러리K, 문화시설, 제주특별자치도 제주시 청귤로3길 6, 0, 0.0
한일갤러리, 문화시설, 제주특별자치도 제주시 신산로 103, 0, 0.0
문화공간제주아트, 문화시설, 제주특별자치도 제주시 전농로 107, None, None
유앤아이게스트하우스, 게스트하우스, 제주특별자치도 제주시 광양8길 1-2, 0, 4.0
한나스테이, 게스트하우스, 제주특별자치도 제주시 광양1길 6, 10, 3.5
싱글스토리, 게스트하우스, 제주특별자치도 제주시 중앙로23길 24-6, 6, 4.2
게스트하우스브릭, 게스트하우스, 제주특별자치도 제주시 서사로 163, None, None
볼런투어셰어하우스, 게스트하우스, 제주특별자치도 제주시 서광로 219, None, None
오르다하우스, 게스트하우스, 제주특별자치도 제주시 중앙로 192, None, None
가고팡제주, 게스트하우스, 제주특별자치도 제주시 광양8길 4, None, None
명이비인후과, 병원, 제주특별자치도 제주시 서광로 215, 0, 5.0
제주미의원, 병원, 제주특별자치도 제주시 서사로 137, 0, 3.0
제주미의원 피부과, 병원, 제주특별자치도 제주시 서사로 137, 0, 2.0
이지민치과의원, 병원, 제주특별자치도 제주시 서광로 215, 0, 3.0
제주미의원 정형외과, 병원, 제주특별자치도 제주시 서사로 137, 0, 0.0
문이비인후과의원, 병원, 제주특별자치도 제주시 서광로 268, 0, 5.0
고순희내과의원, 병원, 제주특별자치도 제주시 서사로 155, 0, 2.0
지오요양병원, 병원, 제주특별자치도 제주시 서광로 222, 1, 3.0
조은미의원, 병원, 제주특별자치도 제주시 서광로 270, 0, 3.0
하나치과, 병원, 제주특별자치도 제주시 신성로 76, 0, 5.0
김명환치과의원, 병원, 제주특별자치도 제주시 서광로 240, 0, 5.0
다임한의원, 병원, 제주특별자치도 제주시 서광로 244, 0, 0.0
제주 삼성의원, 병원, 제주특별자치도 제주시 신성로 78, 0, 3.0
도남한의원, 병원, 제주특별자치도 제주시 신성로 85, 0, 0.0
양경흠치과의원, 병원, 제주특별자치도 제주시 서광로 220, 0, 0.0
정다운치과의원, 병원, 제주특별자치도 제주시 도남로8길 3, 0, 3.0
이엔이치과의원, 병원, 제주특별자치도 제주시 도남로 56, 0, 0.0
이미애 피부과의원, 병원, 제주특별자치도 제주시 서광로 267, 0, 2.0
제주 아름다운피부과의원, 병원, 제주특별자치도 제주시 서광로 273, 0, 2.0
그랜드치과병원, 병원, 제주특별자치도 제주시 서광로 301, 0, 3.0
건강100세의원, 병원, 제주특별자치도 제주시 서광로 273, 2, 5.0
전농로한의원, 병원, 제주특별자치도 제주시 전농로 75-2, 0, 5.0
다음플러스치과의원, 병원, 제주특별자치도 제주시 서광로 292, 0, 5.0
박경식신경외과의원, 병원, 제주특별자치도 제주시 서광로 263, 0, 3.0
김동호 이비인후과의원, 병원, 제주특별자치도 제주시 서광로 267, 0, 3.0
램브란트치과, 병원, 제주특별자치도 제주시 서광로 281, 0, 5.0
경희수한의원, 병원, 제주특별자치도 제주시 서광로 279, 0, 5.0
한봉한의원, 병원, 제주특별자치도 제주시 서광로 235, 0, 5.0
늘푸른 노인전문요양원, 병원, 제주특별자치도 제주시 중앙로 175, 0, 0.0
홍한의원, 병원, 제주특별자치도 제주시 서광로 283, 0, 5.0
오용덕치과의원, 병원, 제주특별자치도 제주시 중앙로 191, 0, 0.0
오정훈치과의원, 병원, 제주특별자치도 제주시 서광로 304, 0, 5.0
고&홍치과의원, 병원, 제주특별자치도 제주시 중앙로 194, 0, 0.0
고성은치과의원, 병원, 제주특별자치도 제주시 중앙로 243, 0, 0.0
미사랑의원, 병원, 제주특별자치도 제주시 중앙로 286, 22, 2.0
두리이비인후과 제주클리닉, 병원, 제주특별자치도 제주시 중앙로 286, 0, 3.0
공감성형외과의원, 병원, 제주특별자치도 제주시 중앙로 310, 10, 4.0
정광훈정형외과의원, 병원, 제주특별자치도 제주시 연삼로 395, 0, 2.0
메디필산부인과의원, 병원, 제주특별자치도 제주시 중앙로 308, 0, 3.0
비바체성형외과의원, 병원, 제주특별자치도 제주시 중앙로 302, 0, 4.0
이튼치과, 병원, 제주특별자치도 제주시 중앙로 298, 0, 4.0
백제한의원, 병원, 제주특별자치도 제주시 중앙로 316, 0, 0.0
김정학치과의원, 병원, 제주특별자치도 제주시 연삼로 431, 0, 3.0
임승찬치과의원, 병원, 제주특별자치도 제주시 중앙로 235, 0, 5.0
윤진호정형외과의원, 병원, 제주특별자치도 제주시 동광로 90, 3, 3.0
삼성산부인과의원, 병원, 제주특별자치도 제주시 동광로 27, 0, 4.0
행복한치과, 병원, 제주특별자치도 제주시 동광로 97, 0, 4.0
토마토요양병원, 병원, 제주특별자치도 제주시 동광로 42, 1, 0.0
김헌지정형외과의원, 병원, 제주특별자치도 제주시 동광로15길 4, 0, 0.0
부기은치과의원, 병원, 제주특별자치도 제주시 동광로 81, 0, 5.0
김수상내과의원, 병원, 제주특별자치도 제주시 동광로 100, 0, 3.0
진영미한의원, 병원, 제주특별자치도 제주시 동광로2길 1, 0, 5.0
김한신의원, 병원, 제주특별자치도 제주시 동광로 82, 0, 0.0
이승희산부인과의원, 병원, 제주특별자치도 제주시 서광로 208-1, None, None
드림포레산부인과의원, 병원, 제주특별자치도 제주시 서사로 136, None, None
제주힘튼의원, 병원, 제주특별자치도 제주시 서광로 215, None, None
강정형외과의원, 병원, 제주특별자치도 제주시 서광로 262, None, None
강골정형외과의원, 병원, 제주특별자치도 제주시 서광로 272, None, None
문앤송소아청소년과의원, 병원, 제주특별자치도 제주시 서광로 220, None, None
고영관신경외과의원, 병원, 제주특별자치도 제주시 연삼로 342, None, None
연세안과의원, 병원, 제주특별자치도 제주시 서광로 220, None, None
정성학 마취통증의학과의원, 병원, 제주특별자치도 제주시 서사로 155, None, None
광양한의원, 병원, 제주특별자치도 제주시 서광로28길 19, None, None
동의보감한의원, 병원, 제주특별자치도 제주시 신성로 76, None, None
명성한의원, 병원, 제주특별자치도 제주시 연삼로 315, None, None
365제주의원, 병원, 제주특별자치도 제주시 서광로 302, None, None
한사랑정신과의원, 병원, 제주특별자치도 제주시 서광로 273, None, None
더편한오동훈내과의원, 병원, 제주특별자치도 제주시 서광로 294, None, None
서울아산신경외과의원, 병원, 제주특별자치도 제주시 서광로 301, None, None
장용안과의원, 병원, 제주특별자치도 제주시 서광로 302, None, None
봄정신건강의학과의원, 병원, 제주특별자치도 제주시 서광로 297, None, None
늘푸른가정의학과의원, 병원, 제주특별자치도 제주시 중앙로 175, None, None
미소봄치과교정과치과의원, 병원, 제주특별자치도 제주시 동광로 4, None, None
제주늘푸른의원, 병원, 제주특별자치도 제주시 중앙로 132, None, None
제주연합재활의학과의원, 병원, 제주특별자치도 제주시 서광로 294, None, None
강남의원, 병원, 제주특별자치도 제주시 서광로 302, None, None
현창옥내과의원, 병원, 제주특별자치도 제주시 중앙로 195, None, None
문성영치과의원, 병원, 제주특별자치도 제주시 서광로 239, None, None
광양서울앤치과의원, 병원, 제주특별자치도 제주시 서광로 302, None, None
다음치과의원, 병원, 제주특별자치도 제주시 서광로 293, None, None
부성언치과의원, 병원, 제주특별자치도 제주시 중앙로 206, None, None
우리한의원, 병원, 제주특별자치도 제주시 서광로 301, None, None
광양의원, 병원, 제주특별자치도 제주시 서광로 302, None, None
제주녹십자의원, 병원, 제주특별자치도 제주시 고전길 5, None, None
김기수수안과, 병원, 제주특별자치도 제주시 중앙로 286, None, None
한라속시원내과의원, 병원, 제주특별자치도 제주시 중앙로 266, None, None
제일플란트치과의원, 병원, 제주특별자치도 제주시 중앙로 302, None, None
고운이치과의원, 병원, 제주특별자치도 제주시 연삼로 354, None, None
유진통증의학과의원, 병원, 제주특별자치도 제주시 중앙로 286, None, None
고운이치과교정과치과의원, 병원, 제주특별자치도 제주시 연삼로 354, None, None
디올레치과의원, 병원, 제주특별자치도 제주시 중앙로 266, None, None
김형남치과의원, 병원, 제주특별자치도 제주시 중앙로 316, None, None
뉴욕치과의원, 병원, 제주특별자치도 제주시 중앙로 318, None, None
사회복지법인인효원 제주복지요양병원, 병원, 제주특별자치도 제주시 동광로 96, None, None
혜민내과의원, 병원, 제주특별자치도 제주시 동광로15길 2, None, None
누가한의원, 병원, 제주특별자치도 제주시 동광로 102, None, None
밸런스웰가의원, 병원, 제주특별자치도 제주시 동광로 90, None, None
르네상스호텔, 호텔, 제주특별자치도 제주시 서사로14길 1, 6, 5.0
찰리호텔, 호텔, 제주특별자치도 제주시 서사로 128, 0, 0.0
영승국제상무 찰리호텔, 호텔, 제주특별자치도 제주시 서사로 128, 0, 0.0
스카이힐비지니스호텔, 호텔, 제주특별자치도 제주시 서광로24길 1, 9, 2.5
올레관광호텔, 호텔, 제주특별자치도 제주시 서광로 254, 3, 3.0
씨앤제이관광호텔, 호텔, 제주특별자치도 제주시 광양8길 24, 0, 0.0
아스타호텔, 호텔, 제주특별자치도 제주시 서사로 129, 76, 4.0
사하라호텔, 호텔, 제주특별자치도 제주시 서광로 265, 6, 3.5
하니크라운호텔, 호텔, 제주특별자치도 제주시 삼성로 10, 2, 3.3
제주슬림호텔, 호텔, 제주특별자치도 제주시 서광로 292-1, 2, 1.0
하니호텔 대연회장, 호텔, 제주특별자치도 제주시 삼성로 10, 0, 0.0
아라팰리스호텔, 호텔, 제주특별자치도 제주시 남성로26길 26, 14, 4.0
라마다제주시티호텔, 호텔, 제주특별자치도 제주시 중앙로 304, 180, 3.2
헤르츠호텔, 호텔, 제주특별자치도 제주시 중앙로 252, 3, 3.5
디아이에이치에이엠씨, 호텔, 제주특별자치도 제주시 중앙로 304, 0, 0.0
호텔샬롬제주, 호텔, 제주특별자치도 제주시 동광로 34, 99, 3.3
애플호텔, 호텔, 제주특별자치도 제주시 동광로 45, 7, 2.3
동경호텔, 호텔, 제주특별자치도 제주시 삼성로 63, 0, 0.0
스카이호텔, 호텔, 제주특별자치도 제주시 서광로29길 3, None, None
스카이호텔, 호텔, 제주특별자치도 제주시 서광로29길 3, None, None
꼬마도서관, 도서관, 제주특별자치도 제주시 도남동 46, 0, 0.0
이도1동새마을작은도서관, 도서관, 제주특별자치도 제주시 중앙로25길 17, 0, 0.0
꿈이있는작은도서관, 도서관, 제주특별자치도 제주시 홍랑길 10, 1, 0.0
월드컵새마을작은도서관, 도서관, 제주특별자치도 제주시 서광로29길 25, 0, 0.0
꿈썸작은도서관, 도서관, 제주특별자치도 제주시 남광북3길 46-12, 0, 0.0
제주기적의도서관, 도서관, 제주특별자치도 제주시 동광로12길 19, 6, 3.0
도남해모로새마을작은도서관, 도서관, 제주특별자치도 제주시 도남서길 14, None, None
차세대작은도서관, 도서관, 제주특별자치도 제주시 광양2길 33, None, None
새날작은도서관, 도서관, 제주특별자치도 제주시 광양4길 32, None, None
달리도서관, 도서관, 제주특별자치도 제주시 신성로12길 21-2, None, None
제주도문화정보점자도서관, 도서관, 제주특별자치도 제주시 동광로 56, None, None
제주교육박물관, 문화시설, 제주특별자치도 제주시 오복4길 25, 11, 4.7
제주특별자치도 민속자연사박물관, 문화시설, 제주특별자치도 제주시 삼성로 40, 91, 4.1
더하우스, 펜션, 제주특별자치도 제주시 신산로 69, None, None
대원여인숙, 숙박, 제주특별자치도 제주시 동광로5길 18, 0, 0.0
태연종합정육식당, 음식점, 제주특별자치도 제주시 서사로 187, 12, 4.2
서흘포 서사라점, 음식점, 제주특별자치도 제주시 서사로 175, 3, 4.7
식당민남매 2호점, 음식점, 제주특별자치도 제주시 서사로 172-1, 7, 4.1
정가네, 음식점, 제주특별자치도 제주시 서사로 170, 2, 5.0
국수천하, 음식점, 제주특별자치도 제주시 서사로 174, 2, 5.0
공설길, 음식점, 제주특별자치도 제주시 공설로9길 14, 2, 5.0
간이역 오라역점, 음식점, 제주특별자치도 제주시 서사로 168, 0, 0.0
요리하는푸줏간, 음식점, 제주특별자치도 제주시 서사로 175, 0, 0.0
압구정본가불닭발 제주1호점, 음식점, 제주특별자치도 제주시 서사로 174, 3, 4.7
대우정, 음식점, 제주특별자치도 제주시 서사로 152, 59, 2.9
그옛맛, 음식점, 제주특별자치도 제주시 서사로24길 12, 29, 3.4
계성횟집, 음식점, 제주특별자치도 제주시 서사로 161, 11, 4.3
이가오메기, 음식점, 제주특별자치도 제주시 서광로 208, 1, 5.0
불당골해장국, 음식점, 제주특별자치도 제주시 서광로16길 11, 8, 4.6
열열이얼큰이, 음식점, 제주특별자치도 제주시 서사로 146, 2, 5.0
날마다만족, 음식점, 제주특별자치도 제주시 서사로 165, 0, 0.0
평화로빵, 음식점, 제주특별자치도 제주시 서사로 149-1, 1, 5.0
효퇴국수국밥, 음식점, 제주특별자치도 제주시 서사로 122-1, 91, 3.6
삼복정, 음식점, 제주특별자치도 제주시 평전1길 3, 5, 4.4
다올국수, 음식점, 제주특별자치도 제주시 서광로 209-1, 5, 3.0
성남당과자점, 음식점, 제주특별자치도 제주시 서광로 207, 1, 5.0
정진숯불갈비, 음식점, 제주특별자치도 제주시 평전길 25, 0, 0.0
명인장어통일, 음식점, 제주특별자치도 제주시 평전길 4, 5, 4.8
씨가, 음식점, 제주특별자치도 제주시 평전길 10, 4, 5.0
태기네, 음식점, 제주특별자치도 제주시 평전1길 5, 1, 5.0
주식회사, 음식점, 제주특별자치도 제주시 평전길 13, 2, 5.0
민비네꼬꼬총각, 음식점, 제주특별자치도 제주시 평전길 3, 0, 0.0
홍림, 음식점, 제주특별자치도 제주시 평전길 3, 1, 4.0
홍당무, 음식점, 제주특별자치도 제주시 서사로18길 2, 0, 0.0
북촌삼대갈비 제주삼도점, 음식점, 제주특별자치도 제주시 서사로 102, 0, 0.0
덕이대가, 음식점, 제주특별자치도 제주시 서사로14길 4, 1, 5.0
처갓집, 음식점, 제주특별자치도 제주시 서사로 100, 0, 0.0
팡돌국수방, 음식점, 제주특별자치도 제주시 서사로 106, 0, 0.0
칠공팔공빛아지트, 음식점, 제주특별자치도 제주시 서사로 110, 0, 0.0
백록마당, 음식점, 제주특별자치도 제주시 연삼로 318, 6, 5.0
통큰두마리찜닭 제주2호점, 음식점, 제주특별자치도 제주시 연삼로 318, 0, 0.0
푸주옥 도남점, 음식점, 제주특별자치도 제주시 독짓골4길 4, 11, 3.3
송키 샤브샤브, 음식점, 제주특별자치도 제주시 연삼로 344, 10, 4.4
참치대가, 음식점, 제주특별자치도 제주시 연삼로 336, 11, 2.9
만금, 음식점, 제주특별자치도 제주시 도남로15길 11, 17, 4.9
애삐리바당, 음식점, 제주특별자치도 제주시 도남로 102-2, 6, 4.7
연가갈비, 음식점, 제주특별자치도 제주시 독짓골2길 4, 4, 1.0
돈날개, 음식점, 제주특별자치도 제주시 독짓골2길 1, 6, 4.3
김가네 제주도남점, 음식점, 제주특별자치도 제주시 연삼로 332, 0, 0.0
토크쇼 이도2호점, 음식점, 제주특별자치도 제주시 도남로15길 11, 3, 3.0
일대일치킨 이도도남점, 음식점, 제주특별자치도 제주시 도남로15길 3, 0, 0.0
두레촌삼계탕, 음식점, 제주특별자치도 제주시 독짓골2길 5, 0, 0.0
간이역 주홍역점, 음식점, 제주특별자치도 제주시 도남로15길 7, 1, 5.0
일대일포차, 음식점, 제주특별자치도 제주시 도남로15길 3, 0, 0.0
밥먹다, 음식점, 제주특별자치도 제주시 연삼로 346, 0, 0.0
미양양, 음식점, 제주특별자치도 제주시 도남로 62, 8, 3.8
진향갈비, 음식점, 제주특별자치도 제주시 도남로 64, 0, 0.0
자순식당, 음식점, 제주특별자치도 제주시 도남로8길 6, 3, 5.0
팔오회센타, 음식점, 제주특별자치도 제주시 도남로12길 9, 0, 0.0
장수야식, 음식점, 제주특별자치도 제주시 신성로2길 52, 0, 0.0
도남해마촌, 음식점, 제주특별자치도 제주시 도남로 61, 4, 3.0
큰가름 본점, 음식점, 제주특별자치도 제주시 도남로 65, 4, 4.0
오일삼삼 영양탕, 음식점, 제주특별자치도 제주시 도남로 72, 3, 3.3
제주족마니 도남점, 음식점, 제주특별자치도 제주시 도남로 67, 2, 5.0
진산원, 음식점, 제주특별자치도 제주시 도남로9길 1, 0, 0.0
혁이네숯불닭갈비, 음식점, 제주특별자치도 제주시 도남로 68, 3, 3.3
파랑새, 음식점, 제주특별자치도 제주시 도남로 78, 0, 0.0
동강, 음식점, 제주특별자치도 제주시 신성로 17, 12, 3.6
처갓집양념치킨 도남시청점, 음식점, 제주특별자치도 제주시 신성로 19, 5, 5.0
불여시 떡볶이 도남점, 음식점, 제주특별자치도 제주시 신성로 19, 5, 4.4
버거1031, 음식점, 제주특별자치도 제주시 신성로 25, 5, 4.0
마이프랜, 음식점, 제주특별자치도 제주시 신성로 21, 0, 0.0
컬러링호프 도남점, 음식점, 제주특별자치도 제주시 서광로20길 36, 0, 0.0
낭만노가리, 음식점, 제주특별자치도 제주시 신성로 15, 0, 0.0
부촌홍어, 음식점, 제주특별자치도 제주시 도남로6길 1, 3, 4.7
김자매아구찜, 음식점, 제주특별자치도 제주시 신성로 47, 9, 4.3
모이자, 음식점, 제주특별자치도 제주시 신성로 37, 0, 0.0
치킨과바람피자 제주2호점, 음식점, 제주특별자치도 제주시 신성로 29, 0, 0.0
만원촌, 음식점, 제주특별자치도 제주시 신성로 36, 0, 0.0
오는정 조은정, 음식점, 제주특별자치도 제주시 신성로 39-2, 0, 0.0
집맛남도, 음식점, 제주특별자치도 제주시 신성로 29, 0, 0.0
성미식당, 음식점, 제주특별자치도 제주시 서광로18길 18, 5, 4.6
찐국수랑김밥, 음식점, 제주특별자치도 제주시 서광로20길 17, 30, 4.9
빨간집 삼도점, 음식점, 제주특별자치도 제주시 서광로 230, 0, 0.0
보통사람들, 음식점, 제주특별자치도 제주시 서광로18길 5-11, 1, 5.0
맥치킨, 음식점, 제주특별자치도 제주시 서광로20길 3-1, 2, 5.0
두산봉횟집, 음식점, 제주특별자치도 제주시 서광로20길 16, 0, 0.0
돈야탑촌 제주점, 음식점, 제주특별자치도 제주시 서광로 226, 1, 5.0
페리카나 이도점, 음식점, 제주특별자치도 제주시 서광로20길 3, 0, 0.0
상구비어 삼도점, 음식점, 제주특별자치도 제주시 서광로 240-1, 1, 5.0
맛사랑국수, 음식점, 제주특별자치도 제주시 서광로 232, 2, 5.0
청노루, 음식점, 제주특별자치도 제주시 서광로20길 7, 3, 5.0
신의혼밥, 음식점, 제주특별자치도 제주시 서광로 232-1, 0, 0.0
동아리꼬치구이오라점, 음식점, 제주특별자치도 제주시 서사로 165, 0, 0.0
삼배통, 음식점, 제주특별자치도 제주시 서광로20길 14, 0, 0.0
신수연식당, 음식점, 제주특별자치도 제주시 서광로20길 4, 0, 0.0
붐비어, 음식점, 제주특별자치도 제주시 서광로 234-1, 0, 0.0
백선횟집, 음식점, 제주특별자치도 제주시 도남로 10, 26, 3.5
아궁이연탄집, 음식점, 제주특별자치도 제주시 도남로 12-1, 14, 4.2
학림, 음식점, 제주특별자치도 제주시 서광로26길 9, 6, 5.0
이태리너랑같이제주, 음식점, 제주특별자치도 제주시 서광로20길 3-11, 3, 4.7
우도동굴 도남점, 음식점, 제주특별자치도 제주시 도남로 6, 11, 3.7
미가람, 음식점, 제주특별자치도 제주시 서광로26길 10-1, 1, 5.0
삼첩분식 제주시청점, 음식점, 제주특별자치도 제주시 서광로26길 1, 0, 0.0
미소담은 소, 음식점, 제주특별자치도 제주시 도남로 8, 1, 4.0
둥이네고기집, 음식점, 제주특별자치도 제주시 도남로 14-1, 3, 5.0
황금돼지등갈비&제대로감자탕 구제주점, 음식점, 제주특별자치도 제주시 서광로26길 15, 0, 0.0
빠름, 음식점, 제주특별자치도 제주시 서광로26길 9-3, 0, 0.0
평안도막창구이, 음식점, 제주특별자치도 제주시 서광로22길 1, 0, 0.0
돈돼지국밥, 음식점, 제주특별자치도 제주시 도남로 14, 2, 4.5
서이, 음식점, 제주특별자치도 제주시 서광로26길 13, 1, 5.0
아리아리동동, 음식점, 제주특별자치도 제주시 서광로22길 9, 1, 5.0
누이, 음식점, 제주특별자치도 제주시 서광로26길 2, 0, 0.0
깜보식당, 음식점, 제주특별자치도 제주시 서광로26길 12, 1, 5.0
민하국수, 음식점, 제주특별자치도 제주시 서광로 248, 0, 0.0
서운당족발보쌈, 음식점, 제주특별자치도 제주시 서광로26길 9-1, 0, 0.0
홀리데이로맨스, 음식점, 제주특별자치도 제주시 서광로 246-1, 0, 0.0
신사동두목야식 삼도점, 음식점, 제주특별자치도 제주시 서광로 250-2, 0, 0.0
샘터식당, 음식점, 제주특별자치도 제주시 서광로26길 4, 0, 0.0
마이웨이, 음식점, 제주특별자치도 제주시 서광로 250-2, 0, 0.0
으네식당, 음식점, 제주특별자치도 제주시 서광로26길 8, 0, 0.0
텅꼬치구이 도남점, 음식점, 제주특별자치도 제주시 도남로 12, 0, 0.0
돌아온놀부네, 음식점, 제주특별자치도 제주시 도남로4길 28-1, 4, 5.0
아성반점, 음식점, 제주특별자치도 제주시 신성로 59, 5, 4.4
호식이두마리치킨 도남점, 음식점, 제주특별자치도 제주시 신성로 62, 2, 4.5
일이삼식당, 음식점, 제주특별자치도 제주시 신성로 57, 0, 0.0
엉터리, 음식점, 제주특별자치도 제주시 신성로 64, 0, 0.0
해맑은말집, 음식점, 제주특별자치도 제주시 도남로 48-1, 6, 2.5
꼬까삐, 음식점, 제주특별자치도 제주시 도남로7길 46, 4, 5.0
도남옛날통닭, 음식점, 제주특별자치도 제주시 도남로 46, 4, 5.0
굽네치킨 도남점, 음식점, 제주특별자치도 제주시 신성로 70, 2, 5.0
파리바게뜨 제주도남점, 음식점, 제주특별자치도 제주시 도남로 53, 4, 2.0
남문숯불바베큐&치킨 도남점, 음식점, 제주특별자치도 제주시 도남로 45, 4, 2.8
뚜레쥬르 제주도남점, 음식점, 제주특별자치도 제주시 도남로 54, 2, 2.5
난타5000피자 제주도남점, 음식점, 제주특별자치도 제주시 도남로 56, 2, 5.0
언니네식당, 음식점, 제주특별자치도 제주시 도남로 48, 1, 5.0
윤과장포차, 음식점, 제주특별자치도 제주시 신성로 68, 0, 0.0
맛짱맛김밥손만두 도남점, 음식점, 제주특별자치도 제주시 신성로 69-1, 0, 0.0
동아리꼬치구이 도남점, 음식점, 제주특별자치도 제주시 도남로 46, 0, 0.0
멍텅구리24시, 음식점, 제주특별자치도 제주시 도남로 31-1, 5, 3.4
국시촌, 음식점, 제주특별자치도 제주시 도남로 38-1, 12, 4.5
제주객주리조림, 음식점, 제주특별자치도 제주시 도남로 32, 4, 4.5
범프리카인생치킨 도남점, 음식점, 제주특별자치도 제주시 도남로 38, 1, 5.0
제주명물, 음식점, 제주특별자치도 제주시 도남로 31-1, 0, 0.0
삼바리회센타, 음식점, 제주특별자치도 제주시 도남로7길 35, 9, 3.8
훔쳐온뒷고기, 음식점, 제주특별자치도 제주시 도남로5길 6, 6, 4.8
도남시골낙지, 음식점, 제주특별자치도 제주시 도남로 44, 12, 4.8
대구반야월막창 도남점, 음식점, 제주특별자치도 제주시 도남로 40, 2, 4.5
탐나는샐러드, 음식점, 제주특별자치도 제주시 도남로7길 38, 0, 0.0
맥주창고, 음식점, 제주특별자치도 제주시 도남로 40, 0, 0.0
곱꼬닭 본점, 음식점, 제주특별자치도 제주시 도남로 44, 0, 0.0
다온, 음식점, 제주특별자치도 제주시 도남로 40, 1, 5.0
오거리 소주&호프, 음식점, 제주특별자치도 제주시 도남로7길 41, 0, 0.0
악발이, 음식점, 제주특별자치도 제주시 도남로5길 7, 2, 4.0
육도담, 음식점, 제주특별자치도 제주시 도남로 59, 27, 4.6
노량진수산, 음식점, 제주특별자치도 제주시 신성로 84-1, 6, 3.3
맛깔참죽 도남점, 음식점, 제주특별자치도 제주시 신성로 77, 5, 5.0
싱싱왕만두땡초김밥 도남점, 음식점, 제주특별자치도 제주시 신성로 77, 2, 3.5
츄러스1500 제주직영점, 음식점, 제주특별자치도 제주시 신성로 80, 0, 0.0
명당떡집, 음식점, 제주특별자치도 제주시 신성로 78, 0, 0.0
또올레포차, 음식점, 제주특별자치도 제주시 신성로 80, 3, 4.0
보리밭에 보리빵, 음식점, 제주특별자치도 제주시 신성로 85, 0, 0.0
꾸르다기, 음식점, 제주특별자치도 제주시 신성로 85, 3, 5.0
옵서예, 음식점, 제주특별자치도 제주시 신성로 85, 0, 0.0
추자, 음식점, 제주특별자치도 제주시 신성로 85, 0, 0.0
웅이네포차, 음식점, 제주특별자치도 제주시 신성로 83, 0, 0.0
양가네꼼장어아나고, 음식점, 제주특별자치도 제주시 신성로10길 7, 1, 4.0
으랏차차 도남오거리점, 음식점, 제주특별자치도 제주시 신성로8길 4, 0, 0.0
동승호, 음식점, 제주특별자치도 제주시 신성로7길 16, 0, 0.0
코코분식, 음식점, 제주특별자치도 제주시 신성로 104, 63, 3.7
뚱보조개, 음식점, 제주특별자치도 제주시 서광로28길 53, 52, 3.8
김마리, 음식점, 제주특별자치도 제주시 광양14길 17-10, 27, 4.3
엠제이돼지 시청점, 음식점, 제주특별자치도 제주시 신성로 103, 20, 3.4
도남황금갈비, 음식점, 제주특별자치도 제주시 신성로 98, 22, 4.0
노가리앤비어 도남점, 음식점, 제주특별자치도 제주시 신성로10길 1, 6, 4.3
우미관, 음식점, 제주특별자치도 제주시 서광로32길 40-1, 7, 5.0
애진정육식당, 음식점, 제주특별자치도 제주시 신성로 102, 7, 5.0
타쿠야쿠, 음식점, 제주특별자치도 제주시 서광로28길 45, 7, 4.3
해가, 음식점, 제주특별자치도 제주시 신성로10길 3, 0, 0.0
용꽈배기, 음식점, 제주특별자치도 제주시 서광로30길 3, 59, 4.2
남원양꼬치, 음식점, 제주특별자치도 제주시 도남로 15, 11, 2.9
도남막창구이, 음식점, 제주특별자치도 제주시 도남로 17, 5, 3.8
대란갈비, 음식점, 제주특별자치도 제주시 도남로 19, 3, 3.7
섬집, 음식점, 제주특별자치도 제주시 도남로 20-1, 2, 4.0
부가네얼큰이 도남점, 음식점, 제주특별자치도 제주시 도남로 27, 1, 5.0
피스오브치즈, 음식점, 제주특별자치도 제주시 서광로28길 23, 1, 3.0
제주은빛한라수산, 음식점, 제주특별자치도 제주시 도남로7길 23-1, 1, 5.0
홍익식당, 음식점, 제주특별자치도 제주시 서광로28길 18-1, 0, 0.0
오지하우스호주식당, 음식점, 제주특별자치도 제주시 광양10길 26, 22, 4.0
일기일회, 음식점, 제주특별자치도 제주시 광양10길 15, 12, 4.5
강촌닭갈비 시청점, 음식점, 제주특별자치도 제주시 광양14길 15, 10, 3.9
하나의식탁, 음식점, 제주특별자치도 제주시 광양14길 19, 1, 5.0
옛못잊어감자탕, 음식점, 제주특별자치도 제주시 서광로32길 35, 45, 4.9
산적, 음식점, 제주특별자치도 제주시 서광로32길 36, 10, 4.6
울돝, 음식점, 제주특별자치도 제주시 서광로32길 37, 8, 4.9
미스터짱닭치킨 시청점, 음식점, 제주특별자치도 제주시 서광로32길 37-5, 2, 4.0
조마루 시청점, 음식점, 제주특별자치도 제주시 광양14길 9, 5, 2.4
한솥도시락 제주시청앞점, 음식점, 제주특별자치도 제주시 광양14길 7, 0, 0.0
프랭크버거 제주시청점, 음식점, 제주특별자치도 제주시 광양14길 10, 5, 4.6
핵밥 제주시청점, 음식점, 제주특별자치도 제주시 광양14길 7, 24, 3.7
쏘주, 음식점, 제주특별자치도 제주시 서광로32길 36, 0, 0.0
오씨엔, 음식점, 제주특별자치도 제주시 광양14길 7, 0, 0.0
투헤븐, 음식점, 제주특별자치도 제주시 서광로32길 37-5, 0, 0.0
온평, 음식점, 제주특별자치도 제주시 서광로32길 28-1, 25, 4.2
대학로참닭갈비, 음식점, 제주특별자치도 제주시 서광로32길 26, 33, 2.1
대일횟집, 음식점, 제주특별자치도 제주시 서광로32길 24, 10, 4.1
용팔이막창 시청점, 음식점, 제주특별자치도 제주시 서광로32길 23, 10, 4.5
냄비에퐁닭, 음식점, 제주특별자치도 제주시 서광로32길 26-5, 17, 2.5
해산물포차, 음식점, 제주특별자치도 제주시 서광로32길 23, 1, 4.0
돈앤돈, 음식점, 제주특별자치도 제주시 서광로32길 23, 0, 0.0
냉삼이, 음식점, 제주특별자치도 제주시 서광로32길 23, 0, 0.0
무시로 별관, 음식점, 제주특별자치도 제주시 서광로32길 29, 1, 5.0
어디가코 본점, 음식점, 제주특별자치도 제주시 서광로32길 23, 0, 0.0
식객제주닭갈비, 음식점, 제주특별자치도 제주시 서광로32길 23, 0, 0.0
서광로32길27, 음식점, 제주특별자치도 제주시 서광로32길 27, 5, 3.8
가리포차, 음식점, 제주특별자치도 제주시 서광로32길 23, 0, 0.0
한근두근, 음식점, 제주특별자치도 제주시 서광로32길 23, 0, 0.0
라비에, 음식점, 제주특별자치도 제주시 신성로13길 17, 16, 4.3
화산양꼬치 2호점, 음식점, 제주특별자치도 제주시 신성로13길 17-1, 8, 4.3
순정감자 제주시직영점, 음식점, 제주특별자치도 제주시 서광로32길 27-5, 7, 4.7
1970새마을포차 제주시청점, 음식점, 제주특별자치도 제주시 신성로13길 22, 0, 0.0
문전성시, 음식점, 제주특별자치도 제주시 신성로13길 17-1, 1, 5.0
미미고 제주시청점, 음식점, 제주특별자치도 제주시 신성로13길 22, 0, 0.0
올드하바나, 음식점, 제주특별자치도 제주시 신성로13길 19, 0, 0.0
춤추는생오리, 음식점, 제주특별자치도 제주시 서광로32길 14-5, 4, 4.8
궁중삼계탕, 음식점, 제주특별자치도 제주시 광양8길 15-17, 4, 3.5
로당, 음식점, 제주특별자치도 제주시 서광로32길 18-1, 12, 4.9
노랑통닭 제주시청점, 음식점, 제주특별자치도 제주시 서광로32길 16-1, 14, 3.7
미효, 음식점, 제주특별자치도 제주시 서광로32길 17, 0, 0.0
화사랑, 음식점, 제주특별자치도 제주시 서광로32길 10, 8, 3.5
토대력 대학로점, 음식점, 제주특별자치도 제주시 서광로32길 6, 3, 3.3
수, 음식점, 제주특별자치도 제주시 광양8길 15, 0, 0.0
금돈상회, 음식점, 제주특별자치도 제주시 광양8길 11, 7, 3.9
하늘본닭 제주도터점, 음식점, 제주특별자치도 제주시 광양8길 10, 3, 2.3
옥희 제주시청점, 음식점, 제주특별자치도 제주시 광양8길 7, 5, 4.6
천하육회 시청점, 음식점, 제주특별자치도 제주시 광양8길 9, 2, 4.0
홍고집, 음식점, 제주특별자치도 제주시 서광로32길 12, 0, 0.0
훈이네찌개, 음식점, 제주특별자치도 제주시 광양8길 11, 0, 0.0
홍가네고기집, 음식점, 제주특별자치도 제주시 서광로32길 12, 0, 0.0
사요나라히토리, 음식점, 제주특별자치도 제주시 광양8길 7, 2, 4.5
돈야탑촌, 음식점, 제주특별자치도 제주시 광양8길 7, 1, 5.0
걸구쟁이맷돌빈대떡, 음식점, 제주특별자치도 제주시 광양8길 8, 0, 0.0
홍열이네 시청점, 음식점, 제주특별자치도 제주시 광양10길 9-2, 10, 3.1
쿠주소셜클럽, 음식점, 제주특별자치도 제주시 신성로13길 14-1, 8, 3.3
79대포 제주시청점, 음식점, 제주특별자치도 제주시 광양10길 3, 0, 0.0
오십일분전, 음식점, 제주특별자치도 제주시 신성로13길 15, 0, 0.0
타이니, 음식점, 제주특별자치도 제주시 광양10길 6, 0, 0.0
동경갈비, 음식점, 제주특별자치도 제주시 광양8길 1-6, 3, 3.0
소나이, 음식점, 제주특별자치도 제주시 광양8길 1-4, 0, 0.0
이자카야쇼부 제주시청점, 음식점, 제주특별자치도 제주시 신성로13길 5, 0, 0.0
샷, 음식점, 제주특별자치도 제주시 신성로13길 2, 0, 0.0
돈짬 제주시청점, 음식점, 제주특별자치도 제주시 중앙로 226, 16, 4.3
배스킨라빈스 제주시청점, 음식점, 제주특별자치도 제주시 중앙로 224, 10, 2.3
와플대학 제주시청캠퍼스, 음식점, 제주특별자치도 제주시 광양8길 1-8, 13, 4.2
엘아이피, 음식점, 제주특별자치도 제주시 중앙로 220, 0, 0.0
청미락횟집, 음식점, 제주특별자치도 제주시 서사로 111, 7, 3.6
육장갈비 삼도점, 음식점, 제주특별자치도 제주시 서사로 131-1, 6, 4.5
동막골 서사라점, 음식점, 제주특별자치도 제주시 서사로 119, 8, 2.9
육회한집, 음식점, 제주특별자치도 제주시 서광로 229, 4, 5.0
예산가마솥 장수촌설렁탕 서사라점, 음식점, 제주특별자치도 제주시 서사로 131, 7, 5.0
연참치, 음식점, 제주특별자치도 제주시 서사로19길 4, 5, 5.0
치맥집, 음식점, 제주특별자치도 제주시 서사로 133, 6, 4.7
뚜레쥬르 제주서사라점, 음식점, 제주특별자치도 제주시 서사로 133, 1, 3.0
윗세오름, 음식점, 제주특별자치도 제주시 서광로19길 1, 1, 5.0
삼겹구이, 음식점, 제주특별자치도 제주시 서광로 225, 0, 0.0
비룡, 음식점, 제주특별자치도 제주시 서광로19길 28-17, 0, 0.0
코바코 제주삼도점, 음식점, 제주특별자치도 제주시 서광로 231-1, 2, 3.5
동아리 한라점, 음식점, 제주특별자치도 제주시 서광로 237-1, 1, 5.0
올레길호프, 음식점, 제주특별자치도 제주시 서광로21길 3, 0, 0.0
팅이마카롱, 음식점, 제주특별자치도 제주시 서광로19길 4-1, 0, 0.0
오뉴써니, 음식점, 제주특별자치도 제주시 서광로19길 12, 0, 0.0
탐라국꾼서광점, 음식점, 제주특별자치도 제주시 서광로21길 3, 0, 0.0
가리본가 광양점, 음식점, 제주특별자치도 제주시 서사로19길 42, 12, 3.3
꽈리치킨, 음식점, 제주특별자치도 제주시 서광로27길 11, 1, 5.0
원이조설농탕, 음식점, 제주특별자치도 제주시 전농로 70, 8, 4.8
커리우드하우스, 음식점, 제주특별자치도 제주시 전농로 69-1, 1, 5.0
가자중화요리, 음식점, 제주특별자치도 제주시 서사로 95, 0, 0.0
사라숯불구이, 음식점, 제주특별자치도 제주시 서사로 109, 1, 5.0
아는동생, 음식점, 제주특별자치도 제주시 서사로 109-1, 1, 5.0
탁이네포차, 음식점, 제주특별자치도 제주시 서사로 103, 0, 0.0
암사동벼락국물떡볶이 구제주점, 음식점, 제주특별자치도 제주시 전농로 68, 1, 5.0
사랑길포장마차, 음식점, 제주특별자치도 제주시 서사로 109, 0, 0.0
후윤분식, 음식점, 제주특별자치도 제주시 전농로 65, 1, 5.0
감성비어, 음식점, 제주특별자치도 제주시 서사로 101, 0, 0.0
홍어대가, 음식점, 제주특별자치도 제주시 전농로 99-1, 2, 5.0
골고루숯불갈비, 음식점, 제주특별자치도 제주시 전농로 96, 3, 5.0
좋은일이생길국수, 음식점, 제주특별자치도 제주시 전농로 109, 10, 4.8
추사장추어탕, 음식점, 제주특별자치도 제주시 서광로29길 12, 12, 4.5
Jk피자, 음식점, 제주특별자치도 제주시 서광로29길 3, 11, 4.7
애월연어 시청점, 음식점, 제주특별자치도 제주시 서광로 288, 14, 4.4
금보성반점, 음식점, 제주특별자치도 제주시 서광로29길 24, 8, 4.4
장원들물식당, 음식점, 제주특별자치도 제주시 서광로29길 22-14, 9, 4.9
추가네추어탕, 음식점, 제주특별자치도 제주시 서사로 176, None, None
치지레이지, 음식점, 제주특별자치도 제주시 서사로 173, None, None
대박삼겹김치찜, 음식점, 제주특별자치도 제주시 서사로 172, None, None
레드사이공, 음식점, 제주특별자치도 제주시 서사로22길 4, None, None
차돌마당, 음식점, 제주특별자치도 제주시 서사로 148, None, None
용의성, 음식점, 제주특별자치도 제주시 서사로 144, None, None
영춘식당, 음식점, 제주특별자치도 제주시 평전길 12, None, None
보영이네시장치킨, 음식점, 제주특별자치도 제주시 평전길 6, None, None
막창상회 서사라점, 음식점, 제주특별자치도 제주시 서광로 207, None, None
신기루, 음식점, 제주특별자치도 제주시 서사로18길 2, None, None
춘천명동닭갈비 서사라점, 음식점, 제주특별자치도 제주시 서사로 110-1, None, None
코너웍, 음식점, 제주특별자치도 제주시 신성로4길 27, None, None
짐박스, 음식점, 제주특별자치도 제주시 도남서길 13, None, None
삼다돈, 음식점, 제주특별자치도 제주시 연삼로 295-1, None, None
잭슨피자 합동청사점, 음식점, 제주특별자치도 제주시 연삼로 314, None, None
불닭공장 도남점, 음식점, 제주특별자치도 제주시 독짓골2길 3, None, None
남가네설악추어탕 도남점, 음식점, 제주특별자치도 제주시 도남로 102, None, None
정부장포차, 음식점, 제주특별자치도 제주시 연삼로 336, None, None
소풍, 음식점, 제주특별자치도 제주시 독짓골2길 9, None, None
희양양, 음식점, 제주특별자치도 제주시 도남로 62, None, None
제이식탁, 음식점, 제주특별자치도 제주시 도남로12길 14, None, None
동아리꼬치구이 도남대림점, 음식점, 제주특별자치도 제주시 도남로8길 3, None, None
위드샌드, 음식점, 제주특별자치도 제주시 도남로 76, None, None
오일삼삼 별관, 음식점, 제주특별자치도 제주시 도남로 76, None, None
샤부돈, 음식점, 제주특별자치도 제주시 오남로 7-13, None, None
활어천국, 음식점, 제주특별자치도 제주시 서광로20길 31, None, None
별이빛나는밤, 음식점, 제주특별자치도 제주시 신성로 19, None, None
제주골목국수, 음식점, 제주특별자치도 제주시 신성로 42-1, None, None
목민, 음식점, 제주특별자치도 제주시 신성로 51, None, None
연지네식당, 음식점, 제주특별자치도 제주시 신성로 51, None, None
정개, 음식점, 제주특별자치도 제주시 서사로21길 3, None, None
행복밀, 음식점, 제주특별자치도 제주시 서광로 239, None, None
꼬꼬아찌숯불치킨 서사라점, 음식점, 제주특별자치도 제주시 서광로 226, None, None
원영식당, 음식점, 제주특별자치도 제주시 서광로18길 9, None, None
사라보쌈족발, 음식점, 제주특별자치도 제주시 서사로 163, None, None
캠퍼트리, 음식점, 제주특별자치도 제주시 서광로 228-1, None, None
동근이숯불두마리치킨 제주시청점, 음식점, 제주특별자치도 제주시 서사로 149, None, None
힐링포차, 음식점, 제주특별자치도 제주시 서광로20길 3, None, None
불스떡볶이 제주시청점, 음식점, 제주특별자치도 제주시 서광로20길 24, None, None
컨츄리, 음식점, 제주특별자치도 제주시 서광로 242-2, None, None
꼬치타운 서광로점, 음식점, 제주특별자치도 제주시 서광로 232, None, None
안경쓴고등어, 음식점, 제주특별자치도 제주시 서광로20길 3-8, None, None
낫파운드라운지, 음식점, 제주특별자치도 제주시 서광로 250-2, None, None
어왔니, 음식점, 제주특별자치도 제주시 서광로22길 11, None, None
토대력 스마일점, 음식점, 제주특별자치도 제주시 서광로 264, None, None
올레관광호텔 라이브카페 레스토랑, 음식점, 제주특별자치도 제주시 서광로 254, None, None
존가네 제주시청점, 음식점, 제주특별자치도 제주시 서광로26길 1, None, None
꼬끼오꼬꼬닭, 음식점, 제주특별자치도 제주시 도남로 14, None, None
도남해돈가, 음식점, 제주특별자치도 제주시 신성로 61-1, None, None
도남운선회센타, 음식점, 제주특별자치도 제주시 신성로 61, None, None
도남앤횟집, 음식점, 제주특별자치도 제주시 도남로 49, None, None
대한축산정육식당 본점, 음식점, 제주특별자치도 제주시 도남로 51, None, None
탕탕이 1호점 (본점), 음식점, 제주특별자치도 제주시 도남로7길 46, None, None
김준호의대단한갈비 제주도남점, 음식점, 제주특별자치도 제주시 신성로 68-2, None, None
오거리포차, 음식점, 제주특별자치도 제주시 신성로 69, None, None
주민상회 제주도남점, 음식점, 제주특별자치도 제주시 도남로 49, None, None
오닭꼬치 도남점, 음식점, 제주특별자치도 제주시 신성로 68-2, None, None
굿손 제주시청점, 음식점, 제주특별자치도 제주시 도남로 46, None, None
을찌로국물떡볶이 제주도남점, 음식점, 제주특별자치도 제주시 도남로7길 45-1, None, None
어촌, 음식점, 제주특별자치도 제주시 신성로 63, None, None
도남오거리식당, 음식점, 제주특별자치도 제주시 도남로6길 16, None, None
도남정, 음식점, 제주특별자치도 제주시 도남로7길 40, None, None
다올식당, 음식점, 제주특별자치도 제주시 도남로7길 37-1, None, None
팔팔통닭, 음식점, 제주특별자치도 제주시 도남로7길 32-1, None, None
누들보쌈배달만족 제주 이도도남점, 음식점, 제주특별자치도 제주시 도남로 44, None, None
노포갈비, 음식점, 제주특별자치도 제주시 신성로 82-2, None, None
고씨네막창, 음식점, 제주특별자치도 제주시 신성로 88, None, None
위트레이즌, 음식점, 제주특별자치도 제주시 신성로 82-8, None, None
레브, 음식점, 제주특별자치도 제주시 신성로 86-1, None, None
닥그네할망, 음식점, 제주특별자치도 제주시 신성로10길 18, None, None
족족족, 음식점, 제주특별자치도 제주시 신성로 90, None, None
술한모금, 음식점, 제주특별자치도 제주시 신성로10길 7, None, None
삼합소, 음식점, 제주특별자치도 제주시 서광로32길 40-1, None, None
서울24시뼈감탕해장국, 음식점, 제주특별자치도 제주시 신성로 96, None, None
연해루, 음식점, 제주특별자치도 제주시 신성로10길 3, None, None
루트84, 음식점, 제주특별자치도 제주시 서광로28길 54, None, None
중립, 음식점, 제주특별자치도 제주시 서광로32길 38, None, None
나이브, 음식점, 제주특별자치도 제주시 서광로32길 38, None, None
헝그리닭발포차 시청점, 음식점, 제주특별자치도 제주시 신성로 102, None, None
디트, 음식점, 제주특별자치도 제주시 서광로28길 54, None, None
흥부찜닭, 음식점, 제주특별자치도 제주시 서광로32길 42, None, None
봉봉, 음식점, 제주특별자치도 제주시 신성로 91, None, None
마노비스트로, 음식점, 제주특별자치도 제주시 서광로32길 40-1, None, None
어디가코국수, 음식점, 제주특별자치도 제주시 신성로 101-1, None, None
괸당집 도남점, 음식점, 제주특별자치도 제주시 도남로 26, None, None
비상식탁 도남점, 음식점, 제주특별자치도 제주시 도남로7길 31, None, None
사계진미 제주시청점, 음식점, 제주특별자치도 제주시 서광로30길 8, None, None
오태식해바라기치킨 제주도남점, 음식점, 제주특별자치도 제주시 도남로 21-1, None, None
사와라, 음식점, 제주특별자치도 제주시 광양8길 26, None, None
강촌숯불닭갈비 도남점, 음식점, 제주특별자치도 제주시 도남로 11, None, None
창성상회 제주시청점, 음식점, 제주특별자치도 제주시 도남로 25, None, None
부비곶뼈해장국, 음식점, 제주특별자치도 제주시 도남로 7, None, None
바바램, 음식점, 제주특별자치도 제주시 도남로 21, None, None
소주홀릭, 음식점, 제주특별자치도 제주시 도남로 3, None, None
호근동, 음식점, 제주특별자치도 제주시 광양10길 17, None, None
탐라요정, 음식점, 제주특별자치도 제주시 광양10길 21, None, None
와이엘, 음식점, 제주특별자치도 제주시 광양10길 23, None, None
군자대한곱창 제주시청점, 음식점, 제주특별자치도 제주시 광양10길 15, None, None
디케이, 음식점, 제주특별자치도 제주시 광양10길 13, None, None
제주도2층, 음식점, 제주특별자치도 제주시 광양10길 23, None, None
백담, 음식점, 제주특별자치도 제주시 광양10길 21, None, None
식전당포, 음식점, 제주특별자치도 제주시 광양14길 17-1, None, None
대학로칼집 시청점, 음식점, 제주특별자치도 제주시 서광로32길 32, None, None
한푼리회포차, 음식점, 제주특별자치도 제주시 광양14길 18, None, None
바삭 시청점, 음식점, 제주특별자치도 제주시 서광로32길 32, None, None
아카우마, 음식점, 제주특별자치도 제주시 광양14길 17, None, None
갑도니 시청점, 음식점, 제주특별자치도 제주시 광양14길 14, None, None
포차천국 제주시청점, 음식점, 제주특별자치도 제주시 광양14길 14, None, None
세이슌 시청점, 음식점, 제주특별자치도 제주시 서광로32길 34, None, None
이돈갓 시청본점, 음식점, 제주특별자치도 제주시 광양14길 9, None, None
명륜진사갈비 제주시청점, 음식점, 제주특별자치도 제주시 광양14길 9, None, None
BHC치킨 제주시청점, 음식점, 제주특별자치도 제주시 광양14길 12, None, None
지하, 음식점, 제주특별자치도 제주시 광양14길 7, None, None
혼끼멘, 음식점, 제주특별자치도 제주시 광양14길 12, None, None
유피에스, 음식점, 제주특별자치도 제주시 광양14길 11, None, None
토대력 드림점, 음식점, 제주특별자치도 제주시 서광로32길 35-1, None, None
솔담 제주 시청점, 음식점, 제주특별자치도 제주시 광양14길 9, None, None
KMGM홀덤펍, 음식점, 제주특별자치도 제주시 광양14길 11, None, None
모토이시 제주시청점, 음식점, 제주특별자치도 제주시 서광로32길 29, None, None
구어라조연탄, 음식점, 제주특별자치도 제주시 서광로32길 28, None, None
무시로, 음식점, 제주특별자치도 제주시 서광로32길 28-1, None, None
투다리 대학사로점, 음식점, 제주특별자치도 제주시 신성로13길 16-1, None, None
린생사진관 제주시청점, 음식점, 제주특별자치도 제주시 서광로32길 29, None, None
새로, 음식점, 제주특별자치도 제주시 서광로32길 26, None, None
여가, 음식점, 제주특별자치도 제주시 서광로32길 26, None, None
재즈포니아, 음식점, 제주특별자치도 제주시 서광로32길 26-4, None, None
신룽푸마라탕 제주시청점, 음식점, 제주특별자치도 제주시 서광로32길 27-2, None, None
일과삶사이틈, 음식점, 제주특별자치도 제주시 서광로32길 27-3, None, None
정대, 음식점, 제주특별자치도 제주시 서광로32길 29-1, None, None
숙성도실버, 음식점, 제주특별자치도 제주시 신성로13길 20, None, None
나름, 음식점, 제주특별자치도 제주시 서광로32길 29-1, None, None
미미고찹쌀꽈배기 시청점, 음식점, 제주특별자치도 제주시 신성로13길 22, None, None
회장님댁, 음식점, 제주특별자치도 제주시 서광로32길 31, None, None
팔구칠야시장 제주시청점, 음식점, 제주특별자치도 제주시 서광로32길 31, None, None
디앤, 음식점, 제주특별자치도 제주시 광양14길 8, None, None
원스몰글라스, 음식점, 제주특별자치도 제주시 서광로32길 27-3, None, None
제주포차 1호점, 음식점, 제주특별자치도 제주시 신성로13길 16, None, None
밥한끼술한잔여기딱이다, 음식점, 제주특별자치도 제주시 신성로13길 18, None, None
오동포차, 음식점, 제주특별자치도 제주시 서광로32길 29-1, None, None
머뭄, 음식점, 제주특별자치도 제주시 광양10길 18-1, None, None
주력, 음식점, 제주특별자치도 제주시 서광로32길 16, None, None
상위호환, 음식점, 제주특별자치도 제주시 서광로32길 16-1, None, None
60계 제주시청점, 음식점, 제주특별자치도 제주시 광양10길 16, None, None
미풍수산, 음식점, 제주특별자치도 제주시 광양10길 16, None, None
태후, 음식점, 제주특별자치도 제주시 서광로32길 17-1, None, None
리파인 제주시청점, 음식점, 제주특별자치도 제주시 광양10길 13, None, None
봉구비어 제주시청점, 음식점, 제주특별자치도 제주시 서광로32길 15, None, None
금선, 음식점, 제주특별자치도 제주시 서광로32길 18, None, None
꼬치에꼬치다, 음식점, 제주특별자치도 제주시 서광로32길 16, None, None
정통집 제주직영점, 음식점, 제주특별자치도 제주시 서광로32길 15, None, None
신화정스시, 음식점, 제주특별자치도 제주시 서광로32길 16, None, None
301호, 음식점, 제주특별자치도 제주시 서광로32길 15, None, None
호우호시, 음식점, 제주특별자치도 제주시 서광로32길 16, None, None
파라디스코 레트로퓨처, 음식점, 제주특별자치도 제주시 광양8길 17, None, None
큰아들떡볶이 시청점, 음식점, 제주특별자치도 제주시 광양8길 15, None, None
혼디, 음식점, 제주특별자치도 제주시 광양8길 15, None, None
오늘와인한잔 제주시청점, 음식점, 제주특별자치도 제주시 서광로32길 14, None, None
범맥주 제주시청점, 음식점, 제주특별자치도 제주시 광양8길 7, None, None
오늘술집주다방 제주시청점, 음식점, 제주특별자치도 제주시 광양8길 7, None, None
1943 제주시청점, 음식점, 제주특별자치도 제주시 광양8길 7, None, None
광양8길9, 음식점, 제주특별자치도 제주시 광양8길 9, None, None
인쌩맥주 제주시청점, 음식점, 제주특별자치도 제주시 광양8길 7, None, None
놈놈놈, 음식점, 제주특별자치도 제주시 광양8길 8, None, None
청춘술집, 음식점, 제주특별자치도 제주시 광양8길 8, None, None
일로와바, 음식점, 제주특별자치도 제주시 광양8길 12, None, None
크라운호프 제주시청점, 음식점, 제주특별자치도 제주시 서광로32길 8, None, None
라바시즌2, 음식점, 제주특별자치도 제주시 광양8길 7, None, None
오바, 음식점, 제주특별자치도 제주시 광양8길 12, None, None
주마등, 음식점, 제주특별자치도 제주시 서광로32길 14, None, None
유군초밥, 음식점, 제주특별자치도 제주시 서광로32길 19, None, None
벽돌집, 음식점, 제주특별자치도 제주시 광양10길 12, None, None
포차또랑, 음식점, 제주특별자치도 제주시 광양10길 6, None, None
왓츠유어플레이버, 음식점, 제주특별자치도 제주시 광양10길 12, None, None
구피풋, 음식점, 제주특별자치도 제주시 광양10길 11, None, None
캔사스, 음식점, 제주특별자치도 제주시 서광로32길 19, None, None
온지락, 음식점, 제주특별자치도 제주시 서광로32길 21, None, None
히치하이커스라운지, 음식점, 제주특별자치도 제주시 서광로32길 19, None, None
FBI클럽, 음식점, 제주특별자치도 제주시 서광로32길 19, None, None
그루비뮤직타운, 음식점, 제주특별자치도 제주시 신성로13길 9, None, None
소우, 음식점, 제주특별자치도 제주시 광양10길 12, None, None
루스트플레이스 시청점, 음식점, 제주특별자치도 제주시 중앙로 230-1, None, None
두끼떡볶이 제주시청점, 음식점, 제주특별자치도 제주시 중앙로 230, None, None
계절식탁 시청점, 음식점, 제주특별자치도 제주시 신성로13길 13-1, None, None
청담이상 제주시청점, 음식점, 제주특별자치도 제주시 신성로13길 13, None, None
파리바게뜨 제주시청점, 음식점, 제주특별자치도 제주시 중앙로 230, None, None
경성주막1929 제주시청점, 음식점, 제주특별자치도 제주시 신성로13길 14-1, None, None
아일랜드스톤, 음식점, 제주특별자치도 제주시 신성로13길 15, None, None
피슈마라홍탕 제주시청점, 음식점, 제주특별자치도 제주시 중앙로 230, None, None
무한질주, 음식점, 제주특별자치도 제주시 광양10길 5, None, None
공간키친, 음식점, 제주특별자치도 제주시 신성로13길 13-1, None, None
충만치킨 시청점, 음식점, 제주특별자치도 제주시 광양10길 5, None, None
언더라운지, 음식점, 제주특별자치도 제주시 신성로13길 15, None, None
프리즌, 음식점, 제주특별자치도 제주시 광양10길 6, None, None
여기, 음식점, 제주특별자치도 제주시 신성로13길 15-1, None, None
신441, 음식점, 제주특별자치도 제주시 신성로13길 2, None, None
뻐꾸기 제주점, 음식점, 제주특별자치도 제주시 신성로13길 1, None, None
금별맥주 제주시청점, 음식점, 제주특별자치도 제주시 신성로13길 9, None, None
장미맨숀 제주시청점, 음식점, 제주특별자치도 제주시 신성로13길 5, None, None
일월 이자카야, 음식점, 제주특별자치도 제주시 신성로13길 4, None, None
쇼넨 제주시청점, 음식점, 제주특별자치도 제주시 신성로13길 6, None, None
모이라게, 음식점, 제주특별자치도 제주시 광양8길 1-4, None, None
갈비먹기딱좋은날, 음식점, 제주특별자치도 제주시 광양8길 1-2, None, None
모던뽀이, 음식점, 제주특별자치도 제주시 신성로13길 4, None, None
먹주, 음식점, 제주특별자치도 제주시 신성로13길 1, None, None
옛골, 음식점, 제주특별자치도 제주시 광양8길 1-6, None, None
상하이 제주시청점, 음식점, 제주특별자치도 제주시 신성로13길 5, None, None
설구막창 제주시청점, 음식점, 제주특별자치도 제주시 광양8길 1-2, None, None
웅이 떡갈비, 음식점, 제주특별자치도 제주시 신성로13길 5, None, None
삼구포차 제주시청점, 음식점, 제주특별자치도 제주시 광양8길 1-4, None, None
지금보고싶다 제주시청점, 음식점, 제주특별자치도 제주시 광양8길 1-2, None, None
미스터피자 제주중앙점, 음식점, 제주특별자치도 제주시 중앙로 222, None, None
앤티앤스프레즐 제주시청점, 음식점, 제주특별자치도 제주시 중앙로 222, None, None
럭키라운지펍, 음식점, 제주특별자치도 제주시 중앙로 222, None, None
자매정식, 음식점, 제주특별자치도 제주시 서사로19길 21, None, None
수눌음밥상, 음식점, 제주특별자치도 제주시 서광로21길 4-1, None, None
반올림피자샵 제주점, 음식점, 제주특별자치도 제주시 서광로21길 24, None, None
만타스시31 삼도점, 음식점, 제주특별자치도 제주시 서사로17길 3, None, None
꼬꼬앤쿡, 음식점, 제주특별자치도 제주시 서광로 223, None, None
해장이랑국수, 음식점, 제주특별자치도 제주시 서사로17길 1, None, None
무지개맥주 제주서사라점, 음식점, 제주특별자치도 제주시 서광로 221, None, None
이춘봉치킨 제주1호점, 음식점, 제주특별자치도 제주시 서사로17길 25, None, None
타코박스 구제주점, 음식점, 제주특별자치도 제주시 서사로19길 4, None, None
돌체라이브클럽, 음식점, 제주특별자치도 제주시 서사로 113, None, None
임사부국밥 구제주점, 음식점, 제주특별자치도 제주시 홍랑길 2, None, None
곤드레밥상 (휴업중), 음식점, 제주특별자치도 제주시 서광로 265, None, None
이노찌, 음식점, 제주특별자치도 제주시 전농로 77, None, None
미화식탁, 음식점, 제주특별자치도 제주시 전농로 75-1, None, None
명단, 음식점, 제주특별자치도 제주시 전농로 73-1, None, None
소소, 음식점, 제주특별자치도 제주시 서광로19길 34, None, None
파라디소, 음식점, 제주특별자치도 제주시 전농로 75-1, None, None
네가지맛삼겹살사돈, 음식점, 제주특별자치도 제주시 서사로 103-1, None, None
뚱지, 음식점, 제주특별자치도 제주시 서사로 101, None, None
꽃길, 음식점, 제주특별자치도 제주시 서광로25길 60, None, None
봉수아피자 구제주2호점, 음식점, 제주특별자치도 제주시 서사로 95, None, None
제주맘순두부전문점 삼도점, 음식점, 제주특별자치도 제주시 전농로 82, None, None
야미브라운, 음식점, 제주특별자치도 제주시 서사로13길 1-1, None, None
곱은달, 음식점, 제주특별자치도 제주시 전농로 73-1, None, None
인연, 음식점, 제주특별자치도 제주시 서사로 97, None, None
원더샌드위치, 음식점, 제주특별자치도 제주시 전농로 109, None, None
쿸쿸제과, 음식점, 제주특별자치도 제주시 전농로 96, None, None
연수감자탕, 음식점, 제주특별자치도 제주시 전농로 103-1, None, None
마퐁떡볶이 구제주점, 음식점, 제주특별자치도 제주시 전농로 99-1, None, None
루샹, 음식점, 제주특별자치도 제주시 서광로29길 14, None, None
이츠버거, 음식점, 제주특별자치도 제주시 서광로29길 8, None, None
파리바게뜨 제주광양점, 음식점, 제주특별자치도 제주시 서광로 281, None, None
짜투리숯불구이, 음식점, 제주특별자치도 제주시 서광로29길 8, 0, 0.0
서희원꼬지닷컴 제주삼성점, 음식점, 제주특별자치도 제주시 서광로29길 21, 2, 5.0
SM아이스크림할인점, 음식점, 제주특별자치도 제주시 서광로29길 26, 0, 0.0
광양물통, 음식점, 제주특별자치도 제주시 광양6길 10, 0, 0.0
하루정식, 음식점, 제주특별자치도 제주시 서광로29길 8, 0, 0.0
니꼬내꼬, 음식점, 제주특별자치도 제주시 광양4길 7, 1, 5.0
주점주호프, 음식점, 제주특별자치도 제주시 서광로29길 22, 0, 0.0
줌마포장마차, 음식점, 제주특별자치도 제주시 광양4길 8, 1, 5.0
제복일식, 음식점, 제주특별자치도 제주시 서광로29길 3, 1, 3.0
옛날옛적에, 음식점, 제주특별자치도 제주시 광양2길 17, 0, 0.0
유진제주, 음식점, 제주특별자치도 제주시 서광로 288, 0, 0.0
왕대박왕소금구이, 음식점, 제주특별자치도 제주시 서광로32길 1, 14, 3.9
용우동 제주시청점, 음식점, 제주특별자치도 제주시 서광로 292-1, 9, 1.2
라꼬라꼬, 음식점, 제주특별자치도 제주시 중앙로 202, 2, 5.0
긴따로정식, 음식점, 제주특별자치도 제주시 광양6길 8, 0, 0.0
디, 음식점, 제주특별자치도 제주시 서광로 300-1, 0, 0.0
해바라기분식, 음식점, 제주특별자치도 제주시 중앙로 214, 17, 3.4
서문떡볶이 시청점, 음식점, 제주특별자치도 제주시 광양8길 2, 39, 3.9
던킨 제주시청, 음식점, 제주특별자치도 제주시 중앙로 216, 8, 4.1
역전할머니맥주 제주시청점, 음식점, 제주특별자치도 제주시 광양8길 4, 4, 1.8
크라운호프 제주시청점, 음식점, 제주특별자치도 제주시 광양8길 4, 1, 1.0
호봉토스트 시청점, 음식점, 제주특별자치도 제주시 중앙로 205, 0, 0.0
유니네돼지갈비, 음식점, 제주특별자치도 제주시 광양8길 4, 0, 0.0
럭키컴퍼니, 음식점, 제주특별자치도 제주시 중앙로 205, 0, 0.0
에스유바, 음식점, 제주특별자치도 제주시 광양8길 2, 0, 0.0
광안국밥 구제주점, 음식점, 제주특별자치도 제주시 광양6길 2, 7, 3.0
삼도제과, 음식점, 제주특별자치도 제주시 중앙로 196, 7, 4.3
해성해장국, 음식점, 제주특별자치도 제주시 중앙로 195-5, 0, 0.0
싸움의고수 제주시청점, 음식점, 제주특별자치도 제주시 중앙로 201, 4, 2.0
연숙식당, 음식점, 제주특별자치도 제주시 동광로1길 19, 2, 3.0
신짱식당, 음식점, 제주특별자치도 제주시 중앙로 197, 1, 5.0
성동식당, 음식점, 제주특별자치도 제주시 광양2길 7, 0, 0.0
텅꼬치 광양점, 음식점, 제주특별자치도 제주시 중앙로 195, 0, 0.0
원담, 음식점, 제주특별자치도 제주시 동광로1길 13, 90, 4.0
돼지구이연구소, 음식점, 제주특별자치도 제주시 동광로1길 6, 47, 4.7
승주편의분식, 음식점, 제주특별자치도 제주시 동광로1길 3, 1, 5.0
함경면옥, 음식점, 제주특별자치도 제주시 광양2길 33, 11, 2.9
돈까스마을, 음식점, 제주특별자치도 제주시 서광로29길 36, 18, 4.5
파스타입니다 제주시청점, 음식점, 제주특별자치도 제주시 중앙로 180-1, 4, 3.0
밥방울, 음식점, 제주특별자치도 제주시 중앙로 163-1, 12, 4.8
광양고가네, 음식점, 제주특별자치도 제주시 광양2길 35, 2, 4.5
우리코코, 음식점, 제주특별자치도 제주시 서광로29길 36, 0, 0.0
초롱분식, 음식점, 제주특별자치도 제주시 서광로29길 34-2, 0, 0.0
광양고을빈대떡, 음식점, 제주특별자치도 제주시 중앙로 180-1, 0, 0.0
최고의밥상, 음식점, 제주특별자치도 제주시 서광로29길 36, 0, 0.0
미라이, 음식점, 제주특별자치도 제주시 전농로 113, 0, 0.0
감초식당, 음식점, 제주특별자치도 제주시 동광로1길 32, 42, 3.5
맛나식당, 음식점, 제주특별자치도 제주시 동광로1길 32, 8, 3.0
통큰순대집, 음식점, 제주특별자치도 제주시 동광로1길 32, 8, 3.9
나주닭집, 음식점, 제주특별자치도 제주시 동광로1길 32, 4, 4.3
금선수, 음식점, 제주특별자치도 제주시 동광로1길 21, 2, 5.0
돈만석, 음식점, 제주특별자치도 제주시 동광로1길 27, 2, 5.0
양순이네순대국밥, 음식점, 제주특별자치도 제주시 동광로1길 32, 2, 3.0
현옥이네, 음식점, 제주특별자치도 제주시 동광로1길 32, 1, 5.0
동화네동태찌게, 음식점, 제주특별자치도 제주시 광양1길 20, 2, 3.0
제주토속, 음식점, 제주특별자치도 제주시 동광로1길 31, 2, 5.0
중앙닭집, 음식점, 제주특별자치도 제주시 동광로1길 32, 1, 1.0
보성빵집, 음식점, 제주특별자치도 제주시 동광로1길 28-1, 1, 5.0
황소식당, 음식점, 제주특별자치도 제주시 동광로1길 32, 0, 0.0
미정이네, 음식점, 제주특별자치도 제주시 동광로1길 22, 4, 5.0
탐나오메기떡, 음식점, 제주특별자치도 제주시 광양1길 18, 1, 1.0
만두여행, 음식점, 제주특별자치도 제주시 동광로1길 22, 0, 0.0
까투리 광양점, 음식점, 제주특별자치도 제주시 중앙로 184, 0, 0.0
하영순대, 음식점, 제주특별자치도 제주시 동광로1길 32, 4, 4.8
청해진, 음식점, 제주특별자치도 제주시 광양1길 20, 0, 0.0
민영식당, 음식점, 제주특별자치도 제주시 동광로1길 28-1, 3, 5.0
치킨마차, 음식점, 제주특별자치도 제주시 동광로1길 30, 1, 5.0
세기식당, 음식점, 제주특별자치도 제주시 동광로1길 32, 3, 4.7
옥성식당, 음식점, 제주특별자치도 제주시 동광로1길 32, 3, 4.7
개미식당, 음식점, 제주특별자치도 제주시 중앙로 183, 8, 3.6
운성분식, 음식점, 제주특별자치도 제주시 동광로1길 31, 3, 5.0
장원닭집, 음식점, 제주특별자치도 제주시 동광로1길 32, 1, 4.0
우리동네고기, 음식점, 제주특별자치도 제주시 동광로1길 32, 0, 0.0
한소낭, 음식점, 제주특별자치도 제주시 동광로1길 28, 6, 3.0
대학로순대, 음식점, 제주특별자치도 제주시 동광로1길 32, 1, 4.0
통큰두마리찜닭 제주이도1동점, 음식점, 제주특별자치도 제주시 동광로1길 22, 0, 0.0
정든마차, 음식점, 제주특별자치도 제주시 동광로1길 31, 0, 0.0
송미식당, 음식점, 제주특별자치도 제주시 동광로1길 32, 0, 0.0
가경식당, 음식점, 제주특별자치도 제주시 광양1길 20, 0, 0.0
텐더로인, 음식점, 제주특별자치도 제주시 서사로11길 16, 6, 5.0
삼도제주보쌈, 음식점, 제주특별자치도 제주시 중앙로24길 24, 4, 4.0
이서림, 음식점, 제주특별자치도 제주시 중앙로24길 4, 7, 4.1
산전수전, 음식점, 제주특별자치도 제주시 중앙로24길 20, 1, 5.0
학고재, 음식점, 제주특별자치도 제주시 남성로26길 37, 6, 3.0
고기나라 야채나라, 음식점, 제주특별자치도 제주시 중앙로24길 23, 0, 0.0
신비국수국밥, 음식점, 제주특별자치도 제주시 중앙로24길 22, 5, 5.0
종스브레드, 음식점, 제주특별자치도 제주시 중앙로 128-1, 7, 4.0
명가동태탕, 음식점, 제주특별자치도 제주시 남성로26길 46, 4, 3.5
어멍밥집, 음식점, 제주특별자치도 제주시 중앙로24길 18, 0, 0.0
청춘마차, 음식점, 제주특별자치도 제주시 중앙로24길 13, 2, 5.0
백합식당, 음식점, 제주특별자치도 제주시 중앙로24길 3, 1, 5.0
오렌지꼬치구이삼도점, 음식점, 제주특별자치도 제주시 중앙로 130, 0, 0.0
한중원, 음식점, 제주특별자치도 제주시 중앙로24길 20, 0, 0.0
만두나라, 음식점, 제주특별자치도 제주시 중앙로 132, 2, 1.0
닭짱 삼도용담점, 음식점, 제주특별자치도 제주시 중앙로 134, 0, 0.0
명품베이커리, 음식점, 제주특별자치도 제주시 중앙로 128-1, 0, 0.0
남문 숯불바베큐&치킨 본점, 음식점, 제주특별자치도 제주시 중앙로 118-1, 7, 3.7
시민골, 음식점, 제주특별자치도 제주시 중앙로21길 6, 10, 4.6
남문갈비, 음식점, 제주특별자치도 제주시 중앙로21길 2, 2, 5.0
돈소금, 음식점, 제주특별자치도 제주시 고전길 19, 4, 5.0
박가네닭한마리칼국수, 음식점, 제주특별자치도 제주시 중앙로21길 6, 0, 0.0
스페셜 삼도점, 음식점, 제주특별자치도 제주시 고전길 31, 0, 0.0
시민야식당, 음식점, 제주특별자치도 제주시 중앙로 117-1, 0, 0.0
박가네술단지, 음식점, 제주특별자치도 제주시 중앙로21길 6, 0, 0.0
대광식당, 음식점, 제주특별자치도 제주시 중앙로23길 9, 34, 3.1
태선갈비, 음식점, 제주특별자치도 제주시 중앙로23길 2, 31, 3.9
원조호수아구찜, 음식점, 제주특별자치도 제주시 중앙로 137-2, 4, 2.5
누리마씸, 음식점, 제주특별자치도 제주시 중앙로23길 20, 4, 5.0
장어나라, 음식점, 제주특별자치도 제주시 중앙로 133, 3, 3.0
밥심, 음식점, 제주특별자치도 제주시 중앙로 148, 0, 0.0
까투리 시민점, 음식점, 제주특별자치도 제주시 중앙로 137, 0, 0.0
향기마라탕오리전문점, 음식점, 제주특별자치도 제주시 중앙로 140, 2, 3.0
꼬치파티, 음식점, 제주특별자치도 제주시 중앙로 135, 0, 0.0
델리, 음식점, 제주특별자치도 제주시 중앙로 151, 0, 0.0
한강수식당, 음식점, 제주특별자치도 제주시 중앙로 131-2, 1, 5.0
미르오메기떡, 음식점, 제주특별자치도 제주시 삼성로 25, 76, 4.5
미미국수, 음식점, 제주특별자치도 제주시 삼성로 39, 26, 4.1
보현칼국수, 음식점, 제주특별자치도 제주시 삼성로 23, 6, 5.0
마녀김밥도시락, 음식점, 제주특별자치도 제주시 오현길 16, 1, 5.0
은지농수산오메기떡, 음식점, 제주특별자치도 제주시 삼성로 26, 0, 0.0
호두파이가 맛있는집, 음식점, 제주특별자치도 제주시 오현길 10, 4, 4.8
용대리명태찜, 음식점, 제주특별자치도 제주시 오현길 2, 0, 0.0
연이네식당, 음식점, 제주특별자치도 제주시 오현길 4, 1, 5.0
엄마와치킨, 음식점, 제주특별자치도 제주시 오현길 9, 0, 0.0
견우와직녀, 음식점, 제주특별자치도 제주시 오현길 4, 0, 0.0
호텔하니크라운 구내, 음식점, 제주특별자치도 제주시 삼성로 10, 0, 0.0
순미식당, 음식점, 제주특별자치도 제주시 고전길 20, 5, 4.8
꼬부기마카롱, 음식점, 제주특별자치도 제주시 오현길 35, 1, 5.0
보금식당, 음식점, 제주특별자치도 제주시 삼성로1길 35, 0, 0.0
섬마당갈비, 음식점, 제주특별자치도 제주시 신산로8길 40, 4, 5.0
미소리사, 음식점, 제주특별자치도 제주시 신산로8길 35, 0, 0.0
남수각수산회포장, 음식점, 제주특별자치도 제주시 삼성로5길 13-36, 0, 0.0
일락, 음식점, 제주특별자치도 제주시 독짓골4길 11, 14, 4.9
네네치킨 도남점, 음식점, 제주특별자치도 제주시 독짓골4길 11, 2, 3.0
김여사문어찜, 음식점, 제주특별자치도 제주시 독짓골6길 13, 2, 5.0
확끌리네, 음식점, 제주특별자치도 제주시 도남로15길 18, 0, 0.0
김밥의여왕, 음식점, 제주특별자치도 제주시 연삼로 350, 0, 0.0
라브뉴, 음식점, 제주특별자치도 제주시 연삼로 352, 0, 0.0
누룽지식당, 음식점, 제주특별자치도 제주시 고산동산6길 15-1, 0, 0.0
삼치회사랑, 음식점, 제주특별자치도 제주시 연삼로 355, 10, 5.0
그랜마스 이도점, 음식점, 제주특별자치도 제주시 신성로12길 38, 3, 3.7
1980부대찌개, 음식점, 제주특별자치도 제주시 신성로12길 38, 0, 0.0
나누다키친 제주점, 음식점, 제주특별자치도 제주시 신성로12길 38, 0, 0.0
땡초김밥싱싱왕만두 이도점, 음식점, 제주특별자치도 제주시 중앙로 298, 19, 4.1
법원골, 음식점, 제주특별자치도 제주시 남광북1길 3, 2, 5.0
대굴대굴굴구이 법원점, 음식점, 제주특별자치도 제주시 오복2길 17, 10, 4.3
유생식당, 음식점, 제주특별자치도 제주시 남광북5길 25, 9, 4.8
일출바당, 음식점, 제주특별자치도 제주시 남광북3길 14, 3, 3.3
향나무집, 음식점, 제주특별자치도 제주시 오복4길 26, 4, 3.8
짬뽕의신, 음식점, 제주특별자치도 제주시 오복2길 13, 7, 2.7
동해식당, 음식점, 제주특별자치도 제주시 남광북3길 16, 1, 5.0
강호식당, 음식점, 제주특별자치도 제주시 남광북3길 16, 0, 0.0
등마식당, 음식점, 제주특별자치도 제주시 남광북3길 18, 6, 5.0
제주지방검찰청 구내식당, 음식점, 제주특별자치도 제주시 남광북5길 3, 0, 0.0
소울메이트, 음식점, 제주특별자치도 제주시 중앙로 318, 0, 0.0
해물다우정, 음식점, 제주특별자치도 제주시 고산동산2길 9, 14, 4.1
절대만족, 음식점, 제주특별자치도 제주시 신성로10길 9, 0, 0.0
만두사랑, 음식점, 제주특별자치도 제주시 신성로10길 9, 4, 5.0
행복한 치킨, 음식점, 제주특별자치도 제주시 신성로10길 7-2, 0, 0.0
청담곱떡, 음식점, 제주특별자치도 제주시 신성로12길 17, 0, 0.0
백년손님, 음식점, 제주특별자치도 제주시 중앙로 270-1, 4, 5.0
동아리 이도아람점, 음식점, 제주특별자치도 제주시 중앙로 270-5, 2, 1.0
라꼬라꼬, 음식점, 제주특별자치도 제주시 중앙로 266, 0, 0.0
써브웨이 제주시청점, 음식점, 제주특별자치도 제주시 중앙로 252, 23, 2.5
면사랑, 음식점, 제주특별자치도 제주시 신성로 109, 12, 5.0
마왕족발 제주시청점, 음식점, 제주특별자치도 제주시 신성로 109-1, 8, 4.8
만취, 음식점, 제주특별자치도 제주시 신성로14길 2, 5, 5.0
밥앤펍, 음식점, 제주특별자치도 제주시 신성로 110, 0, 0.0
별미집 구제주점, 음식점, 제주특별자치도 제주시 중앙로 253, 11, 4.6
맛쟁이, 음식점, 제주특별자치도 제주시 고산동산2길 6, 1, 5.0
명원가오메기떡, 음식점, 제주특별자치도 제주시 중앙로 280, 19, 4.7
맥도날드 제주시청DT점, 음식점, 제주특별자치도 제주시 중앙로 277, 30, 3.3
마지막해녀, 음식점, 제주특별자치도 제주시 고산동산5길 3-4, 13, 4.6
고산동산, 음식점, 제주특별자치도 제주시 고산동산5길 18, 0, 0.0
제주본토박이감자탕, 음식점, 제주특별자치도 제주시 오복1길 14-1, 12, 4.6
김밥천국 제주시청본점, 음식점, 제주특별자치도 제주시 중앙로 278, 19, 3.5
뚜레쥬르 제주이도이동점, 음식점, 제주특별자치도 제주시 중앙로 273, 6, 4.7
조실장회센터, 음식점, 제주특별자치도 제주시 고산동산6길 4, 8, 5.0
별미맛동태, 음식점, 제주특별자치도 제주시 중앙로 275-1, 3, 4.3
달콤한닭강정 제주지사, 음식점, 제주특별자치도 제주시 연삼로 395, 9, 3.8
이도제빵소, 음식점, 제주특별자치도 제주시 고산동산5길 18, 12, 4.6
신반점 제주점, 음식점, 제주특별자치도 제주시 오복1길 8, 12, 4.3
어멍보쌈, 음식점, 제주특별자치도 제주시 고산동산3길 8, 0, 0.0
웃뜨르식당, 음식점, 제주특별자치도 제주시 중앙로 281, 2, 3.0
꽁지식당, 음식점, 제주특별자치도 제주시 고산동산5길 6, 4, 4.0
소담한, 음식점, 제주특별자치도 제주시 가령로4길 14, 1, 5.0
빵위에치츠 구제주점, 음식점, 제주특별자치도 제주시 오복1길 4, 0, 0.0
랜돌프비어 시청점, 음식점, 제주특별자치도 제주시 신성로13길 27, 5, 4.6
시청골목집, 음식점, 제주특별자치도 제주시 서광로32길 39-3, 9, 4.4
지노BAR, 음식점, 제주특별자치도 제주시 신성로13길 30, 0, 0.0
고씨회관, 음식점, 제주특별자치도 제주시 신성로13길 30, 1, 5.0
기본집, 음식점, 제주특별자치도 제주시 신성로13길 30, 0, 0.0
김밥천국 광양대학로점, 음식점, 제주특별자치도 제주시 광양14길 1, 14, 2.7
대학로고전떡볶이, 음식점, 제주특별자치도 제주시 광양14길 3, 10, 2.9
오봉집 제주이도점, 음식점, 제주특별자치도 제주시 광양14길 4, 10, 3.7
왕가탕후루, 음식점, 제주특별자치도 제주시 중앙로 240, 4, 4.3
미스터 와우 시청점, 음식점, 제주특별자치도 제주시 중앙로 238, 0, 0.0
더빠, 음식점, 제주특별자치도 제주시 중앙로 238, 0, 0.0
수상한집, 음식점, 제주특별자치도 제주시 중앙로 236, 0, 0.0
오빠바, 음식점, 제주특별자치도 제주시 중앙로 243, 0, 0.0
옵서예몸국, 음식점, 제주특별자치도 제주시 동고산로 12, 52, 4.8
낭푼이 닭한마리, 음식점, 제주특별자치도 제주시 광양13길 6-4, 8, 4.5
풍채, 음식점, 제주특별자치도 제주시 광양13길 6-5, 4, 3.8
만경, 음식점, 제주특별자치도 제주시 광양13길 6-2, 6, 4.8
오늘은막창먹자, 음식점, 제주특별자치도 제주시 동고산로 11, 8, 5.0
여술, 음식점, 제주특별자치도 제주시 광양13길 16-18, 3, 5.0
무궁화호프, 음식점, 제주특별자치도 제주시 동고산로 4, 1, 5.0
라스또르따스, 음식점, 제주특별자치도 제주시 광양11길 8-1, 109, 4.7
교촌치킨 제주시청점, 음식점, 제주특별자치도 제주시 광양13길 3, 15, 3.1
토근식당, 음식점, 제주특별자치도 제주시 광양13길 5, 4, 4.5
와플과용가리, 음식점, 제주특별자치도 제주시 중앙로 234, 8, 5.0
인디, 음식점, 제주특별자치도 제주시 광양11길 10, 2, 5.0
치킨팜, 음식점, 제주특별자치도 제주시 광양13길 7-1, 0, 0.0
솔지식당 시청점, 음식점, 제주특별자치도 제주시 광양13길 14, 47, 4.1
포동정식 시청점, 음식점, 제주특별자치도 제주시 광양11길 20, 25, 4.1
부지깽이, 음식점, 제주특별자치도 제주시 광양13길 11-2, 27, 4.4
윤칼국수, 음식점, 제주특별자치도 제주시 광양11길 22, 21, 4.7
접시고기 제주점, 음식점, 제주특별자치도 제주시 광양13길 18, 13, 5.0
왕비돈까스 제주시청점, 음식점, 제주특별자치도 제주시 광양13길 9, 6, 3.2
광양왕소금깡통구이, 음식점, 제주특별자치도 제주시 광양13길 13, 9, 5.0
세븐스타시티홀누들스테이션, 음식점, 제주특별자치도 제주시 광양13길 22, 27, 4.7
양푼이, 음식점, 제주특별자치도 제주시 광양13길 10-2, 7, 4.6
팍차이나, 음식점, 제주특별자치도 제주시 광양13길 11, 0, 0.0
구우니찜닭, 음식점, 제주특별자치도 제주시 광양13길 18, 0, 0.0
영미포차, 음식점, 제주특별자치도 제주시 광양13길 9-1, 0, 0.0
더갈비제주, 음식점, 제주특별자치도 제주시 광양11길 18-1, 0, 0.0
만재굴해장국, 음식점, 제주특별자치도 제주시 광양11길 18-1, 0, 0.0
바밤바, 음식점, 제주특별자치도 제주시 광양11길 10-1, 0, 0.0
닭강정앤술포차, 음식점, 제주특별자치도 제주시 광양13길 14, 5, 5.0
나르샤, 음식점, 제주특별자치도 제주시 광양13길 8, 0, 0.0
마므레, 음식점, 제주특별자치도 제주시 광양13길 14, 0, 0.0
김치랑돔베랑, 음식점, 제주특별자치도 제주시 광양11길 14, 0, 0.0
광양해장국집, 음식점, 제주특별자치도 제주시 광양13길 25, 16, 3.9
효동각, 음식점, 제주특별자치도 제주시 동광로6길 31, 12, 4.8
탁탁, 음식점, 제주특별자치도 제주시 동광로6길 29-1, 3, 5.0
산에들에오리, 음식점, 제주특별자치도 제주시 동광로6길 28, 6, 3.2
찜이랑 시청점, 음식점, 제주특별자치도 제주시 동광로6길 31, 2, 4.5
선봉식당, 음식점, 제주특별자치도 제주시 동고산로 16, 3, 4.7
시루원 오메기떡, 음식점, 제주특별자치도 제주시 오복3길 30, 3, 5.0
테트리스찜닭 구제주점, 음식점, 제주특별자치도 제주시 동고산로 27, 1, 5.0
피자클래스, 음식점, 제주특별자치도 제주시 동고산로 22, 1, 5.0
돼지부엌, 음식점, 제주특별자치도 제주시 광양13길 26, 3, 5.0
울돌목광양, 음식점, 제주특별자치도 제주시 광양13길 24, 2, 5.0
하나떡집, 음식점, 제주특별자치도 제주시 광양13길 22, 0, 0.0
곱전, 음식점, 제주특별자치도 제주시 동광로8길 35-12, 0, 0.0
스페샬 동광점, 음식점, 제주특별자치도 제주시 동광로6길 35, 0, 0.0
혼참치, 음식점, 제주특별자치도 제주시 오복4길 3, 10, 4.0
폭풍장어 이도점, 음식점, 제주특별자치도 제주시 연삼로 428, 5, 4.4
탐라정물회, 음식점, 제주특별자치도 제주시 오복4길 11, 4, 3.8
어부도, 음식점, 제주특별자치도 제주시 남광북1길 37, 15, 4.7
순이네, 음식점, 제주특별자치도 제주시 오복4길 8, 14, 4.4
모닥치기 2호점, 음식점, 제주특별자치도 제주시 연삼로 412, 2, 5.0
BBQ 제주남광점, 음식점, 제주특별자치도 제주시 오복4길 14, 6, 4.0
고보배국밥, 음식점, 제주특별자치도 제주시 남광북3길 24, 13, 4.2
산천초목 약선오리요리전문, 음식점, 제주특별자치도 제주시 오복6길 8, 3, 5.0
해담은, 음식점, 제주특별자치도 제주시 남광북1길 41, 6, 5.0
이도아구찜, 음식점, 제주특별자치도 제주시 남광북1길 31-1, 8, 4.0
신수성해장국, 음식점, 제주특별자치도 제주시 남광북1길 39, 5, 5.0
대왕민물장어, 음식점, 제주특별자치도 제주시 남광북1길 32-1, 3, 5.0
돈화로, 음식점, 제주특별자치도 제주시 남광북1길 31, 5, 4.2
쿠이데식당, 음식점, 제주특별자치도 제주시 오복4길 5, 8, 3.6
간이역 법원역점, 음식점, 제주특별자치도 제주시 남광북3길 30, 2, 3.0
왕부뚜막, 음식점, 제주특별자치도 제주시 오복4길 9, 1, 1.0
아마추어, 음식점, 제주특별자치도 제주시 연삼로 436, 0, 0.0
에메랄드호텔에이스 구내, 음식점, 제주특별자치도 제주시 오복5길 4, 0, 0.0
꼬치포인트 이도점, 음식점, 제주특별자치도 제주시 고산동산5길 34-1, 0, 0.0
우리용이네식당, 음식점, 제주특별자치도 제주시 남광북1길 11, 0, 0.0
도심속으로, 음식점, 제주특별자치도 제주시 남광북1길 29-1, 1, 5.0
가문잔치, 음식점, 제주특별자치도 제주시 고산동산5길 30, 0, 0.0
골체, 음식점, 제주특별자치도 제주시 연삼로 428, 0, 0.0
작은밥상, 음식점, 제주특별자치도 제주시 승천로 2, 33, 4.6
밀면촌 (휴업중), 음식점, 제주특별자치도 제주시 승천로 15, 32, 4.1
전복만찬, 음식점, 제주특별자치도 제주시 승천로 3, 8, 4.5
육장갈비 제주본점, 음식점, 제주특별자치도 제주시 승천로 2, 7, 2.3
도연이네그집, 음식점, 제주특별자치도 제주시 정든로2길 25, 18, 4.7
청산유황오리, 음식점, 제주특별자치도 제주시 연삼로 438-1, 2, 3.0
피자베이, 음식점, 제주특별자치도 제주시 승천로 11-1, 7, 5.0
최부자, 음식점, 제주특별자치도 제주시 승천로 17, 1, 5.0
돌꼬망쭌포차, 음식점, 제주특별자치도 제주시 오복6길 5, 3, 5.0
우양, 음식점, 제주특별자치도 제주시 남광북1길 43-1, 0, 0.0
떡마을, 음식점, 제주특별자치도 제주시 남광북1길 46, 0, 0.0
부촌해물수제비, 음식점, 제주특별자치도 제주시 오복6길 19, 0, 0.0
돈독, 음식점, 제주특별자치도 제주시 남광북1길 45, 1, 5.0
제주도고기국수만세국수, 음식점, 제주특별자치도 제주시 연삼로 437, 185, 4.4
돈삼겹 이도점, 음식점, 제주특별자치도 제주시 동고산로 48, 4, 4.5
아띠김밥, 음식점, 제주특별자치도 제주시 동고산로 39, 2, 4.5
진원, 음식점, 제주특별자치도 제주시 동고산로 38-7, 4, 5.0
끌림도시락, 음식점, 제주특별자치도 제주시 동고산로 47, 0, 0.0
제주사케촌, 음식점, 제주특별자치도 제주시 가령로 74, 0, 0.0
남춘식당, 음식점, 제주특별자치도 제주시 청귤로 12, 98, 4.3
해원앙, 음식점, 제주특별자치도 제주시 연삼로 457-1, 11, 3.5
휴계농장, 음식점, 제주특별자치도 제주시 청귤로 16, 4, 4.0
평산숯불갈비, 음식점, 제주특별자치도 제주시 정든로2길 14, 10, 4.4
하비마카롱, 음식점, 제주특별자치도 제주시 연삼로 449, 11, 3.6
천지연무태장어, 음식점, 제주특별자치도 제주시 연삼로 461, 5, 4.8
한양관양꼬치, 음식점, 제주특별자치도 제주시 연삼로 450, 11, 4.2
정박사냉면, 음식점, 제주특별자치도 제주시 가령로 73, 8, 2.1
365국밥 제주본점, 음식점, 제주특별자치도 제주시 가령로 71, 12, 4.4
빽풍보쌈&코다리, 음식점, 제주특별자치도 제주시 연삼로 448, 3, 5.0
두둠치밥 제주1호점, 음식점, 제주특별자치도 제주시 연삼로 462, 1, 5.0
마셔블라, 음식점, 제주특별자치도 제주시 연삼로 452, 0, 0.0
본가고가네돈까스, 음식점, 제주특별자치도 제주시 정든로2길 13, 0, 0.0
대구석장연탄구이, 음식점, 제주특별자치도 제주시 청귤로 16, 0, 0.0
유일반점, 음식점, 제주특별자치도 제주시 광양7길 13, 45, 3.2
다미회, 음식점, 제주특별자치도 제주시 동광로2길 9-4, 14, 3.7
시청흑돼지돈삼겹, 음식점, 제주특별자치도 제주시 동광로2길 9-2, 13, 4.8
제주침시술소, 음식점, 제주특별자치도 제주시 동광로 12, 32, 2.6
서오릉다슬기 제주점, 음식점, 제주특별자치도 제주시 광양7길 15, 2, 4.5
부솔, 음식점, 제주특별자치도 제주시 광양7길 18, 8, 4.5
소확행, 음식점, 제주특별자치도 제주시 동광로 12, 9, 4.4
담원, 음식점, 제주특별자치도 제주시 광양7길 16, 2, 5.0
시니어손맛아리랑, 음식점, 제주특별자치도 제주시 동광로2길 7, 1, 5.0
새손갈비, 음식점, 제주특별자치도 제주시 광양7길 7, 2, 5.0
복지식당, 음식점, 제주특별자치도 제주시 광양7길 16, 0, 0.0
옛날장터, 음식점, 제주특별자치도 제주시 동광로2길 11, 0, 0.0
순이국수, 음식점, 제주특별자치도 제주시 동광로2길 7, 4, 3.8
홍자튀김, 음식점, 제주특별자치도 제주시 광양7길 15, 3, 5.0
미순이국수, 음식점, 제주특별자치도 제주시 동광로2길 7, 0, 0.0
한라식당, 음식점, 제주특별자치도 제주시 광양9길 19, 33, 3.9
백가네꽃게, 음식점, 제주특별자치도 제주시 동광로6길 9, 31, 4.4
설농옥 시청점, 음식점, 제주특별자치도 제주시 동광로4길 9-2, 3, 4.7
만성복해장국, 음식점, 제주특별자치도 제주시 동광로6길 14-1, 2, 5.0
새둥지, 음식점, 제주특별자치도 제주시 동광로4길 11, 0, 0.0
오시나국수, 음식점, 제주특별자치도 제주시 동광로6길 9, 6, 4.2
만선복집, 음식점, 제주특별자치도 제주시 동광로6길 14-1, 0, 0.0
또다시영림, 음식점, 제주특별자치도 제주시 동광로6길 14, 0, 0.0
탐라국꾼 시청점, 음식점, 제주특별자치도 제주시 동광로6길 14, 0, 0.0
칭구야한잔하자, 음식점, 제주특별자치도 제주시 동광로6길 13-1, 0, 0.0
24시뼈다귀탕 제주점, 음식점, 제주특별자치도 제주시 동광로 19-1, 10, 3.2
전설의짬뽕, 음식점, 제주특별자치도 제주시 동광로 9, 21, 3.6
이것이국밥이다, 음식점, 제주특별자치도 제주시 동광로5길 1, 0, 0.0
맘스맘치킨피자 본점, 음식점, 제주특별자치도 제주시 돈내길 16, 3, 5.0
광양국수, 음식점, 제주특별자치도 제주시 동광로 21, 4, 5.0
낮과밤, 음식점, 제주특별자치도 제주시 동광로 21, 1, 5.0
평화탑, 음식점, 제주특별자치도 제주시 동광로 19, 0, 0.0
백성원해장국 본점, 음식점, 제주특별자치도 제주시 동광로4길 1, 84, 4.1
산과들비빔밥, 음식점, 제주특별자치도 제주시 동광로6길 3, 5, 4.8
참맛고을, 음식점, 제주특별자치도 제주시 동광로6길 1, 8, 4.6
파프리카 가든, 음식점, 제주특별자치도 제주시 동광로 20, 3, 4.7
꼬꼬반점, 음식점, 제주특별자치도 제주시 광양7길 32, 5, 4.2
부평갈비, 음식점, 제주특별자치도 제주시 동광로6길 7, 1, 5.0
쫑이네닭볶음탕, 음식점, 제주특별자치도 제주시 광양7길 32, 0, 0.0
훈베이커리, 음식점, 제주특별자치도 제주시 동광로 26, 4, 2.3
잇쇼쿠, 음식점, 제주특별자치도 제주시 광양7길 32, 1, 5.0
기리시마, 음식점, 제주특별자치도 제주시 동광로6길 4, 0, 0.0
메로식당, 음식점, 제주특별자치도 제주시 광양13길 34, 14, 4.6
일품, 음식점, 제주특별자치도 제주시 동광로6길 17, 13, 3.4
서울냉면, 음식점, 제주특별자치도 제주시 광양7길 49, 0, 0.0
꼼장어먹으러가자, 음식점, 제주특별자치도 제주시 광양9길 37, 2, 5.0
사계갈비, 음식점, 제주특별자치도 제주시 동광로12길 6, 2, 5.0
제주떡고을, 음식점, 제주특별자치도 제주시 광양7길 34, 4, 4.8
플러스투, 음식점, 제주특별자치도 제주시 광양9길 49, 0, 0.0
돈하루방, 음식점, 제주특별자치도 제주시 동광로5길 32, 31, 4.2
정씨네소몰이, 음식점, 제주특별자치도 제주시 동광로9길 43, 0, 0.0
광주빛고을아귀찜, 음식점, 제주특별자치도 제주시 동광로5길 8, 3, 4.0
카페렌, 음식점, 제주특별자치도 제주시 동광로5길 26, 0, 0.0
2실로와, 음식점, 제주특별자치도 제주시 동광로5길 28, 0, 0.0
미미네빵, 음식점, 제주특별자치도 제주시 동광로 46, 1, 5.0
제주쌀로만, 음식점, 제주특별자치도 제주시 동광로 46, 0, 0.0
피자클럽 제주점, 음식점, 제주특별자치도 제주시 동광로 50, 2, 5.0
노가리앤비어 제주이도1동점, 음식점, 제주특별자치도 제주시 동광로 39, 2, 5.0
사랑의집, 음식점, 제주특별자치도 제주시 동광로9길 12-3, 0, 0.0
골막식당, 음식점, 제주특별자치도 제주시 천수로 12, 145, 3.9
제주미담, 음식점, 제주특별자치도 제주시 가령로 19, 119, 3.6
제주소드래, 음식점, 제주특별자치도 제주시 가령로 1, 27, 3.3
한라산조랑말, 음식점, 제주특별자치도 제주시 가령로 5, 26, 4.5
갯것이식당, 음식점, 제주특별자치도 제주시 가령로 9, 29, 4.3
군산소문난해물칼국수, 음식점, 제주특별자치도 제주시 가령로1길 25, 8, 4.1
산들, 음식점, 제주특별자치도 제주시 신산로 109, 3, 5.0
청어람, 음식점, 제주특별자치도 제주시 가령골2길 23, 3, 3.7
청룡반점, 음식점, 제주특별자치도 제주시 가령로 5-1, 15, 1.9
서은통닭, 음식점, 제주특별자치도 제주시 청귤로1길 20, 4, 5.0
홍콩미각, 음식점, 제주특별자치도 제주시 천수로 11, 17, 3.6
솔바위식당, 음식점, 제주특별자치도 제주시 가령골1길 1, 2, 4.0
푸라닭치킨 제주일도점, 음식점, 제주특별자치도 제주시 청귤로1길 38, 4, 5.0
페리카나 일도점, 음식점, 제주특별자치도 제주시 천수로 25-1, 1, 5.0
올레예촌국수, 음식점, 제주특별자치도 제주시 가령로 46, 5, 4.4
용이네맛집, 음식점, 제주특별자치도 제주시 동광로 88, 3, 4.0
수미돼지집, 음식점, 제주특별자치도 제주시 동광로 77, 1, 5.0
고로케야 (휴업중), 음식점, 제주특별자치도 제주시 가령골2길 13-20, 7, 4.1
양반집, 음식점, 제주특별자치도 제주시 가령로1길 3, 3, 3.3
향래식당, 음식점, 제주특별자치도 제주시 가령로 41, 0, 0.0
다우렁, 음식점, 제주특별자치도 제주시 천수로 4, 0, 0.0
영희네국밥, 음식점, 제주특별자치도 제주시 가령골2길 12, 2, 5.0
닭터고, 음식점, 제주특별자치도 제주시 천수로 6, 0, 0.0
술래포차, 음식점, 제주특별자치도 제주시 동광로13길 1, 0, 0.0
휴가람실내포차, 음식점, 제주특별자치도 제주시 천수로 16, 0, 0.0
국수마당 본점, 음식점, 제주특별자치도 제주시 삼성로 65, 115, 3.7
삼대국수회관 본점, 음식점, 제주특별자치도 제주시 삼성로 41, 187, 3.4
일도국수, 음식점, 제주특별자치도 제주시 삼성로 49, 52, 2.1
동이트는집 본점, 음식점, 제주특별자치도 제주시 신산로 71, 45, 4.7
김정자김밥, 음식점, 제주특별자치도 제주시 신산로 53, 0, 0.0
순백순두부, 음식점, 제주특별자치도 제주시 신산로 79, 12, 4.4
신해바라기 제2호점, 음식점, 제주특별자치도 제주시 신산로 67, 8, 1.4
국수고을, 음식점, 제주특별자치도 제주시 삼성로 63, 6, 2.2
수정횟집, 음식점, 제주특별자치도 제주시 삼성로 47, 6, 5.0
원조동래국밥, 음식점, 제주특별자치도 제주시 신산로 54, 2, 4.0
다니엘스키친, 음식점, 제주특별자치도 제주시 삼성로9길 18-1, 4, 5.0
초우식당, 음식점, 제주특별자치도 제주시 신산로 75-1, 5, 5.0
다랑시국수, 음식점, 제주특별자치도 제주시 신산로 52, 10, 5.0
먹자국수, 음식점, 제주특별자치도 제주시 신산로 63, 0, 0.0
하르방국수, 음식점, 제주특별자치도 제주시 삼성로 69, 4, 5.0
큰언니, 음식점, 제주특별자치도 제주시 삼성로 63, 2, 3.0
온누리베이커리, 음식점, 제주특별자치도 제주시 신산로 63-1, 1, 1.0
알프스호텔 구내식당, 음식점, 제주특별자치도 제주시 신산로 79, 0, 0.0
제주만금국수, 음식점, 제주특별자치도 제주시 삼성로 67, 3, 5.0
본스치킨 제주일도점, 음식점, 제주특별자치도 제주시 신산로 50-1, 2, 3.5
국수탐나, 음식점, 제주특별자치도 제주시 삼성로 67, 1, 5.0
지민이네밥상, 음식점, 제주특별자치도 제주시 신산로 63, 0, 0.0
바비킴, 음식점, 제주특별자치도 제주시 신산로 53, 0, 0.0
어슬렁포장마차, 음식점, 제주특별자치도 제주시 신산로8길 1, 0, 0.0
두근두근고깃집, 음식점, 제주특별자치도 제주시 삼성로11길 3-4, 0, 0.0
명품제주활어, 음식점, 제주특별자치도 제주시 신산로8길 6, 0, 0.0
인화빵집, 음식점, 제주특별자치도 제주시 신산로 89, 7, 3.3
새우리, 음식점, 제주특별자치도 제주시 동광로13길 4, 0, 0.0
꽃가마식당, 음식점, 제주특별자치도 제주시 신산로 97, 3, 3.0
장원옛날보리빵, 음식점, 제주특별자치도 제주시 신산로 91, 4, 2.3
웰빙초원숯불갈비, 음식점, 제주특별자치도 제주시 신산로15길 4, 2, 5.0
소랑길, 음식점, 제주특별자치도 제주시 신산로 83, 1, 5.0
미니식당, 음식점, 제주특별자치도 제주시 신산로11길 6, 0, 0.0
우디집, 음식점, 제주특별자치도 제주시 동광로 97, 10, 4.9
흥부네찐빵, 음식점, 제주특별자치도 제주시 동광로 94, 1, 4.0
으뜸아이스크림할인점 인화점, 음식점, 제주특별자치도 제주시 동광로 97, 0, 0.0
신풍해장국, 음식점, 제주특별자치도 제주시 동광로16길 1, 1, 4.0
더김밥, 음식점, 제주특별자치도 제주시 천수로 27, 12, 4.8
엘리와젬마의 치킨스토리, 음식점, 제주특별자치도 제주시 서광로29길 13, None, None
바라수제버거, 음식점, 제주특별자치도 제주시 서광로29길 8, None, None
다인횟집, 음식점, 제주특별자치도 제주시 서광로29길 3, None, None
나나크메르식당, 음식점, 제주특별자치도 제주시 서광로29길 8, None, None
맘스터치 제주시청점, 음식점, 제주특별자치도 제주시 서광로 298, None, None
에그드랍 제주시청점, 음식점, 제주특별자치도 제주시 서광로 301, None, None
BBQ 제주시청점, 음식점, 제주특별자치도 제주시 서광로 292-1, None, None
노가리앤비어 제주시청점, 음식점, 제주특별자치도 제주시 광양8길 6, None, None
피치랑 구제주점, 음식점, 제주특별자치도 제주시 광양6길 5, None, None
허가네김치찜, 음식점, 제주특별자치도 제주시 중앙로 202, None, None
달소녀주막, 음식점, 제주특별자치도 제주시 광양6길 9, None, None
스시도모다찌 제주점, 음식점, 제주특별자치도 제주시 광양8길 1, None, None
달떡볶이 구제주점, 음식점, 제주특별자치도 제주시 동광로 5, None, None
포메인 제주시청점, 음식점, 제주특별자치도 제주시 서광로 302, None, None
제주텐동, 음식점, 제주특별자치도 제주시 중앙로 214, None, None
소림마라 제주시청점, 음식점, 제주특별자치도 제주시 광양8길 4, None, None
2에프, 음식점, 제주특별자치도 제주시 광양8길 2, None, None
삼거리시장국수 제주시청점, 음식점, 제주특별자치도 제주시 중앙로 205, None, None
마약족발, 음식점, 제주특별자치도 제주시 중앙로 214, None, None
임떡 곱창떡볶이 제주시청점, 음식점, 제주특별자치도 제주시 중앙로 205, None, None
뮤지엄엔, 음식점, 제주특별자치도 제주시 중앙로 214, None, None
김지연케이크, 음식점, 제주특별자치도 제주시 광양6길 2, None, None
주도적, 음식점, 제주특별자치도 제주시 중앙로 195-2, None, None
신이내린닭 제주시청점, 음식점, 제주특별자치도 제주시 광양4길 2, None, None
마라하오 구제주점, 음식점, 제주특별자치도 제주시 광양6길 2, None, None
제주다드림, 음식점, 제주특별자치도 제주시 광양2길 14, None, None
공항흑돼지 시청그때그집, 음식점, 제주특별자치도 제주시 동광로1길 11, None, None
20세기 소년, 음식점, 제주특별자치도 제주시 동광로1길 2, None, None
생각의숲생각의술, 음식점, 제주특별자치도 제주시 동광로 5, None, None
국물닭발집, 음식점, 제주특별자치도 제주시 중앙로 195-2, None, None
옛날홍가네칼국수, 음식점, 제주특별자치도 제주시 전농로 113, None, None
북경반점, 음식점, 제주특별자치도 제주시 전농로 117, None, None
신화정스시 시청점, 음식점, 제주특별자치도 제주시 서광로29길 34-2, None, None
명동찌개마을 제주본점, 음식점, 제주특별자치도 제주시 전농로 113, None, None
리얼안심탕수육앤리얼하노이 제주 이도점, 음식점, 제주특별자치도 제주시 전농로 119, None, None
더후라이팬 제주이도점, 음식점, 제주특별자치도 제주시 전농로 119, None, None
현경식당, 음식점, 제주특별자치도 제주시 동광로1길 32, None, None
맹이네숯불갈비국수, 음식점, 제주특별자치도 제주시 중앙로 189, None, None
흑산도홍어식당, 음식점, 제주특별자치도 제주시 동광로1길 31, None, None
강남식당, 음식점, 제주특별자치도 제주시 동광로1길 32, None, None
보성식당, 음식점, 제주특별자치도 제주시 동광로1길 30, None, None
단밤베이커리, 음식점, 제주특별자치도 제주시 동광로1길 32, None, None
어머니순대, 음식점, 제주특별자치도 제주시 동광로1길 32, None, None
돈까스꼬치네, 음식점, 제주특별자치도 제주시 동광로1길 28, None, None
제주왕족보 제주본점, 음식점, 제주특별자치도 제주시 중앙로24길 26, None, None
진정제주, 음식점, 제주특별자치도 제주시 서사로11길 17, None, None
디디씨치킨 삼도점, 음식점, 제주특별자치도 제주시 중앙로24길 26, None, None
제주돈삼겹 삼도점, 음식점, 제주특별자치도 제주시 남성로26길 34, None, None
갈비일번가, 음식점, 제주특별자치도 제주시 중앙로24길 7, None, None
소백산능이묵밥, 음식점, 제주특별자치도 제주시 중앙로24길 21, None, None
미경이네포차, 음식점, 제주특별자치도 제주시 중앙로24길 19, None, None
오렌지 퓨전꼬치구이 전문점 삼도점, 음식점, 제주특별자치도 제주시 중앙로 130, None, None
대박왕갈비, 음식점, 제주특별자치도 제주시 남성로26길 22, None, None
하몽이네, 음식점, 제주특별자치도 제주시 중앙로21길 4, None, None
라뷰, 음식점, 제주특별자치도 제주시 중앙로 114, None, None
불쿡판다, 음식점, 제주특별자치도 제주시 중앙로21길 6, None, None
30년불멸의닭발, 음식점, 제주특별자치도 제주시 중앙로22길 5, None, None
다솜, 음식점, 제주특별자치도 제주시 중앙로 120, None, None
파라다이스회관, 음식점, 제주특별자치도 제주시 삼성로 9, None, None
제주KAL호텔 사라, 음식점, 제주특별자치도 제주시 중앙로 151, None, None
다소니, 음식점, 제주특별자치도 제주시 고전길 2, None, None
신가네야식, 음식점, 제주특별자치도 제주시 고전길 2-6, None, None
삼성혈분식, 음식점, 제주특별자치도 제주시 오현길 9, None, None
하루엔샐러드, 음식점, 제주특별자치도 제주시 중앙로23길 20, None, None
심향, 음식점, 제주특별자치도 제주시 중앙로 151, None, None
델리카트슨, 음식점, 제주특별자치도 제주시 중앙로 151, None, None
연태만, 음식점, 제주특별자치도 제주시 중앙로21길 10, None, None
시민상회, 음식점, 제주특별자치도 제주시 오현길 38, None, None
엄마의집밥, 음식점, 제주특별자치도 제주시 삼성로5길 20-2, None, None
크앙분식, 음식점, 제주특별자치도 제주시 독짓골4길 11, None, None
플로츠, 음식점, 제주특별자치도 제주시 고산동산6길 11-1, None, None
리틀핑거, 음식점, 제주특별자치도 제주시 신성로10길 36, None, None
아해봐, 음식점, 제주특별자치도 제주시 신성로12길 38, None, None
KFC 제주시청점, 음식점, 제주특별자치도 제주시 중앙로 291, None, None
무공돈까스 제주이도점, 음식점, 제주특별자치도 제주시 남광북1길 1, None, None
도브다이브, 음식점, 제주특별자치도 제주시 구남로7길 15, None, None
동아리꼬치구이 이도뜨래별점, 음식점, 제주특별자치도 제주시 구남로7길 25, None, None
시골길 이도점, 음식점, 제주특별자치도 제주시 오복2길 23, None, None
상하이객잔, 음식점, 제주특별자치도 제주시 오복2길 13, None, None
따라비풍경, 음식점, 제주특별자치도 제주시 오복4길 19-1, None, None
천하대장군, 음식점, 제주특별자치도 제주시 신성로12길 12-1, None, None
청년피자 구제주점, 음식점, 제주특별자치도 제주시 신성로12길 24, None, None
본디국수, 음식점, 제주특별자치도 제주시 중앙로 276, None, None
육십짬뽕, 음식점, 제주특별자치도 제주시 중앙로 270-1, None, None
안뜨레힐스, 음식점, 제주특별자치도 제주시 중앙로 266, None, None
짱돌이와돈순이, 음식점, 제주특별자치도 제주시 신성로14길 16, None, None
행복한족발, 음식점, 제주특별자치도 제주시 신성로 110, None, None
정대36, 음식점, 제주특별자치도 제주시 신성로 110, None, None
단또, 음식점, 제주특별자치도 제주시 신성로13길 32, None, None
시청통닭, 음식점, 제주특별자치도 제주시 중앙로 254, None, None
해피치즈스마일 제주시점, 음식점, 제주특별자치도 제주시 신성로 114, None, None
우인장, 음식점, 제주특별자치도 제주시 신성로 107-1, None, None
드렁킨타이 제주시청점, 음식점, 제주특별자치도 제주시 신성로 109, None, None
트라토리아 스텔라 1010, 음식점, 제주특별자치도 제주시 중앙로 254, None, None
파뷔노파스타바, 음식점, 제주특별자치도 제주시 신성로12길 2, None, None
이디주, 음식점, 제주특별자치도 제주시 신성로14길 5, None, None
플레르엣방, 음식점, 제주특별자치도 제주시 신성로14길 2, None, None
제주나누기, 음식점, 제주특별자치도 제주시 신성로 105, None, None
진경이네국수촌, 음식점, 제주특별자치도 제주시 신성로12길 9, None, None
반월, 음식점, 제주특별자치도 제주시 신성로 105, None, None
제제캐러멜, 음식점, 제주특별자치도 제주시 서광로32길 39, None, None
화방, 음식점, 제주특별자치도 제주시 신성로14길 2, None, None
잇마이피자, 음식점, 제주특별자치도 제주시 중앙로 253, None, None
일품순두부, 음식점, 제주특별자치도 제주시 중앙로 260, None, None
스시앤, 음식점, 제주특별자치도 제주시 고산동산5길 21-1, None, None
블루메베이글, 음식점, 제주특별자치도 제주시 가령로4길 3, None, None
키친요디 2호관, 음식점, 제주특별자치도 제주시 오복1길 23, None, None
청향갈비, 음식점, 제주특별자치도 제주시 중앙로 275-2, None, None
한남동그집 제주이도점, 음식점, 제주특별자치도 제주시 중앙로 281, None, None
부산아지매국밥 제주시청점, 음식점, 제주특별자치도 제주시 오복1길 9, None, None
꾸브라꼬숯불두마리치킨 제주직영점, 음식점, 제주특별자치도 제주시 고산동산5길 19, None, None
만리성 이도점, 음식점, 제주특별자치도 제주시 오복3길 11, None, None
다온정, 음식점, 제주특별자치도 제주시 가령로4길 18, None, None
삼춘네, 음식점, 제주특별자치도 제주시 고산동산5길 17, None, None
길도정식, 음식점, 제주특별자치도 제주시 가령로4길 14, None, None
빵위에치즈 구제주점, 음식점, 제주특별자치도 제주시 오복1길 4, None, None
혼밥대왕 시청점, 음식점, 제주특별자치도 제주시 오복1길 9, None, None
아다미초밥, 음식점, 제주특별자치도 제주시 신성로13길 25, None, None
신마포갈매기 제주시청점, 음식점, 제주특별자치도 제주시 신성로13길 31, None, None
도란포차, 음식점, 제주특별자치도 제주시 신성로13길 30, None, None
할라라운지, 음식점, 제주특별자치도 제주시 신성로13길 28, None, None
한바가지곱창, 음식점, 제주특별자치도 제주시 신성로13길 25, None, None
온유, 음식점, 제주특별자치도 제주시 신성로13길 29, None, None
할라산, 음식점, 제주특별자치도 제주시 신성로13길 27, None, None
오늘무지개 시청점, 음식점, 제주특별자치도 제주시 신성로13길 28-1, None, None
편안식당, 음식점, 제주특별자치도 제주시 신성로13길 27, None, None
그리다앤쿡, 음식점, 제주특별자치도 제주시 신성로 111, None, None
포트컨테이너, 음식점, 제주특별자치도 제주시 중앙로 242, None, None
한끼맛있다 제주시청점, 음식점, 제주특별자치도 제주시 광양14길 2, None, None
샤오바오우육면 제주시청점, 음식점, 제주특별자치도 제주시 광양14길 1, None, None
베리굿닭고기떡꼬치전문점, 음식점, 제주특별자치도 제주시 중앙로 240, None, None
슈에뜨펍, 음식점, 제주특별자치도 제주시 중앙로 236, None, None
국수집마씨, 음식점, 제주특별자치도 제주시 중앙로 238, None, None
고양이부엌 제주시점, 음식점, 제주특별자치도 제주시 중앙로 238, None, None
술판, 음식점, 제주특별자치도 제주시 광양14길 1, None, None
RG바, 음식점, 제주특별자치도 제주시 중앙로 240, None, None
시네마, 음식점, 제주특별자치도 제주시 광양13길 2, None, None
새우동, 음식점, 제주특별자치도 제주시 중앙로 237, None, None
고피자 제주시청점, 음식점, 제주특별자치도 제주시 중앙로 237, None, None
블랙보틀, 음식점, 제주특별자치도 제주시 광양13길 6, None, None
RF, 음식점, 제주특별자치도 제주시 광양13길 2, None, None
도어스, 음식점, 제주특별자치도 제주시 중앙로 237, None, None
홍대개미 제주시청점, 음식점, 제주특별자치도 제주시 중앙로 243, None, None
달맥, 음식점, 제주특별자치도 제주시 광양13길 6-2, None, None
동대문엽기떡볶이 제주시청점, 음식점, 제주특별자치도 제주시 동고산로 3, None, None
카츠야미 제주시청점, 음식점, 제주특별자치도 제주시 동고산로 1, None, None
소이슬라, 음식점, 제주특별자치도 제주시 동고산로 3, None, None
메밀리, 음식점, 제주특별자치도 제주시 고산동산1길 9, None, None
빨간집 본점, 음식점, 제주특별자치도 제주시 광양13길 7, None, None
이자와 제주시청점, 음식점, 제주특별자치도 제주시 중앙로 235, None, None
저팔계마라탕, 음식점, 제주특별자치도 제주시 중앙로 232, None, None
베이스캠프, 음식점, 제주특별자치도 제주시 광양11길 6, None, None
스스럼, 음식점, 제주특별자치도 제주시 광양13길 3, None, None
유로코피자 제주1호점, 음식점, 제주특별자치도 제주시 광양13길 7-1, None, None
모도리, 음식점, 제주특별자치도 제주시 광양13길 7, None, None
에이에이, 음식점, 제주특별자치도 제주시 중앙로 234-1, None, None
주인, 음식점, 제주특별자치도 제주시 광양13길 3, None, None
마모루, 음식점, 제주특별자치도 제주시 광양13길 10-1, None, None
오오야마, 음식점, 제주특별자치도 제주시 광양13길 11, None, None
장가네일품순두부 제주시청점, 음식점, 제주특별자치도 제주시 광양13길 9-1, None, None
대학로황가네 시청점, 음식점, 제주특별자치도 제주시 광양13길 8, None, None
삼이네집, 음식점, 제주특별자치도 제주시 광양11길 14, None, None
고기앞에 모두평등하다, 음식점, 제주특별자치도 제주시 광양11길 18-1, None, None
베이커리우빵, 음식점, 제주특별자치도 제주시 동고산로 34, None, None
심심포차, 음식점, 제주특별자치도 제주시 동고산로 38-2, None, None
색달가든, 음식점, 제주특별자치도 제주시 오복3길 20, None, None
맛조이, 음식점, 제주특별자치도 제주시 동광로6길 27, None, None
정준오리, 음식점, 제주특별자치도 제주시 오복3길 1, None, None
제주오복단, 음식점, 제주특별자치도 제주시 남광북1길 39, None, None
피자헛 제주이도점, 음식점, 제주특별자치도 제주시 연삼로 431, None, None
다옴 전복요리전문점, 음식점, 제주특별자치도 제주시 오복4길 9, None, None
손두부촌, 음식점, 제주특별자치도 제주시 오복4길 9, None, None
토스트카페마리 제주이도점, 음식점, 제주특별자치도 제주시 연삼로 414-1, None, None
돈내코숯불갈비, 음식점, 제주특별자치도 제주시 오복4길 5, None, None
이도온누리식당, 음식점, 제주특별자치도 제주시 남광북1길 32, None, None
민이네김치찌개, 음식점, 제주특별자치도 제주시 남광북1길 38, None, None
갑뽕, 음식점, 제주특별자치도 제주시 오복4길 11, None, None
미스터육, 음식점, 제주특별자치도 제주시 오복4길 6, None, None
꼬추, 음식점, 제주특별자치도 제주시 오복4길 10, None, None
수돈, 음식점, 제주특별자치도 제주시 고산동산5길 30, None, None
서민식당, 음식점, 제주특별자치도 제주시 남광북1길 32-1, None, None
홀리몰리, 음식점, 제주특별자치도 제주시 남광북3길 39, None, None
청년밥상문간 제주점, 음식점, 제주특별자치도 제주시 승천로 7, None, None
무아요리주점, 음식점, 제주특별자치도 제주시 오복6길 5, None, None
7번가피자 제주이도점, 음식점, 제주특별자치도 제주시 남광북3길 50, None, None
비스트로피자 제주1호점, 음식점, 제주특별자치도 제주시 오복6길 15, None, None
라이스나이스 제주본점, 음식점, 제주특별자치도 제주시 승천로 5, None, None
옛날통닭 동광양점, 음식점, 제주특별자치도 제주시 가령로 52, None, None
꼬불집, 음식점, 제주특별자치도 제주시 가령로 61-1, None, None
달아별아, 음식점, 제주특별자치도 제주시 가령로4길 26, None, None
삼다도시락, 음식점, 제주특별자치도 제주시 가령로 61-1, None, None
킹겹살, 음식점, 제주특별자치도 제주시 동고산로 48, None, None
우리집 건강원 삼계탕, 음식점, 제주특별자치도 제주시 동고산로 39, None, None
대춘해장국 시청점, 음식점, 제주특별자치도 제주시 동광로2길 9-1, None, None
제주종가, 음식점, 제주특별자치도 제주시 동광로2길 3, None, None
광양이조찌게집, 음식점, 제주특별자치도 제주시 동광로2길 11, None, None
신춘하추동, 음식점, 제주특별자치도 제주시 광양7길 14, None, None
춘하추동, 음식점, 제주특별자치도 제주시 광양7길 14, None, None
앤젤파스타, 음식점, 제주특별자치도 제주시 동광로2길 3, None, None
어우렁국수, 음식점, 제주특별자치도 제주시 광양9길 23, None, None
괸당네파전, 음식점, 제주특별자치도 제주시 동광로6길 13, None, None
황제갈매기, 음식점, 제주특별자치도 제주시 동광로6길 6, None, None
그디식당, 음식점, 제주특별자치도 제주시 동광로4길 14, None, None
통통식탁, 음식점, 제주특별자치도 제주시 동광로6길 13, None, None
까사, 음식점, 제주특별자치도 제주시 동광로6길 9, None, None
희주, 음식점, 제주특별자치도 제주시 동광로6길 9, None, None
금빛별, 음식점, 제주특별자치도 제주시 광양7길 24, None, None
대원오메기떡, 음식점, 제주특별자치도 제주시 동광로5길 3, None, None
베이커스비, 음식점, 제주특별자치도 제주시 동광로3길 2, None, None
파라바베큐, 음식점, 제주특별자치도 제주시 동광로 19, None, None
야미얌분식, 음식점, 제주특별자치도 제주시 동광로 24, None, None
해수육장, 음식점, 제주특별자치도 제주시 동광로6길 25, None, None
보건식당, 음식점, 제주특별자치도 제주시 동광로6길 19, None, None
주도, 음식점, 제주특별자치도 제주시 광양7길 32-9, None, None
포쉬노쉬, 음식점, 제주특별자치도 제주시 광양9길 31, None, None
본도시락 제주시청점, 음식점, 제주특별자치도 제주시 동광로8길 3, None, None
호산나떡볶이 시청점, 음식점, 제주특별자치도 제주시 동광로12길 6, None, None
제주밀연구회, 음식점, 제주특별자치도 제주시 동광로10길 27, None, None
제주인양, 음식점, 제주특별자치도 제주시 동광로5길 28, None, None
차군찜닭, 음식점, 제주특별자치도 제주시 동광로7길 7, None, None
문빛, 음식점, 제주특별자치도 제주시 동광로5길 20, None, None
국수장터, 음식점, 제주특별자치도 제주시 동광로 50-1, None, None
교동짬뽕 제주, 음식점, 제주특별자치도 제주시 동광로 47, None, None
지코바 시청점, 음식점, 제주특별자치도 제주시 동광로 41, None, None
치킨플러스 제주시청점, 음식점, 제주특별자치도 제주시 동광로 41, None, None
소영베이킹, 음식점, 제주특별자치도 제주시 동광로 46, None, None
알드레항아리수제비, 음식점, 제주특별자치도 제주시 가령로 19, None, None
홍브로돈, 음식점, 제주특별자치도 제주시 청귤로1길 9, None, None
술, 음식점, 제주특별자치도 제주시 동광로 88, None, None
황제정식, 음식점, 제주특별자치도 제주시 천수로 25-1, None, None
제주세원이네, 음식점, 제주특별자치도 제주시 삼성로 69, None, None
왕고모네국수, 음식점, 제주특별자치도 제주시 신산로 77, None, None
뚱이네돈양념구이, 음식점, 제주특별자치도 제주시 신산로8길 11, None, None
사라오메기, 음식점, 제주특별자치도 제주시 삼성로 73, None, None
파파무베이커리, 음식점, 제주특별자치도 제주시 신산로15길 22, None, None
야키토리6126, 음식점, 제주특별자치도 제주시 동광로 97, None, None
키친초이, 음식점, 제주특별자치도 제주시 동광로15길 3, None, None
온담, 음식점, 제주특별자치도 제주시 동광로 94, None, None
도남초등학교, 학교, 제주특별자치도 제주시 도남로8길 22, 0, 0.0
도남초등학교 병설유치원, 어린이집/유치원, 제주특별자치도 제주시 도남로8길 22, 0, 0.0
제주중앙여자중학교, 학교, 제주특별자치도 제주시 서사로11길 8, 1, 0.0
삼성초등학교, 학교, 제주특별자치도 제주시 서광로29길 35, 0, 4.0
광양초등학교, 학교, 제주특별자치도 제주시 돈내길 5, 0, 0.0
동려평생학교, 학교, 제주특별자치도 제주시 광양4길 30-1, 0, 0.0
삼성초등학교 병설유치원, 어린이집/유치원, 제주특별자치도 제주시 서광로29길 35, 0, 0.0
광양초등학교 병설유치원, 어린이집/유치원, 제주특별자치도 제주시 돈내길 5, 0, 0.0
한국경영기술개발원부설제주직업전문학원, 학교, 제주특별자치도 제주시 서사로 81, 0, 1.0
제주동부청소년경찰학교, 학교, 제주특별자치도 제주시 동광로 8, 0, 0.0
제주동여자중학교, 학교, 제주특별자치도 제주시 천수로 24, 2, 0.0
대한불교조계종 보현사, 사찰, 제주특별자치도 제주시 신성로 50, 0, 0.0
대한불교조계종 천룡사, 사찰, 제주특별자치도 제주시 도남로8길 17, 0, 0.0
식재심인당, 사찰, 제주특별자치도 제주시 남성로26길 38, 0, 0.0
보덕사, 사찰, 제주특별자치도 제주시 독짓골8길 26, 0, 0.0
제석사, 사찰, 제주특별자치도 제주시 신성로10길 23, 0, 0.0
선우정사, 사찰, 제주특별자치도 제주시 고산동산5길 21-1, 1, 5.0
광명사, 사찰, 제주특별자치도 제주시 동고산로 8, 0, 0.0
KT제주지사 소극장, 문화시설, 제주특별자치도 제주시 전농로 114, 0, 0.0
겟스페이스, 문화시설, 제주특별자치도 제주시 광양13길 6-3, 0, 5.0
비인, 문화시설, 제주특별자치도 제주시 신산로 82, None, None
골든타워1차아파트, 아파트, 제주특별자치도 제주시 삼오길 21, 25, 0.0
세진아파트, 아파트, 제주특별자치도 제주시 평전2길 5, 88, 0.0
제동해피죤아파트, 아파트, 제주특별자치도 제주시 서사로 92, 55, 0.0
서림아이빌아파트, 아파트, 제주특별자치도 제주시 서사로 96, 16, 0.0
태흥그린피아아파트, 아파트, 제주특별자치도 제주시 평전1길 7, 28, 0.0
화인퍼스트빌아파트, 아파트, 제주특별자치도 제주시 서사로 112, 32, 0.0
서사라세일아파트, 아파트, 제주특별자치도 제주시 평전2길 4, 19, 0.0
덕진온누리아파트, 아파트, 제주특별자치도 제주시 평전길 8, 27, 0.0
삼도세원멤버스아파트, 아파트, 제주특별자치도 제주시 서사로20길 5, 16, 0.0
만진리치빌아파트, 아파트, 제주특별자치도 제주시 서사로14길 2, 19, 0.0
도남해모로리치힐아파트, 아파트, 제주특별자치도 제주시 도남서길 14, 423, 0.0
도남1차e편한세상아파트, 아파트, 제주특별자치도 제주시 오남로 7-13, 467, 0.0
도남리치빌아파트, 아파트, 제주특별자치도 제주시 신성로4길 21, 36, 0.0
한성아파트, 아파트, 제주특별자치도 제주시 도남서길 28, 19, 0.0
성원2차아파트, 아파트, 제주특별자치도 제주시 도남로10길 35-8, 19, 0.0
성원1차아파트, 아파트, 제주특별자치도 제주시 도남로10길 35-10, 19, 0.0
한솔아파트, 아파트, 제주특별자치도 제주시 도남로10길 37, 30, 0.0
도남수선화아파트, 아파트, 제주특별자치도 제주시 도남로13길 12, 48, 0.0
도남시영아파트, 아파트, 제주특별자치도 제주시 도남로 75-6, 65, 0.0
신일아파트, 아파트, 제주특별자치도 제주시 도남로 75-1, 32, 0.0
수선화아파트, 아파트, 제주특별자치도 제주시 도남로 75-3, 49, 0.0
도남남양아파트, 아파트, 제주특별자치도 제주시 도남로12길 16, 47, 0.0
지산19차위더스빌아파트, 아파트, 제주특별자치도 제주시 도남로10길 1-5, 28, 0.0
명보한우리아파트, 아파트, 제주특별자치도 제주시 도남로 79, 34, 0.0
원신아파트, 아파트, 제주특별자치도 제주시 신성로2길 45, 30, 0.0
도남월드하우스아파트, 아파트, 제주특별자치도 제주시 도남로15길 13, 17, 0.0
화인퍼스트빌2차아파트, 아파트, 제주특별자치도 제주시 연삼로 341, 19, 0.0
뜨레모아2차아파트, 아파트, 제주특별자치도 제주시 신성로6길 29-1, 13, 0.0
도남2차e편한세상아파트, 아파트, 제주특별자치도 제주시 서광로22길 32, 193, 0.0
금광아이빌아파트, 아파트, 제주특별자치도 제주시 서광로18길 5-19, 64, 0.0
도남성원3차아파트, 아파트, 제주특별자치도 제주시 신성로4길 2, 49, 0.0
도남일우아파트, 아파트, 제주특별자치도 제주시 신성로4길 7, 49, 0.0
신화위더스빌더샵아파트, 아파트, 제주특별자치도 제주시 신성로 6-1, 29, 0.0
정우에코하우스아파트, 아파트, 제주특별자치도 제주시 서광로18길 5-5, 26, 0.0
신화위더스빌더샵오피스텔, 아파트, 제주특별자치도 제주시 신성로 6-1, 3, 0.0
성환아파트, 아파트, 제주특별자치도 제주시 신성로 91, 84, 0.0
석정시티빌아파트, 아파트, 제주특별자치도 제주시 서광로30길 8, 87, 0.0
극동아파트, 아파트, 제주특별자치도 제주시 광양8길 32, 38, 0.0
송화아파트, 아파트, 제주특별자치도 제주시 서사로23길 52, 19, 0.0
선암아파트, 아파트, 제주특별자치도 제주시 서광로32길 13, 18, 0.0
에코빌리지3아파트, 아파트, 제주특별자치도 제주시 서광로21길 4-6, 69, 0.0
대명2차꿈의고향아파트, 아파트, 제주특별자치도 제주시 서광로19길 4, 91, 0.0
신산스카이빌아파트, 아파트, 제주특별자치도 제주시 전농로 68, 49, 0.0
삼성뜨래별아파트, 아파트, 제주특별자치도 제주시 홍랑길 26-17, 48, 0.0
미듬하나로아파트, 아파트, 제주특별자치도 제주시 중앙로28길 29, 15, 0.0
대명꿈의고향아파트, 아파트, 제주특별자치도 제주시 홍랑길 4-2, 44, 0.0
삼도동아산프라자아파트, 아파트, 제주특별자치도 제주시 홍랑길 44-9, 32, 0.0
한성베르뜨2차아파트, 아파트, 제주특별자치도 제주시 서사로 123, 26, 0.0
아델리안아파트, 아파트, 제주특별자치도 제주시 서광로19길 45, 12, 0.0
동양맨션, 아파트, 제주특별자치도 제주시 홍랑길 20, 18, 0.0
하나아파트, 아파트, 제주특별자치도 제주시 전농로 91, 9, 0.0
레미안빌아파트, 아파트, 제주특별자치도 제주시 서사로 97, 20, 0.0
장원월드컵아파트, 아파트, 제주특별자치도 제주시 서광로29길 25, 181, 0.0
포트빌아파트, 아파트, 제주특별자치도 제주시 중앙로 195-2, 99, 0.0
광양미화아파트, 아파트, 제주특별자치도 제주시 광양4길 22, 75, 0.0
극동오벨리스크아파트, 아파트, 제주특별자치도 제주시 서광로29길 38, 38, 0.0
광양뜨래별아파트, 아파트, 제주특별자치도 제주시 광양6길 25, 37, 0.0
화이트하우스아파트, 아파트, 제주특별자치도 제주시 광양6길 24, 19, 0.0
태광아파트, 아파트, 제주특별자치도 제주시 서광로29길 28, 9, 0.0
해온누리아파트, 아파트, 제주특별자치도 제주시 중앙로24길 2, 18, 0.0
세일파크빌아파트, 아파트, 제주특별자치도 제주시 남성로26길 39, 28, 0.0
동인스파월드빌아파트, 아파트, 제주특별자치도 제주시 중앙로26길 2, 30, 0.0
동인H플러스아파트, 아파트, 제주특별자치도 제주시 남성로26길 41, 19, 0.0
신세계아파트, 아파트, 제주특별자치도 제주시 오현길 9, 131, 0.0
제주일도기산아파트, 아파트, 제주특별자치도 제주시 삼성로5길 9, 98, 0.0
일도캐슬휘닉스아파트, 아파트, 제주특별자치도 제주시 삼성로5길 24, 62, 0.0
다솜아파트, 아파트, 제주특별자치도 제주시 중앙로23길 26, 33, 0.0
극동오벨리스크3차아파트, 아파트, 제주특별자치도 제주시 고전길 5, 72, 0.0
삼성아파트, 아파트, 제주특별자치도 제주시 중앙로21길 28, 18, 0.0
삼성2차미화아파트, 아파트, 제주특별자치도 제주시 오현길 24, 35, 0.0
미화아파트, 아파트, 제주특별자치도 제주시 오현길 21, 19, 0.0
대명삼성혈꿈의고향아파트, 아파트, 제주특별자치도 제주시 삼성로1길 13, 14, 0.0
주일아파트, 아파트, 제주특별자치도 제주시 중앙로23길 27, 16, 0.0
우주도남아파트, 아파트, 제주특별자치도 제주시 독짓골4길 11-6, 49, 0.0
도남성원5차아파트, 아파트, 제주특별자치도 제주시 도남로15길 21, 41, 0.0
대원상록수아파트, 아파트, 제주특별자치도 제주시 독짓골4길 9, 40, 0.0
주공1단지아파트, 아파트, 제주특별자치도 제주시 구남로7길 36, 480, 0.0
도남아델하임아파트, 아파트, 제주특별자치도 제주시 신성로10길 41, 40, 0.0
동남아파트, 아파트, 제주특별자치도 제주시 독짓골8길 4, 44, 0.0
뜨래별3차아파트, 아파트, 제주특별자치도 제주시 고산동산6길 23, 33, 0.0
JNC패밀리4차아파트, 아파트, 제주특별자치도 제주시 연삼로 355, 32, 0.0
덕진웰리브아파트, 아파트, 제주특별자치도 제주시 신성로10길 36, 18, 0.0
하나아파트, 아파트, 제주특별자치도 제주시 남광북1길 3, 16, 0.0
하늘그린주상복합아파트, 아파트, 제주특별자치도 제주시 구남로7길 33, 16, 0.0
부양장미2차아파트, 아파트, 제주특별자치도 제주시 오복2길 27, 59, 0.0
남북아파트, 아파트, 제주특별자치도 제주시 가령로4길 14, 48, 0.0
이도월드하우스아파트, 아파트, 제주특별자치도 제주시 고산동산1길 2, 36, 0.0
세기에코빌아파트, 아파트, 제주특별자치도 제주시 중앙로 274, 99, 0.0
화이트스톤빌아파트, 아파트, 제주특별자치도 제주시 신성로14길 13, 50, 0.0
티에스아파트, 아파트, 제주특별자치도 제주시 중앙로 261-1, 10, 0.0
성신아파트, 아파트, 제주특별자치도 제주시 고산동산3길 15, 9, 0.0
굿모닝아파트, 아파트, 제주특별자치도 제주시 고산동산3길 24, 12, 0.0
고덕하이츠빌라, 아파트, 제주특별자치도 제주시 고산동산5길 21-1, 19, 0.0
메디치아파트, 아파트, 제주특별자치도 제주시 가령로 76, 54, 0.0
이도성원아파트, 아파트, 제주특별자치도 제주시 승천로2길 5, 37, 0.0
하늘그린5차아파트, 아파트, 제주특별자치도 제주시 연삼로 436, 36, 0.0
이도재영샤르빌아파트, 아파트, 제주특별자치도 제주시 고산동산5길 36, 18, 0.0
태성리치빌아파트, 아파트, 제주특별자치도 제주시 가령로 72, 25, 0.0
하늘그린아파트, 아파트, 제주특별자치도 제주시 승천로 6, 18, 0.0
장원스카이팰리스아파트, 아파트, 제주특별자치도 제주시 동광로3길 3, 90, 0.0
태홍누리안2차아파트, 아파트, 제주특별자치도 제주시 동광로9길 6, 44, 0.0
고덕쉐르빌아파트, 아파트, 제주특별자치도 제주시 돈내길 46, 24, 0.0
아산프라자아파트, 아파트, 제주특별자치도 제주시 동광로13길 39, 30, 0.0
위더스빌23차아파트, 아파트, 제주특별자치도 제주시 동광로15길 2, 45, 0.0
대유맨션, 아파트, 제주특별자치도 제주시 신산로15길 28, 16, 0.0
현대아파트, 아파트, 제주특별자치도 제주시 동광로12길 30, 24, 0.0
아이린6차아파트, 아파트, 제주특별자치도 제주시 동광로12길 13, 18, 0.0
길용파크빌라트, 아파트, 제주특별자치도 제주시 동광로 56, 27, 0.0
동인아파트, 아파트, 제주특별자치도 제주시 천수로 21, 34, 0.0
아이린4차아파트, 아파트, 제주특별자치도 제주시 동광로 35, 34, 0.0
이룸해피안아파트, 아파트, 제주특별자치도 제주시 동광로 97, 34, 0.0
한양타워빌아파트, 아파트, 제주특별자치도 제주시 삼성로 73, 19, 0.0
동인미노스빌아파트, 아파트, 제주특별자치도 제주시 가령골길 47, 19, 0.0
청암신산아파트, 아파트, 제주특별자치도 제주시 가령골길 53, 12, 0.0
제이하임, 아파트, 제주특별자치도 제주시 동광로8길 3, 208, 0.0
덕진유니스아파트, 아파트, 제주특별자치도 제주시 도남로10길 35-6, 21, 0.0
청암연립, 아파트, 제주특별자치도 제주시 서광로26길 37, 18, 0.0
개나리아파트, 아파트, 제주특별자치도 제주시 도남로 57, 28, 0.0
신세계아파트 대표회의, 아파트, , None, 0.0
주원라비앙아파트, 아파트, , None, 0.0
