로즈마린, 카페, 제주특별자치도 서귀포시 남성중로 13, 49, 3.3
망고레이 천지연폭포점, 카페, 제주특별자치도 서귀포시 남성중로 2-3, 23, 3.4
서귀샌드, 카페, 제주특별자치도 서귀포시 태평로 347, 36, 4.6
제주길, 카페, 제주특별자치도 서귀포시 서문서로 16-1, 47, 4.6
별빛옥상, 카페, 제주특별자치도 서귀포시 남성로 140, 9, 5.0
엔제리너스 천지연폭포점, 카페, 제주특별자치도 서귀포시 남성중로 2-3, 1, 3.0
클럽아파치, 카페, 제주특별자치도 서귀포시 태평로335번길 7, 0, 1.0
펠릭스, 카페, 제주특별자치도 서귀포시 서홍동 677, 5, 0.0
심심 올레꾼심터, 카페, 제주특별자치도 서귀포시 서홍동 644-12, 0, 0.0
1110 서귀점, 카페, 제주특별자치도 서귀포시 태평로 355, 0, 0.0
천지연카페, 카페, 제주특별자치도 서귀포시 남성중로 2-11, 0, 0.0
청자다방 제주서귀포2호점(오픈예정), 카페, 제주특별자치도 서귀포시 서문로41번길 1, 0, 0.0
서홍정원, 카페, 제주특별자치도 서귀포시 솜반천로55번길 12-8, 71, 4.4
지금여기, 카페, 제주특별자치도 서귀포시 중앙로89번길 14, 5, 4.9
카페커브코너, 카페, 제주특별자치도 서귀포시 홍중로27번길 17, 21, 4.6
서귀포7080라이브카페, 카페, 제주특별자치도 서귀포시 서문로 31, 4, 0.0
오니리크, 카페, 제주특별자치도 서귀포시 홍중로27번길 4, 3, 5.0
콩, 카페, 제주특별자치도 서귀포시 솜반천로 8, 0, 4.5
유동커피, 카페, 제주특별자치도 서귀포시 태평로 406-1, 399, 4.2
메이비, 카페, 제주특별자치도 서귀포시 이중섭로 34, 30, 4.4
우디글레이드, 카페, 제주특별자치도 서귀포시 솔동산로 26-6, 0, 4.9
메치카불라, 카페, 제주특별자치도 서귀포시 솔동산로 7, 27, 5.0
달달한구, 카페, 제주특별자치도 서귀포시 솔동산로10번길 23, 1, 4.5
카페포포, 카페, 제주특별자치도 서귀포시 태평로 394, 0, 5.0
파크관광호텔다방, 카페, 제주특별자치도 서귀포시 천지연로41번길 41, 0, 0.0
다우리식당카페, 카페, 제주특별자치도 서귀포시 칠십리로 38-1, 0, 0.0
하논무인카페, 카페, 제주특별자치도 서귀포시 태평로 398, 0, 0.0
셀라돈, 카페, 제주특별자치도 서귀포시 솔동산로 13, 3, 5.0
산호다방, 카페, 제주특별자치도 서귀포시 부두로 55, 0, 0.0
아트에이치, 카페, 제주특별자치도 서귀포시 태평로 409-10, 0, 0.0
커피J, 카페, 제주특별자치도 서귀포시 부두로 44, 0, 0.0
새벽기차, 카페, 제주특별자치도 서귀포시 솔동산로22번길 11, 0, 0.0
파우자, 카페, 제주특별자치도 서귀포시 칠십리로 123, 15, 4.1
하르비카페, 카페, 제주특별자치도 서귀포시 칠십리로 115, 110, 3.8
땡큐베리카페, 카페, 제주특별자치도 서귀포시 칠십리로 97, 0, 4.6
카페담아, 카페, 제주특별자치도 서귀포시 칠십리로 94-1, 141, 4.4
그라미니, 카페, 제주특별자치도 서귀포시 칠십리로 103, 2, 4.4
그때거기, 카페, 제주특별자치도 서귀포시 칠십리로 137, 2, 3.0
그라시아스, 카페, 제주특별자치도 서귀포시 칠십리로 87, 0, 0.0
오르브아 미어물산, 카페, 제주특별자치도 서귀포시 칠십리로 123, 0, 0.0
라바르, 카페, 제주특별자치도 서귀포시 중앙로 13, 66, 4.4
긍정동커피, 카페, 제주특별자치도 서귀포시 중정로 34, 3, 5.0
그래욜, 카페, 제주특별자치도 서귀포시 태평로371번길 16, 0, 5.0
꽃이피다앤블라썸, 카페, 제주특별자치도 서귀포시 남성로 136, None, None
간세다리족욕카페, 카페, 제주특별자치도 서귀포시 중정로 17-1, None, None
컴포즈커피 태평로점, 카페, 제주특별자치도 서귀포시 태평로 355, None, None
춘배네코히, 카페, 제주특별자치도 서귀포시 태평로 355, None, None
골드카페, 카페, 제주특별자치도 서귀포시 서문로29번길 20, None, None
춘베네코히, 카페, 제주특별자치도 서귀포시 태평로 355, None, None
플레이커피랩, 카페, 제주특별자치도 서귀포시 서문로28번길 2, None, None
유동커피 팩토리, 카페, 제주특별자치도 서귀포시 솜반천로6번길 11, None, None
카페블루하우스 서귀포점, 카페, 제주특별자치도 서귀포시 천지로 51, None, None
버터리아, 카페, 제주특별자치도 서귀포시 일주동로 8712-2, None, None
피카리브, 카페, 제주특별자치도 서귀포시 홍중로27번길 26, None, None
핀핀, 카페, 제주특별자치도 서귀포시 장수로 87, None, None
벌크커피 서귀포시청점, 카페, 제주특별자치도 서귀포시 일주동로 8717, None, None
카페드퍼스트스퀘어, 카페, 제주특별자치도 서귀포시 일주동로 8694, None, None
시청뒤에서, 카페, 제주특별자치도 서귀포시 홍중로 12, None, None
바끄레카페, 카페, 제주특별자치도 서귀포시 중앙로 105, None, None
하늘정원, 카페, 제주특별자치도 서귀포시 일주동로 8718, None, None
카페 준, 카페, 제주특별자치도 서귀포시 솔동산로22번길 15-3, None, None
하얀성, 카페, 제주특별자치도 서귀포시 천지연로 46-1, None, None
소담, 카페, 제주특별자치도 서귀포시 천지연로 46-1, None, None
엔피커피, 카페, 제주특별자치도 서귀포시 천지연로 29, None, None
예성갤러리카페, 카페, 제주특별자치도 서귀포시 태평로 413, None, None
마스터클래식 이중섭점, 카페, 제주특별자치도 서귀포시 태평로 409, None, None
자구리몬들락, 카페, 제주특별자치도 서귀포시 칠십리로 113, None, None
카페봄봄 칠십리점, 카페, 제주특별자치도 서귀포시 칠십리로 109, None, None
4아일랜드, 카페, 제주특별자치도 서귀포시 칠십리로 113, None, None
오버더윈도우, 카페, 제주특별자치도 서귀포시 태평로 379-1, None, None
프립캠프, 카페, 제주특별자치도 서귀포시 태평로 363, None, None
올레카페, 카페, 제주특별자치도 서귀포시 중앙로62번길 18, 0, 0.0
아꼬아, 카페, 제주특별자치도 서귀포시 동부로 7, 3, 4.9
에이바우트커피 올레시장점, 카페, 제주특별자치도 서귀포시 중정로62번길 4, 15, 3.8
파시랑, 카페, 제주특별자치도 서귀포시 태평로 415, 17, 4.5
디저트39 서귀포명동로점, 카페, 제주특별자치도 서귀포시 명동로 20, 8, 5.0
중섭의집, 카페, 제주특별자치도 서귀포시 명동로 26-1, 44, 5.0
유화당, 카페, 제주특별자치도 서귀포시 태평로 409-2, 14, 5.0
청춘역, 카페, 제주특별자치도 서귀포시 이중섭로 31, 2, 3.7
백록다방, 카페, 제주특별자치도 서귀포시 중앙로 38, 0, 0.0
여정다방, 카페, 제주특별자치도 서귀포시 중앙로 41, 0, 0.0
카페랑, 카페, 제주특별자치도 서귀포시 중앙로47번길 4, 0, 0.0
공차 서귀포올레시장점, 카페, 제주특별자치도 서귀포시 중정로62번길 1, 1, 1.5
컴포즈커피 서귀포올레시장점, 카페, 제주특별자치도 서귀포시 중정로 66-1, 0, 3.9
마실디, 카페, 제주특별자치도 서귀포시 중정로73번길 16, 0, 4.5
쉬멍가, 카페, 제주특별자치도 서귀포시 중정로73번길 11, 9, 4.1
올레원, 카페, 제주특별자치도 서귀포시 중앙로54번길 42, 2, 4.0
커피에반하다 서귀포올레시장점, 카페, 제주특별자치도 서귀포시 중정로73번길 8, 1, 0.0
시공간, 카페, 제주특별자치도 서귀포시 중정로61번길 11-1, 3, 0.0
티제이에이치, 카페, 제주특별자치도 서귀포시 중정로 66-1, 0, 0.0
화용다방, 카페, 제주특별자치도 서귀포시 중정로61번길 8-1, 0, 0.0
더벤티 서귀포올레시장점, 카페, 제주특별자치도 서귀포시 중정로91번길 4, 2, 5.0
파파엔도터, 카페, 제주특별자치도 서귀포시 소암로 29, 4, 4.9
채플린, 카페, 제주특별자치도 서귀포시 태평로431번길 31, 3, 0.0
카페272, 카페, 제주특별자치도 서귀포시 중정로91번길 7, 2, 5.0
대성다방, 카페, 제주특별자치도 서귀포시 중정로 96, 0, 0.0
귀빈다방, 카페, 제주특별자치도 서귀포시 정방로 6, 0, 0.0
황제다방, 카페, 제주특별자치도 서귀포시 명동로 38, 0, 0.0
올레길다방, 카페, 제주특별자치도 서귀포시 중정로 94, 0, 0.0
정원다방, 카페, 제주특별자치도 서귀포시 태평로431번길 32, 0, 0.0
돌다방, 카페, 제주특별자치도 서귀포시 동문로 70, 0, 0.0
더카페판티노, 카페, 제주특별자치도 서귀포시 정방로 5, 0, 5.0
금호다방, 카페, 제주특별자치도 서귀포시 동문로 48, 0, 0.0
황금다방, 카페, 제주특별자치도 서귀포시 명동로 42, 0, 0.0
로티플, 카페, 제주특별자치도 서귀포시 태평로431번길 27, 0, 0.0
자유다방, 카페, 제주특별자치도 서귀포시 중정로91번길 9, 0, 0.0
뱅크다방, 카페, 제주특별자치도 서귀포시 중앙로42번길 41, 0, 0.0
우성다방, 카페, 제주특별자치도 서귀포시 중정로91번길 15, 0, 0.0
다온까페, 카페, 제주특별자치도 서귀포시 중앙로42번길 43, 0, 5.0
고려다방, 카페, 제주특별자치도 서귀포시 중앙로42번길 44, 0, 0.0
카페봄봄 서귀중앙점, 카페, 제주특별자치도 서귀포시 중앙로 65, 1, 0.0
수복커피, 카페, 제주특별자치도 서귀포시 중앙로101번길 7, 2, 4.6
보라해마카롱, 카페, 제주특별자치도 서귀포시 일주동로 8652, 1, 5.0
토르토니 서귀포점, 카페, 제주특별자치도 서귀포시 중앙로 81, 1, 4.0
파바쎄, 카페, 제주특별자치도 서귀포시 중정로91번길 35, 0, 5.0
미드나잇쉬머, 카페, 제주특별자치도 서귀포시 중앙로62번길 23, 0, 0.0
오늘도카페일리터 서귀포점, 카페, 제주특별자치도 서귀포시 중앙로 82, 8, 0.0
금잔디다방, 카페, 제주특별자치도 서귀포시 동문로 30, 0, 0.0
허니까페, 카페, 제주특별자치도 서귀포시 중앙로62번길 5, 0, 0.0
외인다방, 카페, 제주특별자치도 서귀포시 중앙로62번길 11, 0, 0.0
피서지다방, 카페, 제주특별자치도 서귀포시 중정로91번길 39, 0, 0.0
노웨어카페, 카페, 제주특별자치도 서귀포시 서문로 9, 0, 0.0
예다움헬스키니카페, 카페, 제주특별자치도 서귀포시 동문로 34, 0, 0.0
천년동안애, 카페, 제주특별자치도 서귀포시 중앙로 70-1, 0, 0.0
한스풀, 카페, 제주특별자치도 서귀포시 동문동로 20, 39, 4.0
카페봄봄 서귀포점, 카페, 제주특별자치도 서귀포시 동홍서로 47, 1, 0.0
로컬라운지, 카페, 제주특별자치도 서귀포시 동문동로 13-1, 4, 4.0
동홍동제이제이하우스, 카페, 제주특별자치도 서귀포시 문부로 13, 0, 0.0
이디올레, 카페, 제주특별자치도 서귀포시 중동로32번길 2, 0, 0.0
너븐, 카페, 제주특별자치도 서귀포시 칠십리로214번길 26, 176, 4.0
카페와일드가든, 카페, 제주특별자치도 서귀포시 칠십리로 199, 43, 4.9
메가MGC커피 제주동홍중앙점, 카페, 제주특별자치도 서귀포시 태평로 488, 1, 2.3
드롭탑 제주서귀포갤러리왈점, 카페, 제주특별자치도 서귀포시 칠십리로214번길 30, 1, 1.0
딕시, 카페, 제주특별자치도 서귀포시 일주동로 8592, 58, 3.8
더치스타일, 카페, 제주특별자치도 서귀포시 태평로 506, 0, 0.0
카페캄, 카페, 제주특별자치도 서귀포시 태평로353번길 22-11, None, None
베큠, 카페, 제주특별자치도 서귀포시 태평로 381, None, None
귤낭농산물카페, 카페, 제주특별자치도 서귀포시 태평로353번길 14, None, None
카페그래욜, 카페, 제주특별자치도 서귀포시 태평로371번길 16, None, None
앤그리고, 카페, 제주특별자치도 서귀포시 이중섭로 11, None, None
코삿, 카페, 제주특별자치도 서귀포시 중앙로4번길 15-1, None, None
메가MGC커피 제주서귀중앙점, 카페, 제주특별자치도 서귀포시 중앙로 56, None, None
놀숲 서귀포중앙점, 카페, 제주특별자치도 서귀포시 중앙로 35, None, None
금커피 별빙수 서귀포점, 카페, 제주특별자치도 서귀포시 천지로 6, None, None
수, 카페, 제주특별자치도 서귀포시 중정로 56-1, None, None
모스카페&펍, 카페, 제주특별자치도 서귀포시 중앙로 50, None, None
다인, 카페, 제주특별자치도 서귀포시 중앙로 41, None, None
스타벅스 서귀포올레점, 카페, 제주특별자치도 서귀포시 중정로 69, None, None
콩툰 서귀포점, 카페, 제주특별자치도 서귀포시 명동로 29, None, None
설빙 서귀점, 카페, 제주특별자치도 서귀포시 이중섭로 4-1, None, None
빽다방 서귀포올레중앙점, 카페, 제주특별자치도 서귀포시 중정로61번길 19, None, None
더코드 제주서귀포점, 카페, 제주특별자치도 서귀포시 이중섭로 4-1, None, None
하르뱅쇼, 카페, 제주특별자치도 서귀포시 중앙로54번길 35, None, None
베트로커피, 카페, 제주특별자치도 서귀포시 중정로62번길 1, None, None
여기제주, 카페, 제주특별자치도 서귀포시 중앙로42번길 16-1, None, None
올레키즈까페, 카페, 제주특별자치도 서귀포시 중정로61번길 20, None, None
카페달곰, 카페, 제주특별자치도 서귀포시 이중섭로 4, None, None
립스틱, 카페, 제주특별자치도 서귀포시 중정로61번길 11, None, None
서귀당, 카페, 제주특별자치도 서귀포시 태평로 449, None, None
하올람커피, 카페, 제주특별자치도 서귀포시 명동로 32, None, None
카페상오네, 카페, 제주특별자치도 서귀포시 동문로 69, None, None
로타리다방, 카페, 제주특별자치도 서귀포시 동문로 69, None, None
세라젬웰카페 서귀포직영점, 카페, 제주특별자치도 서귀포시 일주동로 8666, None, None
파스쿠찌 서귀포일호광장점, 카페, 제주특별자치도 서귀포시 서문로 1, None, None
달리는커피 서귀포중앙점, 카페, 제주특별자치도 서귀포시 중앙로59번길 6, None, None
우지커피 서귀포점, 카페, 제주특별자치도 서귀포시 일주동로 8667, None, None
오프리르제주, 카페, 제주특별자치도 서귀포시 중정로61번길 25, None, None
빽다방 서귀포시청점, 카페, 제주특별자치도 서귀포시 중앙로 109, None, None
사계마카롱, 카페, 제주특별자치도 서귀포시 중앙로 82, None, None
더리터 서귀포중앙점, 카페, 제주특별자치도 서귀포시 중앙로 92, None, None
수복로스터리카페, 카페, 제주특별자치도 서귀포시 중앙로101번길 1, None, None
애니커피하우스 서귀포점, 카페, 제주특별자치도 서귀포시 동문로 10, None, None
소요유, 카페, 제주특별자치도 서귀포시 일주동로8666번길 7, None, None
커피베이 제주서귀포기업은행점, 카페, 제주특별자치도 서귀포시 일주동로 8671, None, None
블루문, 카페, 제주특별자치도 서귀포시 중앙로 72, None, None
풍년다방카페, 카페, 제주특별자치도 서귀포시 중정로91번길 27, None, None
카페바티, 카페, 제주특별자치도 서귀포시 천지로 40, None, None
꽃길, 카페, 제주특별자치도 서귀포시 중앙로72번길 4, None, None
행복한차실, 카페, 제주특별자치도 서귀포시 중앙로 99, None, None
설심당 동홍점, 카페, 제주특별자치도 서귀포시 문부로 2, None, None
다정하다, 카페, 제주특별자치도 서귀포시 문부로 8, None, None
요거트소랑, 카페, 제주특별자치도 서귀포시 일주동로 8641, None, None
아이어그릭, 카페, 제주특별자치도 서귀포시 중동로 28, None, None
언팬시 커피바, 카페, 제주특별자치도 서귀포시 중앙로48번길 52, None, None
현시점, 카페, 제주특별자치도 서귀포시 중앙로117번길 3, None, None
카페폴린, 카페, 제주특별자치도 서귀포시 칠십리로 194, None, None
문부로, 카페, 제주특별자치도 서귀포시 문부로 25, None, None
아로하, 카페, 제주특별자치도 서귀포시 태평로537번길 41, None, None
HY초이호스텔, 여관, 제주특별자치도 서귀포시 태평로335번길 11-1, 5, 0.0
초이호스텔제주, 여관, 제주특별자치도 서귀포시 태평로335번길 11-1, 4, 4.5
대명모텔, 여관, 제주특별자치도 서귀포시 중정로 19-7, 0, 0.0
모텔미몽, 여관, 제주특별자치도 서귀포시 서문로29번길 11, 4, 1.0
대림모텔, 여관, 제주특별자치도 서귀포시 중정로 21, 0, 0.0
한두모텔, 여관, 제주특별자치도 서귀포시 태평로335번길 21, 0, 3.8
동명모텔, 여관, 제주특별자치도 서귀포시 서문로41번길 4, 0, 0.0
오소록스테이, 여관, 제주특별자치도 서귀포시 서문로 45, 0, 0.0
귀락모텔, 여관, 제주특별자치도 서귀포시 서문서로 10, 0, 0.0
올레로하우스, 여관, 제주특별자치도 서귀포시 중앙로59번길 16, 0, 0.0
동경모텔, 여관, 제주특별자치도 서귀포시 태평로335번길 23, 0, 0.0
오아시스모텔, 여관, 제주특별자치도 서귀포시 서문로 58, 0, 0.0
산수장여관, 여관, 제주특별자치도 서귀포시 태평로 333, 0, 0.0
모텔경원장, 여관, 제주특별자치도 서귀포시 중정로 19-6, 0, 0.0
대호장여관, 여관, 제주특별자치도 서귀포시 중정로5번길 1, 0, 0.0
스타성모텔, 여관, 제주특별자치도 서귀포시 중앙로71번길 15-4, 0, 4.0
크라운모텔, 여관, 제주특별자치도 서귀포시 중앙로71번길 15-6, 0, 0.0
썬모텔, 여관, 제주특별자치도 서귀포시 서문로28번길 6, 0, 0.0
강남여인숙, 여관, 제주특별자치도 서귀포시 서문로38번길 6, 0, 0.0
메종드씨엘하버39 호텔앤리조트, 여관, 제주특별자치도 서귀포시 천지연로 39, 28, 4.0
신세계호텔, 여관, 제주특별자치도 서귀포시 중앙로 2-2, 5, 3.9
더 루케테호텔, 여관, 제주특별자치도 서귀포시 천지연로29번길 8, 1, 3.2
아이리스호텔, 여관, 제주특별자치도 서귀포시 솔동산로 16-1, 2, 0.0
남미호텔, 여관, 제주특별자치도 서귀포시 솔동산로10번길 19, 1, 0.0
밀라노호텔, 여관, 제주특별자치도 서귀포시 솔동산로10번길 2, 0, 3.2
백호모텔, 여관, 제주특별자치도 서귀포시 칠십리로91번길 20, 1, 2.0
신성호텔, 여관, 제주특별자치도 서귀포시 솔동산로22번길 5, 0, 0.0
마이모텔, 여관, 제주특별자치도 서귀포시 천지연로29번길 12, 0, 0.0
셀라모텔, 여관, 제주특별자치도 서귀포시 솔동산로 9-3, 0, 4.0
테마모텔, 여관, 제주특별자치도 서귀포시 천지연로21번길 8-1, 0, 0.0
우성호텔, 여관, 제주특별자치도 서귀포시 솔동산로22번길 9, 0, 3.0
유락장모텔, 여관, 제주특별자치도 서귀포시 솔동산로 28, 0, 0.0
폭포장모텔, 여관, 제주특별자치도 서귀포시 천지연로21번길 10, 0, 4.0
일미모텔, 여관, 제주특별자치도 서귀포시 서귀동 699-1, 0, 0.0
남일모텔, 여관, 제주특별자치도 서귀포시 솔동산로 26-16, 0, 0.0
유성여인숙, 여관, 제주특별자치도 서귀포시 천지연로 11, 0, 0.0
바다해호텔, 여관, 제주특별자치도 서귀포시 천지연로 3-1, 0, 4.9
성도여인숙, 여관, 제주특별자치도 서귀포시 솔동산로21번길 16-1, 0, 0.0
신신호텔 서귀포점, 여관, 제주특별자치도 서귀포시 태평로371번길 18, 35, 3.7
헤이 서귀포, 여관, 제주특별자치도 서귀포시 태평로 363, 183, 3.2
호텔가온제이스테이, 여관, 제주특별자치도 서귀포시 서문로41번길 23, 15, 3.3
트루엘레지던스, 여관, 제주특별자치도 서귀포시 태평로371번길 18, 6, 4.3
호텔DK, 여관, 제주특별자치도 서귀포시 중앙로54번길 12, 13, 3.9
진모텔, 여관, 제주특별자치도 서귀포시 중앙로47번길 7-1, 3, 4.5
칠십리호텔, 여관, 제주특별자치도 서귀포시 태평로353번길 22-3, 2, 2.0
이아호텔, 여관, 제주특별자치도 서귀포시 중정로 36, 0, 5.0
록산모텔, 여관, 제주특별자치도 서귀포시 중앙로47번길 11, 1, 5.0
베네치아호텔, 여관, 제주특별자치도 서귀포시 중앙로 23-2, 1, 0.0
퀸호텔, 여관, 제주특별자치도 서귀포시 태평로353번길 22-19, 2, 5.0
서현호스텔, 여관, 제주특별자치도 서귀포시 천지로 15, 0, 3.0
발리모텔, 여관, 제주특별자치도 서귀포시 서문로41번길 21-1, 0, 0.0
올래모텔, 여관, 제주특별자치도 서귀포시 명동로 13-3, 0, 0.0
서라벌호텔, 여관, 제주특별자치도 서귀포시 명동로 4, 2, 0.0
스트로베리 필드, 여관, 제주특별자치도 서귀포시 중정로61번길 11-1, 0, 3.0
3번지여인숙, 여관, 제주특별자치도 서귀포시 중앙로59번길 11, 0, 0.0
동원장여관, 여관, 제주특별자치도 서귀포시 중앙로48번길 3, 0, 0.0
대중각모텔, 여관, 제주특별자치도 서귀포시 천지로 7, 1, 0.0
다정여인숙, 여관, 제주특별자치도 서귀포시 이중섭로 23-5, 0, 0.0
아인스호스텔, 여관, 제주특별자치도 서귀포시 태평로 432, 12, 4.1
렉스호텔, 여관, 제주특별자치도 서귀포시 중앙로42번길 42-1, 2, 2.0
리치모텔, 여관, 제주특별자치도 서귀포시 정방로 7-6, 1, 1.0
만평장모텔, 여관, 제주특별자치도 서귀포시 태평로431번길 15, 0, 0.0
락희장, 여관, 제주특별자치도 서귀포시 중정로91번길 11, 0, 0.0
한란장모텔, 여관, 제주특별자치도 서귀포시 정방로 7-9, 0, 0.0
오성여관, 여관, 제주특별자치도 서귀포시 명동로 43-7, 0, 0.0
노블모텔, 여관, 제주특별자치도 서귀포시 정방로 7-1, 0, 0.0
미미여관, 여관, 제주특별자치도 서귀포시 중정로91번길 12-1, 0, 4.0
장수각모텔, 여관, 제주특별자치도 서귀포시 태평로431번길 22, 0, 0.0
대전여인숙, 여관, 제주특별자치도 서귀포시 중정로 100-2, 0, 0.0
서귀모텔, 여관, 제주특별자치도 서귀포시 명동로 43-5, 0, 0.0
중앙여인숙, 여관, 제주특별자치도 서귀포시 태평로431번길 12, 0, 0.0
영원여인숙, 여관, 제주특별자치도 서귀포시 태평로431번길 16, 0, 0.0
동일여인숙, 여관, 제주특별자치도 서귀포시 중정로 96-1, 0, 0.0
태흥호텔, 여관, 제주특별자치도 서귀포시 중정로91번길 54, 0, 0.0
송원모텔, 여관, 제주특별자치도 서귀포시 천지로 31, 0, 5.0
만수각여관, 여관, 제주특별자치도 서귀포시 중앙로79번길 7, 0, 0.0
꼬닥꼬닥모텔, 여관, 제주특별자치도 서귀포시 천지로 39, 0, 0.0
영림여관, 여관, 제주특별자치도 서귀포시 중정로91번길 28, 0, 1.0
금학장모텔, 여관, 제주특별자치도 서귀포시 중정로91번길 57-2, 0, 0.0
정오여인숙, 여관, 제주특별자치도 서귀포시 동문동로 17, 0, 0.0
라벤다호텔, 여관, 제주특별자치도 서귀포시 중정로 1, None, None
하루호텔, 여관, 제주특별자치도 서귀포시 중정로 8, None, None
모멘토호텔, 유스호스텔, 제주특별자치도 서귀포시 태평로439번길 21, None, None
이끌림, 렌트카, 제주특별자치도 서귀포시 중앙로 30, None, None
서귀포성당, 성당, 제주특별자치도 서귀포시 태평로 398, 3, 5.0
남제주교회, 교회, 제주특별자치도 서귀포시 동문동로 49-4, 0, 5.0
서귀포가정교회, 교회, 제주특별자치도 서귀포시 서문로 62, 0, 0.0
주말씀교회, 교회, 제주특별자치도 서귀포시 일주동로 8737, 0, 0.0
예성교회, 교회, 제주특별자치도 서귀포시 중앙로101번길 25, 0, 0.0
서귀포교회, 교회, 제주특별자치도 서귀포시 동홍로 56, 0, 5.0
큰바위교회, 교회, 제주특별자치도 서귀포시 서문로 32, 0, 0.0
열방 제자교회, 교회, 제주특별자치도 서귀포시 소암로12번길 2, 0, 0.0
예수그리스도 후기성도교회 서귀포지부, 교회, 제주특별자치도 서귀포시 솔동산로11번길 20, 0, 0.0
서귀포강변교회, 교회, 제주특별자치도 서귀포시 중정로91번길 1-1, 0, 0.0
길벗교회, 교회, 제주특별자치도 서귀포시 소암로 11, 0, 0.0
서귀포교회, 교회, 제주특별자치도 서귀포시 동홍로 56, 0, 5.0
서귀포동원교회, 교회, 제주특별자치도 서귀포시 동홍서로 15, 0, 0.0
서귀포반석교회, 교회, 제주특별자치도 서귀포시 장수로 66, 0, 0.0
서귀포감리교회, 교회, 제주특별자치도 서귀포시 중동로 40, 0, 0.0
대한예수교장로회 예수소망교회, 교회, 제주특별자치도 서귀포시 중앙로72번길 49-1, 0, 0.0
시온감리교회, 교회, 제주특별자치도 서귀포시 중앙로72번길 8-5, 0, 0.0
좋은열매교회, 교회, 제주특별자치도 서귀포시 동문로 26, 0, 0.0
성령샘교회, 교회, 제주특별자치도 서귀포시 중동로 32-2, 0, 0.0
동신교회, 교회, 제주특별자치도 서귀포시 동홍중앙로 13, 0, 0.0
새동산교회, 교회, 제주특별자치도 서귀포시 동홍중앙로7번길 16, 0, 0.0
서귀포교회, 교회, 제주특별자치도 서귀포시 서문서로55번길 8, None, None
제주중앙교회, 교회, 제주특별자치도 서귀포시 동홍로72번길 12-13, None, None
서귀포관광극장, 문화시설, 제주특별자치도 서귀포시 이중섭로 25, 3, 4.0
시작공간비호, 문화시설, 제주특별자치도 서귀포시 서문로41번길 22-4, 0, 0.0
서복전시관, 문화시설, 제주특별자치도 서귀포시 칠십리로 156-8, 29, 3.1
이중섭미술관, 문화시설, 제주특별자치도 서귀포시 이중섭로 27-3, 167, 3.5
왈종미술관, 문화시설, 제주특별자치도 서귀포시 칠십리로214번길 30, None, None
올레스테이, 게스트하우스, 제주특별자치도 서귀포시 중정로 22, 18, 4.2
백패커스홈, 게스트하우스, 제주특별자치도 서귀포시 중정로 24, 38, 3.9
서귀더부티크, 게스트하우스, 제주특별자치도 서귀포시 서문로41번길 10-1, 21, 0.0
공간인화, 게스트하우스, 제주특별자치도 서귀포시 중정로5번길 21, 6, 5.0
별빛옥상게스트하우스, 게스트하우스, 제주특별자치도 서귀포시 남성로 140, 1, 4.4
미친게스트하우스, 게스트하우스, 제주특별자치도 서귀포시 중정로 19-6, 1, 1.0
민중각게스트하우스, 게스트하우스, 제주특별자치도 서귀포시 서문로28번길 4, 8, 4.0
서귀포항구호텔&게스트하우스, 게스트하우스, 제주특별자치도 서귀포시 칠십리로 40-2, 0, 0.0
송정게스트하우스, 게스트하우스, 제주특별자치도 서귀포시 칠십리로 139, 0, 0.0
올레휴, 게스트하우스, 제주특별자치도 서귀포시 천지로 13, 0, 5.0
청춘게스트하우스, 게스트하우스, 제주특별자치도 서귀포시 이중섭로 31, 21, 3.9
모멘토게스트룸카페, 게스트하우스, 제주특별자치도 서귀포시 태평로439번길 21, 0, 0.0
내집인제주, 게스트하우스, 제주특별자치도 서귀포시 중앙로 23-1, 1, 5.0
아는집게스트하우스, 게스트하우스, 제주특별자치도 서귀포시 태평로439번길 8-5, 0, 5.0
미도호스텔, 게스트하우스, 제주특별자치도 서귀포시 동문동로 13-1, 59, 3.7
슬로시티, 게스트하우스, 제주특별자치도 서귀포시 천지로 33, 6, 4.8
GHSTAY, 게스트하우스, 제주특별자치도 서귀포시 동문로 36, 0, 0.0
슬로우스텝 프리다이빙센터, 게스트하우스, 제주특별자치도 서귀포시 서문로29번길 37, None, None
섬게스트하우스, 게스트하우스, 제주특별자치도 서귀포시 칠십리로 61-1, None, None
구덕게스트하우스, 게스트하우스, 제주특별자치도 서귀포시 솔동산로22번길 20, None, None
솔파하우스, 게스트하우스, 제주특별자치도 서귀포시 정방로 7-6, None, None
강한의원, 병원, 제주특별자치도 서귀포시 서문로 2-1, 0, 0.0
연세치과의원, 병원, 제주특별자치도 서귀포시 중앙로 83, 0, 0.0
그랜드치과의원, 병원, 제주특별자치도 서귀포시 일주동로 8723, 0, 1.0
정안과의원, 병원, 제주특별자치도 서귀포시 중정로 54-1, 0, 4.0
양승철소아청소년과의원, 병원, 제주특별자치도 서귀포시 중정로 50, 0, 4.0
서귀포유신경외과의원, 병원, 제주특별자치도 서귀포시 중앙로 43, 0, 5.0
푸른소아청소년과의원, 병원, 제주특별자치도 서귀포시 중앙로 35-1, 0, 0.0
대림외과의원, 병원, 제주특별자치도 서귀포시 중앙로 25-3, 0, 5.0
우리들소아과의원, 병원, 제주특별자치도 서귀포시 중정로 70, 1, 0.0
고은희산부인과, 병원, 제주특별자치도 서귀포시 중정로 78, 30, 4.0
성수치과, 병원, 제주특별자치도 서귀포시 중정로 76, 0, 5.0
윤성현내과의원, 병원, 제주특별자치도 서귀포시 중정로 38, 0, 5.0
박 정신건강의학과의원, 병원, 제주특별자치도 서귀포시 중정로 53, 0, 4.0
형제치과의원, 병원, 제주특별자치도 서귀포시 중정로 104, 0, 5.0
미래 치과의원, 병원, 제주특별자치도 서귀포시 동문로 62-1, 0, 4.0
이 내과의원, 병원, 제주특별자치도 서귀포시 중정로 68-1, 0, 1.0
한관지이비인후과의원, 병원, 제주특별자치도 서귀포시 중정로 56-1, 0, 3.0
김석홍통증의학과, 병원, 제주특별자치도 서귀포시 중정로 56-1, 0, 5.0
정방한의원, 병원, 제주특별자치도 서귀포시 중앙로42번길 46, 0, 5.0
김상훈피부비뇨기과, 병원, 제주특별자치도 서귀포시 중앙로42번길 9, 0, 1.0
하나의원, 병원, 제주특별자치도 서귀포시 중정로 76, 0, 5.0
동의한의원, 병원, 제주특별자치도 서귀포시 중정로73번길 2, 0, 0.0
해인부부한의원, 병원, 제주특별자치도 서귀포시 중앙로 43, 0, 5.0
오만용치과의원, 병원, 제주특별자치도 서귀포시 중정로 67, 0, 0.0
해달한의원, 병원, 제주특별자치도 서귀포시 중정로 109, 0, 4.0
이종찬제통의원, 병원, 제주특별자치도 서귀포시 중앙로 35-1, 0, 0.0
김관원치과의원, 병원, 제주특별자치도 서귀포시 중정로 53, 0, 0.0
김익현치과의원, 병원, 제주특별자치도 서귀포시 중앙로 22, 0, 0.0
백록클리닉, 병원, 제주특별자치도 서귀포시 중정로 50, 0, 0.0
서귀포365일의원, 병원, 제주특별자치도 서귀포시 서문로 2, 0, 3.0
베스트비뇨기과, 병원, 제주특별자치도 서귀포시 동문로 5, 0, 3.0
참조은 치과의원, 병원, 제주특별자치도 서귀포시 동문로 2, 0, 3.0
한용환치과의원, 병원, 제주특별자치도 서귀포시 중앙로 84, 0, 0.0
양치과의원, 병원, 제주특별자치도 서귀포시 중앙로 85, 0, 0.0
대추나무한의원, 병원, 제주특별자치도 서귀포시 동문로 13, 0, 5.0
강성현치과의원, 병원, 제주특별자치도 서귀포시 동문로 30-2, 0, 5.0
우리정형외과의원, 병원, 제주특별자치도 서귀포시 중앙로 106, 0, 4.0
서귀포 내과, 병원, 제주특별자치도 서귀포시 중앙로 89, 1, 4.0
시울정신건강의학과의원, 병원, 제주특별자치도 서귀포시 일주동로 8675, 0, 4.0
제주권역재활병원, 병원, 제주특별자치도 서귀포시 동문로 1, 0, 2.0
수내과의원, 병원, 제주특별자치도 서귀포시 일주동로 8675, 0, 5.0
밝은정신과의원, 병원, 제주특별자치도 서귀포시 중앙로 91, 0, 5.0
다정금이비인후과, 병원, 제주특별자치도 서귀포시 일주동로 8673, 0, 5.0
서귀포 재활의학과의원, 병원, 제주특별자치도 서귀포시 중앙로 93, 0, 5.0
아름다운의원, 병원, 제주특별자치도 서귀포시 일주동로 8671, 7, 2.0
한용헌치과, 병원, 제주특별자치도 서귀포시 일주동로 8687, 0, 0.0
경희 한의원, 병원, 제주특별자치도 서귀포시 일주동로 8673, 0, 0.0
인혜의원, 병원, 제주특별자치도 서귀포시 중앙로 93, 0, 3.0
김성국치과의원, 병원, 제주특별자치도 서귀포시 일주동로 8673, 0, 0.0
서귀포열린병원, 병원, 제주특별자치도 서귀포시 일주동로 8638, 1, 3.0
제일산부인과의원, 병원, 제주특별자치도 서귀포시 동문로 46, 0, 4.0
참사랑치과의원, 병원, 제주특별자치도 서귀포시 중앙로48번길 42, 0, 4.0
서귀포의료원, 병원, 제주특별자치도 서귀포시 장수로 47, 2, 2.0
서상록한의원, 병원, 제주특별자치도 서귀포시 중앙로 121, 0, 5.0
오지영한의원, 병원, 제주특별자치도 서귀포시 태평로512번길 4, 0, 0.0
서울아산이비인후과의원, 병원, 제주특별자치도 서귀포시 일주동로 8694, None, None
고은미의원, 병원, 제주특별자치도 서귀포시 일주동로 8707, None, None
고운부부치과의원, 병원, 제주특별자치도 서귀포시 일주동로 8700, None, None
현대산부인과의원, 병원, 제주특별자치도 서귀포시 동문로 61, None, None
시원한이비인후과, 병원, 제주특별자치도 서귀포시 중정로 65, None, None
삼성탑내과의원, 병원, 제주특별자치도 서귀포시 중정로61번길 1, None, None
더미인, 병원, 제주특별자치도 서귀포시 중앙로 46, None, None
서연의원, 병원, 제주특별자치도 서귀포시 중정로 123, None, None
서귀포약손한의원, 병원, 제주특별자치도 서귀포시 중정로 67, None, None
형제한의원, 병원, 제주특별자치도 서귀포시 중정로 104, None, None
미소를 찾는 치과의원, 병원, 제주특별자치도 서귀포시 중정로 50, None, None
장정훈치과의원, 병원, 제주특별자치도 서귀포시 중정로 56-1, None, None
서귀포빛사랑안과의원, 병원, 제주특별자치도 서귀포시 동문로 2, None, None
제주성모안과의원, 병원, 제주특별자치도 서귀포시 동문로 5, None, None
한라힘내과, 병원, 제주특별자치도 서귀포시 동문로 5, None, None
강남새힘마취통증의학과의원, 병원, 제주특별자치도 서귀포시 동문로 8, None, None
양재식내과의원, 병원, 제주특별자치도 서귀포시 동문로 2, None, None
해랑소아청소년과의원, 병원, 제주특별자치도 서귀포시 동문로 5, None, None
서울성모재활의학과의원, 병원, 제주특별자치도 서귀포시 동문로 5, None, None
양승지외과의원, 병원, 제주특별자치도 서귀포시 서문로 2, None, None
황비뇨기과의원, 병원, 제주특별자치도 서귀포시 동문로 2, None, None
양동호한의원, 병원, 제주특별자치도 서귀포시 서문로 2, None, None
광장한의원, 병원, 제주특별자치도 서귀포시 동문로 4, None, None
경희세림한의원, 병원, 제주특별자치도 서귀포시 중앙로 81, None, None
서귀포중앙정형외과의원, 병원, 제주특별자치도 서귀포시 일주동로 8666, None, None
삼성맘편한신경과의원, 병원, 제주특별자치도 서귀포시 중앙로 113, None, None
로즈앤의원 서귀포점, 병원, 제주특별자치도 서귀포시 중앙로 89, None, None
연세안과의원, 병원, 제주특별자치도 서귀포시 일주동로 8675, None, None
유소아과의원, 병원, 제주특별자치도 서귀포시 중앙로 93, None, None
제일정형외과, 병원, 제주특별자치도 서귀포시 일주동로 8675, None, None
윤담한의원, 병원, 제주특별자치도 서귀포시 중앙로 109, None, None
스타치과 교정과치과의원, 병원, 제주특별자치도 서귀포시 일주동로 8671, None, None
서울치과, 병원, 제주특별자치도 서귀포시 중앙로 92, None, None
한라이비인후과, 병원, 제주특별자치도 서귀포시 일주동로 8675, None, None
연세예담의원, 병원, 제주특별자치도 서귀포시 일주동로 8666, None, None
러브디바인치과의원, 병원, 제주특별자치도 서귀포시 중앙로 94, None, None
수마취통증의학과의원, 병원, 제주특별자치도 서귀포시 중앙로 113, None, None
이사랑치과의원, 병원, 제주특별자치도 서귀포시 일주동로 8675, None, None
유디치과의원 서귀포점, 병원, 제주특별자치도 서귀포시 일주동로 8629, None, None
바른손치과, 병원, 제주특별자치도 서귀포시 일주동로 8621, None, None
서울의원, 병원, 제주특별자치도 서귀포시 일주동로 8610, None, None
캣츠앤독스, 병원, 제주특별자치도 서귀포시 일주동로 8621, None, None
우리동홍의원, 병원, 제주특별자치도 서귀포시 태평로 505, None, None
호텔윈스토리, 호텔, 제주특별자치도 서귀포시 중정로 11, 14, 4.4
까사로마호텔, 호텔, 제주특별자치도 서귀포시 태평로 347, 68, 4.1
신신호텔 천지연, 호텔, 제주특별자치도 서귀포시 서문로 42-1, 91, 3.6
호텔징크, 호텔, 제주특별자치도 서귀포시 중정로 11, 24, 4.1
FK알레그리아호텔, 호텔, 제주특별자치도 서귀포시 중앙로47번길 25, 29, 3.5
서귀포풍경호텔, 호텔, 제주특별자치도 서귀포시 남성중로 147, 5, 2.2
오렌지호텔, 호텔, 제주특별자치도 서귀포시 태평로335번길 3, 4, 5.0
호텔더그랑 서귀포, 호텔, 제주특별자치도 서귀포시 중정로 16, 4, 5.0
호텔에이치아이, 호텔, 제주특별자치도 서귀포시 중앙로47번길 25, 2, 0.0
은하호텔, 호텔, 제주특별자치도 서귀포시 중앙로47번길 40, 0, 5.0
느몽, 호텔, 제주특별자치도 서귀포시 중정로5번길 15, 0, 0.0
호텔휴식 서귀포, 호텔, 제주특별자치도 서귀포시 중앙로71번길 17, 34, 4.0
BK호텔제주, 호텔, 제주특별자치도 서귀포시 칠십리로91번길 12, 24, 4.4
나인부띠끄호텔, 호텔, 제주특별자치도 서귀포시 솔동산로10번길 23, 37, 3.4
피노호텔, 호텔, 제주특별자치도 서귀포시 천지연로29번길 5, 21, 4.7
파인힐호텔, 호텔, 제주특별자치도 서귀포시 부두로 44, 19, 3.8
천지연호텔, 호텔, 제주특별자치도 서귀포시 솔동산로 40, 6, 4.7
솔동산스테이, 호텔, 제주특별자치도 서귀포시 솔동산로10번길 45, 8, 0.0
호텔화인 제주, 호텔, 제주특별자치도 서귀포시 칠십리로 87, 15, 4.3
엠스테이호텔 제주, 호텔, 제주특별자치도 서귀포시 태평로353번길 14, 50, 3.2
제주호텔더엠, 호텔, 제주특별자치도 서귀포시 태평로353번길 14, 41, 4.0
제주오션팰리스, 호텔, 제주특별자치도 서귀포시 중앙로 14, 40, 2.7
추풍령호텔, 호텔, 제주특별자치도 서귀포시 중앙로59번길 12, 0, 0.0
빨간모자달팽이, 호텔, 제주특별자치도 서귀포시 중앙로4번길 15, 0, 5.0
제주디아일랜드블루호텔, 호텔, 제주특별자치도 서귀포시 태평로431번길 3, 110, 3.4
런호텔, 호텔, 제주특별자치도 서귀포시 태평로431번길 20, 8, 3.9
코너스톤호텔, 호텔, 제주특별자치도 서귀포시 정방로 7-10, 25, 4.5
굿인호텔, 호텔, 제주특별자치도 서귀포시 태평로439번길 14, 3, 3.0
호텔 케니 서귀포, 호텔, 제주특별자치도 서귀포시 동문로 42, 181, 3.9
호텔버지니아, 호텔, 제주특별자치도 서귀포시 중정로61번길 31, 2, 4.7
더호텔, 특급호텔, 제주특별자치도 서귀포시 명동로 11, None, None
호텔브릿지 서귀포, 호텔, 제주특별자치도 서귀포시 태평로 436, None, None
퍼스트70호텔, 호텔, 제주특별자치도 서귀포시 명동로 46, None, None
노블피아, 호텔, 제주특별자치도 서귀포시 명동로 46, None, None
호텔골든데이지 서귀포오션, 호텔, 제주특별자치도 서귀포시 동홍로 7, None, None
서귀포JC새마을작은도서관, 도서관, 제주특별자치도 서귀포시 천지연로 29, 0, 0.0
서귀포중앙교회문고, 도서관, 제주특별자치도 서귀포시 태평로439번길 8, 0, 0.0
서귀포기적의도서관, 도서관, 제주특별자치도 서귀포시 일주동로 8593, 17, 3.0
오석새마을작은도서관, 도서관, 제주특별자치도 서귀포시 중동로 43-2, 0, 0.0
한우리작은도서관, 도서관, 제주특별자치도 서귀포시 중앙로117번길 5, 0, 0.0
동홍3희망새마을문고, 도서관, 제주특별자치도 서귀포시 태평로512번길 9, 0, 0.0
한우리독서문화원문고, 도서관, 제주특별자치도 서귀포시 중앙로117번길 7, None, None
중앙꿈쟁이작은도서관, 도서관, 제주특별자치도 서귀포시 동문로 55, None, None
소랑호꼴락작은도서관, 도서관, 제주특별자치도 서귀포시 동문로 1, None, None
희망새마을작은도서관, 도서관, 제주특별자치도 서귀포시 태평로512번길 13, None, None
동홍1새마을작은도서관, 도서관, 제주특별자치도 서귀포시 동홍중앙로 10, None, None
섬이야기, 펜션, 제주특별자치도 서귀포시 칠십리로 61-1, 3, 1.0
서귀포푸른바다펜션, 펜션, 제주특별자치도 서귀포시 남성로128번길 37-10, 1, 5.0
팜트리빌라, 펜션, 제주특별자치도 서귀포시 남성로128번길 27, 1, 0.0
서귀펜션73, 펜션, 제주특별자치도 서귀포시 칠십리로 73, 18, 0.0
제주김집사, 펜션, 제주특별자치도 서귀포시 칠십리로 73, 4, 0.0
서귀맨션, 펜션, 제주특별자치도 서귀포시 천지연로41번길 30, 8, 0.0
하얀파도펜션, 펜션, 제주특별자치도 서귀포시 칠십리로139번길 14, 3, 0.0
영빈펜션, 펜션, 제주특별자치도 서귀포시 칠십리로 129, 0, 3.0
땡큐베리펜션, 펜션, 제주특별자치도 서귀포시 칠십리로 97, 0, 5.0
달이봉봉시티, 펜션, 제주특별자치도 서귀포시 중앙로 19-4, 0, 5.0
보금지펜션, 펜션, 제주특별자치도 서귀포시 칠십리로 190, 1, 5.0
오렌지브릿지, 숙박, 제주특별자치도 서귀포시 중앙로4번길 9-1, 0, 0.0
애순이네민박, 숙박, 제주특별자치도 서귀포시 중정로91번길 23-6, 0, 0.0
섬사랑, 음식점, 제주특별자치도 서귀포시 남성중로 2-3, 9, 3.9
천지연 전복해물뚝배기, 음식점, 제주특별자치도 서귀포시 남성중로 2-3, 10, 3.5
장수애섬식당, 음식점, 제주특별자치도 서귀포시 남성중로 2-3, 48, 4.4
제주은갈치 전복해물뚝배기, 음식점, 제주특별자치도 서귀포시 남성중로 2-3, 3, 2.3
탐라조림, 음식점, 제주특별자치도 서귀포시 남성중로 2-11, 0, 0.0
목포전주식당, 음식점, 제주특별자치도 서귀포시 남성중로 2-11, 0, 0.0
진주마린, 음식점, 제주특별자치도 서귀포시 남성중로 2-3, 0, 0.0
진고개, 음식점, 제주특별자치도 서귀포시 남성중로 155, 2, 3.0
흑돼지BBQ, 음식점, 제주특별자치도 서귀포시 태평로353번길 7, 485, 4.6
진주식당, 음식점, 제주특별자치도 서귀포시 태평로 353, 41, 3.0
제일반점, 음식점, 제주특별자치도 서귀포시 태평로353번길 6, 18, 4.8
산정아구찜, 음식점, 제주특별자치도 서귀포시 서문로29번길 37, 8, 3.9
산수정, 음식점, 제주특별자치도 서귀포시 중정로 26, 7, 4.0
청원나들목, 음식점, 제주특별자치도 서귀포시 서문로29번길 37, 6, 2.7
팜트리국수, 음식점, 제주특별자치도 서귀포시 중정로 24, 2, 5.0
송가네맛집, 음식점, 제주특별자치도 서귀포시 태평로353번길 5, 3, 3.3
한마음식당, 음식점, 제주특별자치도 서귀포시 태평로335번길 25, 1, 1.0
후다닭치킨, 음식점, 제주특별자치도 서귀포시 태평로353번길 3, 7, 4.9
뉴경남관광호텔 한라산음식점, 음식점, 제주특별자치도 서귀포시 태평로 347, 0, 0.0
장피디, 음식점, 제주특별자치도 서귀포시 태평로353번길 5, 0, 0.0
동네식당, 음식점, 제주특별자치도 서귀포시 태평로335번길 25, 0, 0.0
만복촌, 음식점, 제주특별자치도 서귀포시 서문로 48, 4, 3.5
네거리식당, 음식점, 제주특별자치도 서귀포시 서문로29번길 20, 179, 3.0
삼보식당, 음식점, 제주특별자치도 서귀포시 중정로 25, 122, 2.8
고미, 음식점, 제주특별자치도 서귀포시 서문로 46, 40, 4.4
기운네흑돼지, 음식점, 제주특별자치도 서귀포시 서문로29번길 6, 87, 4.3
조림명가, 음식점, 제주특별자치도 서귀포시 중앙로47번길 19, 33, 4.0
목마, 음식점, 제주특별자치도 서귀포시 서문로29번길 30, 11, 3.1
맨도롱국수집, 음식점, 제주특별자치도 서귀포시 서문로29번길 21, 27, 4.5
관촌, 음식점, 제주특별자치도 서귀포시 서문로29번길 13, 11, 3.9
천지한우촌식육식당, 음식점, 제주특별자치도 서귀포시 서문로29번길 28, 5, 3.6
이화삼계탕, 음식점, 제주특별자치도 서귀포시 중정로 13, 14, 4.2
팔팔식당, 음식점, 제주특별자치도 서귀포시 중정로 29, 12, 4.7
해저3만리, 음식점, 제주특별자치도 서귀포시 중정로 31, 8, 4.4
우리집흑돼지, 음식점, 제주특별자치도 서귀포시 서문로41번길 16, 10, 3.9
달리아, 음식점, 제주특별자치도 서귀포시 중앙로47번길 21, 4, 4.5
라멘치치, 음식점, 제주특별자치도 서귀포시 서문로29번길 14, 1, 5.0
수궁식당, 음식점, 제주특별자치도 서귀포시 중정로5번길 19, 12, 4.5
현재식당, 음식점, 제주특별자치도 서귀포시 서문로29번길 21, 5, 5.0
송정식당, 음식점, 제주특별자치도 서귀포시 중앙로41번길 16, 11, 3.2
착한아구해물찜, 음식점, 제주특별자치도 서귀포시 서문로29번길 6-1, 1, 5.0
페리카나 서귀동문점, 음식점, 제주특별자치도 서귀포시 서문로29번길 18, 3, 4.7
한라생얼큰이 서귀포점, 음식점, 제주특별자치도 서귀포시 중정로5번길 14, 4, 4.0
삼촌네돌판구이, 음식점, 제주특별자치도 서귀포시 서문로29번길 25, 12, 4.9
삼춘통닭, 음식점, 제주특별자치도 서귀포시 서문로29번길 14, 0, 0.0
비어댐 서귀포점, 음식점, 제주특별자치도 서귀포시 중앙로41번길 17, 0, 0.0
목마쉼터, 음식점, 제주특별자치도 서귀포시 서문로29번길 25, 1, 1.0
황가네수산, 음식점, 제주특별자치도 서귀포시 서문로29번길 8, 0, 0.0
기운네감자탕, 음식점, 제주특별자치도 서귀포시 서문로29번길 26, 0, 0.0
운산장어구이, 음식점, 제주특별자치도 서귀포시 중앙로47번길 21, 5, 5.0
동원장식당, 음식점, 제주특별자치도 서귀포시 서문로 33, 0, 0.0
천지동식당, 음식점, 제주특별자치도 서귀포시 서문로38번길 1, 1, 5.0
아랑아랑, 음식점, 제주특별자치도 서귀포시 서문로29번길 16, 0, 0.0
한옥집, 음식점, 제주특별자치도 서귀포시 서홍로 41, 43, 3.2
천지연무태장어 서귀포점, 음식점, 제주특별자치도 서귀포시 일주동로 8737, 17, 4.9
화목원, 음식점, 제주특별자치도 서귀포시 서홍로 29, 0, 0.0
동수원식당, 음식점, 제주특별자치도 서귀포시 서홍로 27, 0, 0.0
다슬이네칡냉면, 음식점, 제주특별자치도 서귀포시 일주동로 8735, 4, 3.3
대윤흑돼지, 음식점, 제주특별자치도 서귀포시 서문로 23, 155, 4.3
천일만두, 음식점, 제주특별자치도 서귀포시 서문로 25, 102, 4.2
전원일기, 음식점, 제주특별자치도 서귀포시 일주동로 8713, 18, 4.6
연과자점, 음식점, 제주특별자치도 서귀포시 서문로 13, 30, 4.5
아뎅, 음식점, 제주특별자치도 서귀포시 중앙로71번길 12, 16, 4.6
대한민육, 음식점, 제주특별자치도 서귀포시 서문로 30, 130, 4.8
조르지네이상한가게, 음식점, 제주특별자치도 서귀포시 서문로28번길 3, 12, 4.0
도도베이커리, 음식점, 제주특별자치도 서귀포시 서문서로55번길 4, 16, 5.0
종명식육식당, 음식점, 제주특별자치도 서귀포시 천지로 58, 14, 4.6
국민인생맛집, 음식점, 제주특별자치도 서귀포시 중앙로89번길 9, 4, 3.0
사이, 음식점, 제주특별자치도 서귀포시 서문서로55번길 12, 5, 4.8
매콤매콤, 음식점, 제주특별자치도 서귀포시 중앙로89번길 21, 5, 5.0
명물고기집, 음식점, 제주특별자치도 서귀포시 서문로29번길 3, 4, 4.8
천보식당, 음식점, 제주특별자치도 서귀포시 중앙로89번길 13, 0, 0.0
올레2번가갈비, 음식점, 제주특별자치도 서귀포시 서문로 31, 3, 5.0
늘풍년식당, 음식점, 제주특별자치도 서귀포시 중앙로89번길 14, 0, 0.0
지정식당, 음식점, 제주특별자치도 서귀포시 서문로 31, 0, 0.0
봉수아피자 서귀포점, 음식점, 제주특별자치도 서귀포시 일주동로 8711, 2, 5.0
의정부식당, 음식점, 제주특별자치도 서귀포시 서문로 15, 6, 4.2
삼무국수 서귀포점, 음식점, 제주특별자치도 서귀포시 서문로 10, 2, 4.0
은하수야식, 음식점, 제주특별자치도 서귀포시 서문서로55번길 2, 0, 0.0
에이지, 음식점, 제주특별자치도 서귀포시 중앙로71번길 15-4, 0, 0.0
엄블랑디, 음식점, 제주특별자치도 서귀포시 일주동로 8713, 0, 0.0
뿔발 서귀포점, 음식점, 제주특별자치도 서귀포시 일주동로 8726, 2, 5.0
수유리혼밥왕&덮밥zip 서귀포점, 음식점, 제주특별자치도 서귀포시 홍중로27번길 6, 0, 0.0
피자탑 서귀포점, 음식점, 제주특별자치도 서귀포시 일주동로 8720, 0, 0.0
피자탑 제주서귀포점, 음식점, 제주특별자치도 서귀포시 일주동로 8720, 0, 0.0
어머니와장독대 서귀포점, 음식점, 제주특별자치도 서귀포시 중앙로101번길 27, 27, 3.9
김씨네 도가니탕설렁탕전문, 음식점, 제주특별자치도 서귀포시 일주동로 8703, 11, 3.7
체얌, 음식점, 제주특별자치도 서귀포시 일주동로 8705, 16, 4.4
대일추어탕, 음식점, 제주특별자치도 서귀포시 일주동로 8710, 3, 5.0
청년피자 제주1청사점, 음식점, 제주특별자치도 서귀포시 일주동로 8702, 0, 0.0
너와나실내포장마차, 음식점, 제주특별자치도 서귀포시 일주동로 8712-1, 3, 5.0
한라네김밥, 음식점, 제주특별자치도 서귀포시 일주동로 8697, 79, 4.7
미리네국수, 음식점, 제주특별자치도 서귀포시 중앙로101번길 17, 8, 4.8
이레 메밀막국수, 음식점, 제주특별자치도 서귀포시 천지로 59, 20, 4.4
제주면옥, 음식점, 제주특별자치도 서귀포시 일주동로 8697, 8, 4.1
러브파이분식, 음식점, 제주특별자치도 서귀포시 중앙로101번길 13-2, 10, 4.8
서가짬뽕, 음식점, 제주특별자치도 서귀포시 일주동로 8697, 7, 3.6
서홍떡집, 음식점, 제주특별자치도 서귀포시 중앙로101번길 18, 0, 0.0
팔마식당, 음식점, 제주특별자치도 서귀포시 홍중로 6, 6, 4.5
치킨나라, 음식점, 제주특별자치도 서귀포시 홍중로 8, 4, 5.0
떡마을, 음식점, 제주특별자치도 서귀포시 홍중로 8-1, 0, 0.0
엠버의국수가게, 음식점, 제주특별자치도 서귀포시 중앙로101번길 13-2, 9, 5.0
제주한라찐빵만두, 음식점, 제주특별자치도 서귀포시 일주동로 8697, 4, 3.8
다미야 서귀포점, 음식점, 제주특별자치도 서귀포시 홍중로 23, 4, 5.0
안가뒷고기 제주서귀포점, 음식점, 제주특별자치도 서귀포시 홍중로27번길 6, 7, 3.7
청주본가 서귀포점, 음식점, 제주특별자치도 서귀포시 홍중로 11, 2, 5.0
투다리 서귀포시청점, 음식점, 제주특별자치도 서귀포시 홍중로 25, 0, 0.0
황금부엌 2호점, 음식점, 제주특별자치도 서귀포시 솜반천로14번길 4, 5, 4.0
애월연어 서귀포점, 음식점, 제주특별자치도 서귀포시 홍중로27번길 4, 5, 5.0
육짬뽕엔남국풍미, 음식점, 제주특별자치도 서귀포시 중앙로117번길 7-1, 5, 4.4
윤가우동 서홍동점, 음식점, 제주특별자치도 서귀포시 홍중로27번길 1, 0, 0.0
뽕끄랑, 음식점, 제주특별자치도 서귀포시 남성로138번길 1, None, None
돌하르방, 음식점, 제주특별자치도 서귀포시 남성중로 2-11, None, None
천지연토박이식당, 음식점, 제주특별자치도 서귀포시 남성중로 2-3, None, None
정희네해물탕, 음식점, 제주특별자치도 서귀포시 중정로 14, None, None
산야, 음식점, 제주특별자치도 서귀포시 태평로 357, None, None
히든, 음식점, 제주특별자치도 서귀포시 서문로29번길 37, None, None
레트로보이즈, 음식점, 제주특별자치도 서귀포시 태평로 363, None, None
청년올레식당, 음식점, 제주특별자치도 서귀포시 중정로 22, None, None
티나케이크, 음식점, 제주특별자치도 서귀포시 서문로 61, None, None
동네포차&치킨, 음식점, 제주특별자치도 서귀포시 서문서로 31, None, None
화정식당, 음식점, 제주특별자치도 서귀포시 중앙로47번길 24, None, None
서귀포호, 음식점, 제주특별자치도 서귀포시 서문로29번길 9, None, None
손두부집, 음식점, 제주특별자치도 서귀포시 중정로5번길 19, None, None
헤븐앤얼스, 음식점, 제주특별자치도 서귀포시 중정로 13, None, None
민영이네떡방아, 음식점, 제주특별자치도 서귀포시 중앙로59번길 22, None, None
행복맘집밥, 음식점, 제주특별자치도 서귀포시 서문로 38, None, None
어송포유, 음식점, 제주특별자치도 서귀포시 서문로29번길 16, None, None
대풍옥&대풍닭집, 음식점, 제주특별자치도 서귀포시 일주동로 8737, None, None
아리랑밀면, 음식점, 제주특별자치도 서귀포시 서홍로 29, None, None
솜반, 음식점, 제주특별자치도 서귀포시 일주동로 8738, None, None
이춘봉인생치킨, 음식점, 제주특별자치도 서귀포시 일주동로 8738, None, None
통뼈감자탕 걸매점, 음식점, 제주특별자치도 서귀포시 일주동로 8733, None, None
187센티멘트, 음식점, 제주특별자치도 서귀포시 서문로28번길 3, None, None
서귀포대정식당, 음식점, 제주특별자치도 서귀포시 중앙로89번길 17, None, None
서귀포어촌식당, 음식점, 제주특별자치도 서귀포시 일주동로 8709-1, None, None
복조리부산양곱창, 음식점, 제주특별자치도 서귀포시 서문로29번길 3, None, None
서귀포해장국, 음식점, 제주특별자치도 서귀포시 서문로 31, None, None
갓포차, 음식점, 제주특별자치도 서귀포시 서문로 26, None, None
강희네양곱창, 음식점, 제주특별자치도 서귀포시 서문서로55번길 2, None, None
청년찌개 제주서귀포점, 음식점, 제주특별자치도 서귀포시 일주동로 8711, None, None
촌놈, 음식점, 제주특별자치도 서귀포시 중앙로101번길 36, None, None
카페록산느, 음식점, 제주특별자치도 서귀포시 솜반천로43번길 9, None, None
치킨더홈앤장충동B&F왕족발보쌈, 음식점, 제주특별자치도 서귀포시 솜반천로43번길 4, None, None
바르보롬, 음식점, 제주특별자치도 서귀포시 중앙로101번길 21-2, None, None
아라서, 음식점, 제주특별자치도 서귀포시 중앙로101번길 26, None, None
동명찐빵, 음식점, 제주특별자치도 서귀포시 홍중로27번길 25, None, None
한일수산횟집, 음식점, 제주특별자치도 서귀포시 홍중로 3, None, None
생강김밥 서귀포점, 음식점, 제주특별자치도 서귀포시 중앙로101번길 11, None, None
오롯이소바, 음식점, 제주특별자치도 서귀포시 중앙로101번길 18, None, None
금손코다리맛집, 음식점, 제주특별자치도 서귀포시 홍중로 4, None, None
홍쓰덮밥 제주서귀포점, 음식점, 제주특별자치도 서귀포시 홍중로 3, None, None
행복한찜닭 서귀포점, 음식점, 제주특별자치도 서귀포시 일주동로 8700, None, None
서귀포닭해장국, 음식점, 제주특별자치도 서귀포시 홍중로 25, None, None
삼칠레스토랑, 음식점, 제주특별자치도 서귀포시 홍중로 23, None, None
짬뽕한사발, 음식점, 제주특별자치도 서귀포시 홍중로 20, None, None
37레스토랑, 음식점, 제주특별자치도 서귀포시 홍중로 23, None, None
여행, 음식점, 제주특별자치도 서귀포시 홍중로 21, None, None
고샌드, 음식점, 제주특별자치도 서귀포시 홍중로27번길 3, None, None
자매식당, 음식점, 제주특별자치도 서귀포시 홍중로27번길 6, None, None
오규동 서귀점, 음식점, 제주특별자치도 서귀포시 솜반천로14번길 3, None, None
곰탕, 음식점, 제주특별자치도 서귀포시 솜반천로 16, None, None
시청소미네식당, 음식점, 제주특별자치도 서귀포시 솜반천로14번길 3, None, None
시청소머리집, 음식점, 제주특별자치도 서귀포시 홍중로 9, None, None
서귀포시청 제1청사구내식당, 음식점, 제주특별자치도 서귀포시 중앙로 105, None, None
봉식당, 음식점, 제주특별자치도 서귀포시 솜반천로6번길 11, 0, 0.0
어부촌, 음식점, 제주특별자치도 서귀포시 칠십리로 67, 5, 4.2
현이네국밥, 음식점, 제주특별자치도 서귀포시 칠십리로 77, 7, 4.6
엉터리횟집, 음식점, 제주특별자치도 서귀포시 칠십리로 61, 1, 5.0
나운터횟집, 음식점, 제주특별자치도 서귀포시 칠십리로 42, 41, 4.0
김가네해물뚝배기, 음식점, 제주특별자치도 서귀포시 칠십리로 55, 37, 4.4
제주해풍, 음식점, 제주특별자치도 서귀포시 칠십리로 41, 19, 3.9
태성흑돈, 음식점, 제주특별자치도 서귀포시 칠십리로 47, 24, 4.7
제주올레횟집, 음식점, 제주특별자치도 서귀포시 칠십리로 45, 0, 0.0
포트그릴스테이크하우스, 음식점, 제주특별자치도 서귀포시 솔동산로10번길 48, 15, 4.7
항구횟집, 음식점, 제주특별자치도 서귀포시 칠십리로 40-4, 5, 3.4
달빛부둣가, 음식점, 제주특별자치도 서귀포시 칠십리로 38-1, 30, 4.0
서귀포수산마트, 음식점, 제주특별자치도 서귀포시 칠십리로 38-1, 1, 1.0
영희네집, 음식점, 제주특별자치도 서귀포시 칠십리로 57, 5, 4.8
발라르, 음식점, 제주특별자치도 서귀포시 칠십리로 39, 5, 5.0
할매식당, 음식점, 제주특별자치도 서귀포시 부두로 40, 39, 3.8
호림식당, 음식점, 제주특별자치도 서귀포시 부두로 45, 21, 3.6
향원복집, 음식점, 제주특별자치도 서귀포시 부두로 43, 8, 4.5
바다밥상, 음식점, 제주특별자치도 서귀포시 천지연로 16, 32, 4.6
도르멍수제버거, 음식점, 제주특별자치도 서귀포시 부두로 39, 31, 4.5
젊은어부, 음식점, 제주특별자치도 서귀포시 칠십리로91번길 20, 9, 5.0
부두식당, 음식점, 제주특별자치도 서귀포시 부두로 38, 14, 3.4
원담, 음식점, 제주특별자치도 서귀포시 칠십리로 59, 4, 3.5
모퉁이집, 음식점, 제주특별자치도 서귀포시 칠십리로91번길 16, 8, 4.5
멕시카나치킨 송산천지점, 음식점, 제주특별자치도 서귀포시 부두로 49, 2, 1.0
고선장네, 음식점, 제주특별자치도 서귀포시 부두로 51, 4, 5.0
맛드리복식당, 음식점, 제주특별자치도 서귀포시 부두로 53, 4, 3.0
배지그랑, 음식점, 제주특별자치도 서귀포시 부두로 49, 0, 0.0
국수사랑, 음식점, 제주특별자치도 서귀포시 솔동산로 30, 0, 0.0
어촌식당, 음식점, 제주특별자치도 서귀포시 부두로 55, 0, 0.0
닭고을찜닭, 음식점, 제주특별자치도 서귀포시 부두로 35, 0, 0.0
여수아구찜, 음식점, 제주특별자치도 서귀포시 부두로 55, 0, 0.0
대도식당, 음식점, 제주특별자치도 서귀포시 솔동산로22번길 18, 30, 3.7
평양면옥, 음식점, 제주특별자치도 서귀포시 중앙로4번길 4, 22, 4.0
포가츠, 음식점, 제주특별자치도 서귀포시 태평로 392-2, 21, 4.6
봉수네식당, 음식점, 제주특별자치도 서귀포시 태평로 392-1, 14, 4.8
신세계호텔 식당, 음식점, 제주특별자치도 서귀포시 중앙로 2-2, 0, 0.0
덕성원 본점, 음식점, 제주특별자치도 서귀포시 태평로401번길 4, 97, 3.1
안거리밖거리, 음식점, 제주특별자치도 서귀포시 솔동산로 6-1, 93, 3.0
새서울두루치기, 음식점, 제주특별자치도 서귀포시 태평로 406, 59, 4.4
와랑와랑, 음식점, 제주특별자치도 서귀포시 태평로 399-1, 30, 4.4
새연교횟집, 음식점, 제주특별자치도 서귀포시 솔동산로22번길 11, 16, 4.6
대향흑돼지, 음식점, 제주특별자치도 서귀포시 태평로 407, 22, 2.7
서작가초밥집, 음식점, 제주특별자치도 서귀포시 태평로 416-1, 27, 3.3
죽림횟집, 음식점, 제주특별자치도 서귀포시 솔동산로 5-1, 5, 3.2
바당아나고장어구이, 음식점, 제주특별자치도 서귀포시 솔동산로22번길 16, 9, 4.6
국수싸롱, 음식점, 제주특별자치도 서귀포시 태평로 409, 24, 4.5
발랄한맥주, 음식점, 제주특별자치도 서귀포시 솔동산로22번길 8, 7, 5.0
더루머스, 음식점, 제주특별자치도 서귀포시 태평로 408, 13, 4.9
언니네, 음식점, 제주특별자치도 서귀포시 솔동산로11번길 8-18, 8, 4.6
프레드허쉬, 음식점, 제주특별자치도 서귀포시 태평로 416-1, 10, 3.9
솔동산스토리, 음식점, 제주특별자치도 서귀포시 솔동산로 10, 0, 0.0
한라막창, 음식점, 제주특별자치도 서귀포시 태평로 406, 1, 5.0
사라수산, 음식점, 제주특별자치도 서귀포시 태평로 409, 0, 0.0
오십앤다갈다, 음식점, 제주특별자치도 서귀포시 태평로 406, 0, 0.0
제주할망뚝배기, 음식점, 제주특별자치도 서귀포시 칠십리로 92, 51, 3.5
남궁미락, 음식점, 제주특별자치도 서귀포시 부두로 29, 20, 4.2
보물섬횟집, 음식점, 제주특별자치도 서귀포시 칠십리로 105, 33, 3.9
괸당포차, 음식점, 제주특별자치도 서귀포시 부두로 29-1, 4, 5.0
야뜨리, 음식점, 제주특별자치도 서귀포시 칠십리로 113, 25, 4.1
식도향, 음식점, 제주특별자치도 서귀포시 칠십리로 99, 0, 0.0
해궁해장국, 음식점, 제주특별자치도 서귀포시 칠십리로 115, 0, 0.0
솔동산고기국수, 음식점, 제주특별자치도 서귀포시 부두로 23, 115, 4.0
서귀포고기국수, 음식점, 제주특별자치도 서귀포시 소암로12번길 21, 0, 0.0
삼무뚝배기갈치, 음식점, 제주특별자치도 서귀포시 칠십리로 119, 49, 4.5
몬스테라 자구리점, 음식점, 제주특별자치도 서귀포시 소암로12번길 7, 65, 4.6
올레자매밥집, 음식점, 제주특별자치도 서귀포시 솔동산로21번길 17, 25, 3.5
가파도식탁, 음식점, 제주특별자치도 서귀포시 부두로 27-1, 25, 4.6
행운숯불갈비, 음식점, 제주특별자치도 서귀포시 부두로 12, 15, 4.6
동해미락, 음식점, 제주특별자치도 서귀포시 칠십리로 133, 117, 4.0
서귀포괸당네, 음식점, 제주특별자치도 서귀포시 칠십리로 123, 18, 1.9
제주산방 식당 서귀점, 음식점, 제주특별자치도 서귀포시 소암로 25, 9, 4.7
만사성, 음식점, 제주특별자치도 서귀포시 소암로 37, 11, 3.5
연송갈치, 음식점, 제주특별자치도 서귀포시 칠십리로 145, 4, 4.0
멧돌뚝배기, 음식점, 제주특별자치도 서귀포시 칠십리로 145, 9, 2.0
깜시네, 음식점, 제주특별자치도 서귀포시 소암로 18, 15, 4.3
스시아키라, 음식점, 제주특별자치도 서귀포시 칠십리로 135, 0, 0.0
쉼팡마씸, 음식점, 제주특별자치도 서귀포시 칠십리로 145, 0, 0.0
제주순두부, 음식점, 제주특별자치도 서귀포시 칠십리로 145, 0, 0.0
금바우, 음식점, 제주특별자치도 서귀포시 태평로371번길 4, 18, 4.7
장수촌, 음식점, 제주특별자치도 서귀포시 태평로371번길 3, 5, 5.0
엄마의손맛식당, 음식점, 제주특별자치도 서귀포시 태평로371번길 4, 12, 3.3
수희식당, 음식점, 제주특별자치도 서귀포시 태평로 377, 59, 3.2
시골길, 음식점, 제주특별자치도 서귀포시 중앙로 11, 6, 2.5
쌈촌 서귀포점, 음식점, 제주특별자치도 서귀포시 중앙로4번길 7, 3, 3.7
오션스14, 음식점, 제주특별자치도 서귀포시 중앙로 14, 0, 0.0
맨도롱 해장국, 음식점, 제주특별자치도 서귀포시 태평로353번길 11, 115, 3.7
올래국수 서귀포점, 음식점, 제주특별자치도 서귀포시 태평로353번길 22-5, 10, 2.6
문치비 아랑조을거리점, 음식점, 제주특별자치도 서귀포시 태평로353번길 12, 35, 4.5
하르방식당, 음식점, 제주특별자치도 서귀포시 태평로353번길 11, 20, 4.2
신신식육식당, 음식점, 제주특별자치도 서귀포시 태평로353번길 10, 28, 4.7
한라산레스토랑, 음식점, 제주특별자치도 서귀포시 태평로353번길 14, 1, 5.0
칸, 음식점, 제주특별자치도 서귀포시 태평로353번길 22, 0, 0.0
먹고정, 음식점, 제주특별자치도 서귀포시 명동로 5-1, 130, 4.6
상아식당, 음식점, 제주특별자치도 서귀포시 중앙로 25-1, 5, 4.2
뚜레쥬르 서귀포점, 음식점, 제주특별자치도 서귀포시 중정로 56-1, 3, 2.0
서울감자탕, 음식점, 제주특별자치도 서귀포시 중앙로 22, 3, 2.3
탐라한상, 음식점, 제주특별자치도 서귀포시 태평로353번길 22-5, 2, 5.0
바당동네, 음식점, 제주특별자치도 서귀포시 중앙로 23, 1, 5.0
못난이찹쌀꽈배기 제주본점, 음식점, 제주특별자치도 서귀포시 명동로 1, 13, 4.8
올레승돈, 음식점, 제주특별자치도 서귀포시 명동로 1-1, 6, 3.5
숟가락젓가락, 음식점, 제주특별자치도 서귀포시 중앙로 21, 0, 0.0
장원흑돈별, 음식점, 제주특별자치도 서귀포시 명동로 1-1, 5, 5.0
탐나는고깃간, 음식점, 제주특별자치도 서귀포시 중정로 54, 1, 5.0
마라미니족발, 음식점, 제주특별자치도 서귀포시 태평로353번길 26, 0, 0.0
스크류비어 서귀포1호점, 음식점, 제주특별자치도 서귀포시 중앙로 23, 1, 5.0
이층흑돼지불고기, 음식점, 제주특별자치도 서귀포시 중앙로 21, 1, 5.0
양산도동태찌개, 음식점, 제주특별자치도 서귀포시 중앙로 23, 0, 0.0
돌샘호프, 음식점, 제주특별자치도 서귀포시 태평로371번길 20, 1, 5.0
중섭이네식당, 음식점, 제주특별자치도 서귀포시 이중섭로 19, 26, 3.8
비포크비스트로, 음식점, 제주특별자치도 서귀포시 태평로 417-1, 25, 4.4
제주면떡볶이 이중섭거리점, 음식점, 제주특별자치도 서귀포시 태평로 415, 0, 0.0
비니스, 음식점, 제주특별자치도 서귀포시 중앙로4번길 20, 3, 4.0
흑돼지구워주는남자, 음식점, 제주특별자치도 서귀포시 이중섭로 31, 0, 0.0
파스타스튜디오, 음식점, 제주특별자치도 서귀포시 태평로371번길 32, 0, 0.0
단골반점, 음식점, 제주특별자치도 서귀포시 이중섭로 23-9, 0, 0.0
쌍둥이횟집, 음식점, 제주특별자치도 서귀포시 중정로62번길 14, 186, 2.6
24시전주명가콩나물국밥 서귀포점, 음식점, 제주특별자치도 서귀포시 중정로62번길 4, 14, 4.3
삿뽀로우동집 본점, 음식점, 제주특별자치도 서귀포시 명동로 5, 38, 4.4
집나간왕새우 바람난조개구이 서귀포점, 음식점, 제주특별자치도 서귀포시 명동로 14, 7, 4.0
동대문엽기떡볶이 서귀포점, 음식점, 제주특별자치도 서귀포시 명동로 7, 9, 2.7
명륜진사갈비 제주구서귀포점, 음식점, 제주특별자치도 서귀포시 명동로 4, 3, 2.7
역전할머니맥주 제주서귀동점, 음식점, 제주특별자치도 서귀포시 명동로 13-1, 1, 4.0
새향원분식, 음식점, 제주특별자치도 서귀포시 중정로62번길 7, 2, 4.0
창 스시&이자카야, 음식점, 제주특별자치도 서귀포시 명동로 7, 2, 5.0
해뜰날흑돼지샤브샤브, 음식점, 제주특별자치도 서귀포시 태평로439번길 44, 0, 0.0
육회지존 서귀포1호점, 음식점, 제주특별자치도 서귀포시 명동로 15, 3, 2.3
짱이네, 음식점, 제주특별자치도 서귀포시 명동로 5, 4, 5.0
또래오래 중앙점, 음식점, 제주특별자치도 서귀포시 명동로 11, 0, 0.0
흑꼼, 음식점, 제주특별자치도 서귀포시 중정로62번길 7, 1, 5.0
소주와낙지, 음식점, 제주특별자치도 서귀포시 중정로62번길 5, 0, 0.0
신틈새불닭발, 음식점, 제주특별자치도 서귀포시 명동로 5, 10, 4.6
해피포차, 음식점, 제주특별자치도 서귀포시 명동로 15, 0, 0.0
홈런펍, 음식점, 제주특별자치도 서귀포시 명동로 16, 0, 0.0
소랑주방, 음식점, 제주특별자치도 서귀포시 명동로 13-1, 0, 0.0
별관쌍둥이, 음식점, 제주특별자치도 서귀포시 중정로62번길 12, 1, 4.0
남도고기국수, 음식점, 제주특별자치도 서귀포시 명동로 26, 20, 4.9
평화식당, 음식점, 제주특별자치도 서귀포시 태평로439번길 26, 31, 4.5
신촌수제비, 음식점, 제주특별자치도 서귀포시 명동로 28-1, 8, 4.0
예림양꼬치, 음식점, 제주특별자치도 서귀포시 명동로 17, 4, 5.0
화룡 양꼬치, 음식점, 제주특별자치도 서귀포시 이중섭로 12, 1, 5.0
꼼닭발, 음식점, 제주특별자치도 서귀포시 명동로 28-1, 6, 2.2
절구통, 음식점, 제주특별자치도 서귀포시 이중섭로 5, 10, 3.0
옛날옛적에, 음식점, 제주특별자치도 서귀포시 명동로 19, 2, 5.0
막창도둑 제주본점, 음식점, 제주특별자치도 서귀포시 이중섭로 14-1, 1, 5.0
올레역, 음식점, 제주특별자치도 서귀포시 이중섭로 11, 2, 5.0
파랑도생태, 음식점, 제주특별자치도 서귀포시 이중섭로 11, 0, 0.0
노가리&비어, 음식점, 제주특별자치도 서귀포시 이중섭로 11, 0, 0.0
오른발왼발 서귀포점, 음식점, 제주특별자치도 서귀포시 이중섭로 11, 1, 4.0
구피풋, 음식점, 제주특별자치도 서귀포시 이중섭로 11, 1, 3.0
홍반장, 음식점, 제주특별자치도 서귀포시 이중섭로 12, 0, 0.0
요시, 음식점, 제주특별자치도 서귀포시 이중섭로 12, 0, 0.0
베이찡, 음식점, 제주특별자치도 서귀포시 이중섭로 11, 2, 1.0
파랑도국수향기, 음식점, 제주특별자치도 서귀포시 명동로 20, 1, 1.0
달펍, 음식점, 제주특별자치도 서귀포시 이중섭로 12, 0, 0.0
노네임, 음식점, 제주특별자치도 서귀포시 이중섭로 11, 0, 0.0
이래올래, 음식점, 제주특별자치도 서귀포시 이중섭로 12-1, 0, 0.0
사방팔방횟집, 음식점, 제주특별자치도 서귀포시 천지로 4, 25, 4.9
유림향, 음식점, 제주특별자치도 서귀포시 중앙로47번길 3, 6, 4.8
한남식육식당, 음식점, 제주특별자치도 서귀포시 천지로 9, 3, 3.7
돼지궁뎅이, 음식점, 제주특별자치도 서귀포시 중앙로41번길 7, 2, 4.5
동호식당, 음식점, 제주특별자치도 서귀포시 천지로 3, 3, 5.0
이심전심, 음식점, 제주특별자치도 서귀포시 중앙로47번길 5, 3, 2.3
숯검댕이 2호점, 음식점, 제주특별자치도 서귀포시 천지로 6, 2, 5.0
어머니와보리밥, 음식점, 제주특별자치도 서귀포시 중앙로41번길 7, 2, 5.0
도란도란, 음식점, 제주특별자치도 서귀포시 중앙로47번길 7, 0, 0.0
신나는철스 아랑조을거리점, 음식점, 제주특별자치도 서귀포시 천지로 8, 0, 0.0
콩깍지, 음식점, 제주특별자치도 서귀포시 중앙로47번길 7, 0, 0.0
꼬꼬실내소주방, 음식점, 제주특별자치도 서귀포시 천지로 3, 0, 0.0
큰댁, 음식점, 제주특별자치도 서귀포시 중앙로41번길 12, 0, 0.0
천짓골식당, 음식점, 제주특별자치도 서귀포시 중앙로41번길 4, 107, 4.0
서귀포국수마을, 음식점, 제주특별자치도 서귀포시 중앙로 41, 1, 3.0
으뜸아이스크림할인점 중앙점, 음식점, 제주특별자치도 서귀포시 중앙로 40, 0, 0.0
투다리 서귀포점, 음식점, 제주특별자치도 서귀포시 중정로 45, 2, 5.0
한국통닭 서귀포점, 음식점, 제주특별자치도 서귀포시 중정로 56, 3, 4.3
도쿄소주방, 음식점, 제주특별자치도 서귀포시 중앙로 35-1, 0, 0.0
포석정, 음식점, 제주특별자치도 서귀포시 중앙로 35-1, 0, 0.0
웅담식당, 음식점, 제주특별자치도 서귀포시 중앙로59번길 5, 0, 0.0
석경초밥, 음식점, 제주특별자치도 서귀포시 천지로 18, 36, 3.5
육도담 서귀포점, 음식점, 제주특별자치도 서귀포시 천지로 16, 6, 4.3
불타는숯불갈비, 음식점, 제주특별자치도 서귀포시 중앙로59번길 7, 6, 3.7
김삿갓보쌈족발, 음식점, 제주특별자치도 서귀포시 중앙로47번길 4-1, 3, 3.7
삼겹살땡기는날, 음식점, 제주특별자치도 서귀포시 천지로 21, 6, 5.0
노인과바다참치, 음식점, 제주특별자치도 서귀포시 서문로41번길 26, 1, 5.0
아랑조은맛집, 음식점, 제주특별자치도 서귀포시 천지로 19, 7, 3.9
미나리식당, 음식점, 제주특별자치도 서귀포시 중앙로59번길 11, 1, 1.0
기장아나고활어회센타, 음식점, 제주특별자치도 서귀포시 천지로 25, 2, 3.0
돈치킨 서귀포점, 음식점, 제주특별자치도 서귀포시 중앙로47번길 6, 2, 1.5
고향순대, 음식점, 제주특별자치도 서귀포시 천지로 23, 1, 3.0
사랑하오리, 음식점, 제주특별자치도 서귀포시 천지로 17, 2, 5.0
동언식당, 음식점, 제주특별자치도 서귀포시 천지로 26, 1, 5.0
사오정호프, 음식점, 제주특별자치도 서귀포시 천지로 24, 0, 0.0
더치페이, 음식점, 제주특별자치도 서귀포시 중앙로47번길 6, 0, 0.0
가비, 음식점, 제주특별자치도 서귀포시 중앙로59번길 7, 0, 0.0
부자마을삼겹살, 음식점, 제주특별자치도 서귀포시 천지로 23, 0, 0.0
차이나타운, 음식점, 제주특별자치도 서귀포시 중앙로47번길 4, 13, 2.8
백록귀빈댁, 음식점, 제주특별자치도 서귀포시 중앙로 49, 0, 0.0
은방울집, 음식점, 제주특별자치도 서귀포시 중앙로48번길 8, 0, 0.0
기흥어물, 음식점, 제주특별자치도 서귀포시 중정로61번길 6, 34, 4.8
통큰수산, 음식점, 제주특별자치도 서귀포시 중정로61번길 6, 57, 4.7
김밥천국 서귀포점, 음식점, 제주특별자치도 서귀포시 중정로 60, 15, 2.5
롯데리아 서귀포점, 음식점, 제주특별자치도 서귀포시 중정로61번길 9, 5, 2.0
배스킨라빈스 제주서귀포점, 음식점, 제주특별자치도 서귀포시 중정로 60, 3, 2.7
올레강민, 음식점, 제주특별자치도 서귀포시 중정로61번길 5, 19, 4.7
한라궁오메기떡, 음식점, 제주특별자치도 서귀포시 중앙로42번길 16, 5, 4.2
정희손맛, 음식점, 제주특별자치도 서귀포시 중앙로42번길 6-1, 13, 5.0
그때그집족발, 음식점, 제주특별자치도 서귀포시 중정로61번길 6, 2, 5.0
통나무횟집, 음식점, 제주특별자치도 서귀포시 중앙로42번길 16, 8, 3.3
신촌흑돼지강정, 음식점, 제주특별자치도 서귀포시 중앙로42번길 16, 19, 4.9
올레서울식당, 음식점, 제주특별자치도 서귀포시 중정로61번길 8-1, 1, 5.0
광명식당, 음식점, 제주특별자치도 서귀포시 중앙로42번길 18, 0, 0.0
이한식당, 음식점, 제주특별자치도 서귀포시 중앙로42번길 8, 0, 0.0
흑돈오리, 음식점, 제주특별자치도 서귀포시 이중섭로 5-5, 51, 4.1
새로나분식, 음식점, 제주특별자치도 서귀포시 중앙로42번길 24, 40, 2.9
아방국수, 음식점, 제주특별자치도 서귀포시 중정로73번길 4, 45, 4.8
마주앉아, 음식점, 제주특별자치도 서귀포시 명동로 27, 2, 3.0
통큰맛집, 음식점, 제주특별자치도 서귀포시 이중섭로 5-2, 1, 5.0
소문난순대족발, 음식점, 제주특별자치도 서귀포시 중앙로42번길 22, 17, 4.6
임창정의소주한잔 서귀포점, 음식점, 제주특별자치도 서귀포시 이중섭로 4-1, 2, 3.0
용우동 제주서귀포점, 음식점, 제주특별자치도 서귀포시 이중섭로 4, 7, 3.7
불로초장터, 음식점, 제주특별자치도 서귀포시 중앙로42번길 22, 2, 5.0
봉구비어 제주서귀점, 음식점, 제주특별자치도 서귀포시 이중섭로 5-5, 0, 0.0
기모찌, 음식점, 제주특별자치도 서귀포시 중정로73번길 4, 0, 0.0
코바코 제주서귀포점, 음식점, 제주특별자치도 서귀포시 이중섭로 5-1, 9, 3.0
초록분식, 음식점, 제주특별자치도 서귀포시 중앙로42번길 24, 2, 5.0
크라운호프 서귀포점, 음식점, 제주특별자치도 서귀포시 이중섭로 6, 0, 0.0
돈앤돈, 음식점, 제주특별자치도 서귀포시 이중섭로 5-5, 0, 0.0
맛짱먹거리, 음식점, 제주특별자치도 서귀포시 중정로73번길 5, 0, 0.0
에덴분식, 음식점, 제주특별자치도 서귀포시 중정로73번길 2, 0, 0.0
하효통닭치킨, 음식점, 제주특별자치도 서귀포시 중정로73번길 4-1, 2, 2.0
장강, 음식점, 제주특별자치도 서귀포시 중정로73번길 1, 0, 0.0
올레수산회센터, 음식점, 제주특별자치도 서귀포시 중정로61번길 12, 21, 2.1
황금어장, 음식점, 제주특별자치도 서귀포시 중앙로48번길 14, 40, 1.3
마마네회포장, 음식점, 제주특별자치도 서귀포시 중앙로48번길 13, 48, 4.7
마약해물파전, 음식점, 제주특별자치도 서귀포시 중정로61번길 14, 5, 3.0
소미네분식, 음식점, 제주특별자치도 서귀포시 중정로61번길 11-1, 7, 2.0
황금올래길, 음식점, 제주특별자치도 서귀포시 중정로61번길 12-1, 0, 0.0
한중식당, 음식점, 제주특별자치도 서귀포시 중정로61번길 9-1, 0, 0.0
마농치킨 본점, 음식점, 제주특별자치도 서귀포시 중앙로48번길 14-1, 141, 2.5
금복식당, 음식점, 제주특별자치도 서귀포시 중앙로48번길 18, 22, 4.7
싱싱올레해산물, 음식점, 제주특별자치도 서귀포시 중앙로48번길 14, 27, 4.3
우리집웰빙식당, 음식점, 제주특별자치도 서귀포시 중정로73번길 11, 0, 0.0
정옥제과, 음식점, 제주특별자치도 서귀포시 중앙로48번길 18, 2, 4.0
우리정육식당, 음식점, 제주특별자치도 서귀포시 중앙로48번길 15, 2, 4.5
올레야시장, 음식점, 제주특별자치도 서귀포시 중정로61번길 20, 5, 4.8
올래장터국수, 음식점, 제주특별자치도 서귀포시 중정로61번길 23, 75, 4.6
소린이네회, 음식점, 제주특별자치도 서귀포시 중정로61번길 22, 23, 3.2
마농토스트, 음식점, 제주특별자치도 서귀포시 중정로61번길 20, 7, 5.0
일래원마농, 음식점, 제주특별자치도 서귀포시 중정로61번길 20, 2, 5.0
섬만두, 음식점, 제주특별자치도 서귀포시 중정로61번길 23, 6, 5.0
서귀포올레 오란다앤과즐, 음식점, 제주특별자치도 서귀포시 중정로61번길 20, 2, 5.0
소린이네횟집, 음식점, 제주특별자치도 서귀포시 중정로61번길 22, 7, 1.6
흑돼지김치말이, 음식점, 제주특별자치도 서귀포시 중정로61번길 20, 1, 1.0
춘목원 하루한끼, 음식점, 제주특별자치도 서귀포시 중정로61번길 20, 0, 0.0
부산아구찜, 음식점, 제주특별자치도 서귀포시 중정로61번길 22, 0, 0.0
두꺼비치킨, 음식점, 제주특별자치도 서귀포시 중정로61번길 19, 1, 4.0
게판5분전, 음식점, 제주특별자치도 서귀포시 중앙로54번길 35, 21, 2.1
귤하르방 올레시장점, 음식점, 제주특별자치도 서귀포시 중앙로54번길 35, 11, 4.6
메밀치킨, 음식점, 제주특별자치도 서귀포시 중앙로48번길 17-1, 40, 4.2
동해옛날보리빵, 음식점, 제주특별자치도 서귀포시 중정로73번길 15-1, 0, 0.0
봉평메밀막국수, 음식점, 제주특별자치도 서귀포시 중앙로54번길 32, 0, 0.0
민경이네, 음식점, 제주특별자치도 서귀포시 중앙로54번길 34, 1, 4.0
비테비테, 음식점, 제주특별자치도 서귀포시 중앙로54번길 38, 0, 0.0
벤지네쏘세지앤핫도그, 음식점, 제주특별자치도 서귀포시 중앙로54번길 35, 1, 5.0
동글이흑돼지바베큐, 음식점, 제주특별자치도 서귀포시 중앙로54번길 35, 1, 1.0
우정분식, 음식점, 제주특별자치도 서귀포시 중앙로54번길 32, 0, 0.0
새늘봄, 음식점, 제주특별자치도 서귀포시 중앙로54번길 34, 0, 0.0
설화, 음식점, 제주특별자치도 서귀포시 중앙로48번길 17-1, 0, 0.0
불로초흑돼지, 음식점, 제주특별자치도 서귀포시 중정로73번길 20, 53, 4.5
한라통닭, 음식점, 제주특별자치도 서귀포시 중정로73번길 13, 39, 3.6
버들집, 음식점, 제주특별자치도 서귀포시 중정로73번길 10-1, 16, 3.9
우도돼지네땅콩만두 올레본점, 음식점, 제주특별자치도 서귀포시 중정로73번길 15-1, 26, 2.8
골목해장국, 음식점, 제주특별자치도 서귀포시 중앙로42번길 25-1, 0, 0.0
흑돼지고로케, 음식점, 제주특별자치도 서귀포시 중정로73번길 18-1, 46, 4.5
깨끗한집, 음식점, 제주특별자치도 서귀포시 중정로91번길 19, 5, 3.8
연플라워케이크 제쥬카롱, 음식점, 제주특별자치도 서귀포시 중앙로42번길 27, 1, 5.0
하여사국수, 음식점, 제주특별자치도 서귀포시 중앙로48번길 32, 9, 3.6
채우네소머리국밥, 음식점, 제주특별자치도 서귀포시 중앙로48번길 29, 0, 0.0
서귀흑염소제골, 음식점, 제주특별자치도 서귀포시 중정로91번길 23-2, 0, 0.0
문빵9 올레시장점, 음식점, 제주특별자치도 서귀포시 중정로73번길 18-1, 1, 5.0
올레삼촌흑돼지마농떡갈비, 음식점, 제주특별자치도 서귀포시 중정로73번길 15-1, 1, 2.0
짱이네흑돼지강정, 음식점, 제주특별자치도 서귀포시 중앙로48번길 21, 13, 2.6
조방칼국수수제비, 음식점, 제주특별자치도 서귀포시 중정로91번길 25, 3, 3.7
올래옛날통닭, 음식점, 제주특별자치도 서귀포시 중정로73번길 17, 0, 0.0
족발애살다, 음식점, 제주특별자치도 서귀포시 중정로73번길 15, 0, 0.0
인우식당, 음식점, 제주특별자치도 서귀포시 중앙로48번길 32, 0, 0.0
오돈꼬치, 음식점, 제주특별자치도 서귀포시 중정로73번길 17, 0, 0.0
제성제과 올레시장점, 음식점, 제주특별자치도 서귀포시 중정로73번길 13, 0, 0.0
쭈꾸쭈꾸쭈꾸미, 음식점, 제주특별자치도 서귀포시 명동로 32, 10, 4.2
올레일품, 음식점, 제주특별자치도 서귀포시 태평로 444, 50, 4.3
럭키상회 서귀포점, 음식점, 제주특별자치도 서귀포시 태평로 430, 10, 4.6
비바리킴, 음식점, 제주특별자치도 서귀포시 태평로 423, 6, 3.7
만나칼국수, 음식점, 제주특별자치도 서귀포시 태평로 423, 0, 0.0
원준이네, 음식점, 제주특별자치도 서귀포시 태평로442번길 6, 0, 0.0
쭈구쭈꾸쭈꾸미 3호점, 음식점, 제주특별자치도 서귀포시 명동로 32, 0, 0.0
바나나에반하다, 음식점, 제주특별자치도 서귀포시 명동로 34, 1, 5.0
순살몬스터 서귀포마을, 음식점, 제주특별자치도 서귀포시 태평로431번길 16, 0, 0.0
성희식당, 음식점, 제주특별자치도 서귀포시 태평로 426, 0, 0.0
소유, 음식점, 제주특별자치도 서귀포시 태평로431번길 3, 0, 0.0
439번길, 음식점, 제주특별자치도 서귀포시 태평로439번길 21, 0, 0.0
백년가야밀면, 음식점, 제주특별자치도 서귀포시 태평로 452, 35, 3.9
한동네, 음식점, 제주특별자치도 서귀포시 동부로 4, 20, 4.6
서귀포어시장, 음식점, 제주특별자치도 서귀포시 정방로 17, 10, 4.2
갯바위횟집, 음식점, 제주특별자치도 서귀포시 동부로 18, 5, 1.8
수미흑돈, 음식점, 제주특별자치도 서귀포시 태평로 448, 10, 4.2
동카름1970, 음식점, 제주특별자치도 서귀포시 태평로 464, 2, 5.0
두번째맛있는집, 음식점, 제주특별자치도 서귀포시 태평로 461, 3, 3.7
헬로마씸, 음식점, 제주특별자치도 서귀포시 태평로 449, 0, 0.0
포차분식, 음식점, 제주특별자치도 서귀포시 동부로 22, 1, 5.0
명가보쌈, 음식점, 제주특별자치도 서귀포시 명동로 31, 12, 4.3
교촌치킨 서귀포명동점, 음식점, 제주특별자치도 서귀포시 명동로 29, 3, 2.3
머거본말고기식당, 음식점, 제주특별자치도 서귀포시 태평로431번길 24, 3, 1.0
돈하르방, 음식점, 제주특별자치도 서귀포시 명동로 33, 30, 4.6
풍광양꼬치, 음식점, 제주특별자치도 서귀포시 태평로431번길 27, 5, 4.0
춘천명동닭갈비 서귀포점, 음식점, 제주특별자치도 서귀포시 명동로 29-1, 11, 2.6
한남동그집 제주서귀동점, 음식점, 제주특별자치도 서귀포시 태평로431번길 24, 1, 5.0
유하, 음식점, 제주특별자치도 서귀포시 태평로431번길 24, 1, 5.0
바다어멍, 음식점, 제주특별자치도 서귀포시 명동로 45, 44, 4.5
서귀포 갈치전복 전문점 바다어멍, 음식점, 제주특별자치도 서귀포시 명동로 45, 24, 4.9
삼다숯불갈비, 음식점, 제주특별자치도 서귀포시 명동로 43, 12, 4.2
동문당빵집, 음식점, 제주특별자치도 서귀포시 중정로 103, 1, 5.0
쌍둥이네, 음식점, 제주특별자치도 서귀포시 명동로 47, 5, 5.0
달맞지, 음식점, 제주특별자치도 서귀포시 명동로 53, 1, 5.0
친구야식, 음식점, 제주특별자치도 서귀포시 중정로 96-1, 0, 0.0
더끌림, 음식점, 제주특별자치도 서귀포시 명동로 44, 0, 0.0
수리술술, 음식점, 제주특별자치도 서귀포시 명동로 44, 0, 0.0
제주막창, 음식점, 제주특별자치도 서귀포시 중정로91번길 12, 17, 4.2
기어서집까지, 음식점, 제주특별자치도 서귀포시 동문로 48, 6, 4.7
명동숯불갈비, 음식점, 제주특별자치도 서귀포시 중앙로42번길 41, 4, 4.0
왕천파닭 서귀포점, 음식점, 제주특별자치도 서귀포시 중앙로42번길 33-1, 3, 5.0
자갈치아구찜, 음식점, 제주특별자치도 서귀포시 중정로91번길 9, 6, 4.3
은정이네식당, 음식점, 제주특별자치도 서귀포시 중정로91번길 9, 0, 0.0
산고을오리, 음식점, 제주특별자치도 서귀포시 동문로 48, 0, 0.0
중앙복돼지, 음식점, 제주특별자치도 서귀포시 중앙로48번길 35, 0, 0.0
삼거리식당, 음식점, 제주특별자치도 서귀포시 중앙로48번길 32, 0, 0.0
나주곰탕, 음식점, 제주특별자치도 서귀포시 중정로91번길 12-1, 0, 0.0
다올국수, 음식점, 제주특별자치도 서귀포시 중정로91번길 18, 2, 4.5
삼행식당, 음식점, 제주특별자치도 서귀포시 중정로91번길 15, 0, 0.0
양푼왕감자탕, 음식점, 제주특별자치도 서귀포시 중정로91번길 10, 0, 0.0
먹깨비, 음식점, 제주특별자치도 서귀포시 중정로91번길 7, 1, 5.0
예다움식당, 음식점, 제주특별자치도 서귀포시 동문로 56, 1, 5.0
어머나삼겹살, 음식점, 제주특별자치도 서귀포시 동문로 48, 0, 0.0
행진, 음식점, 제주특별자치도 서귀포시 중앙로48번길 35, 0, 0.0
시장옛날국수, 음식점, 제주특별자치도 서귀포시 중정로91번길 11, 0, 0.0
찬누리호프, 음식점, 제주특별자치도 서귀포시 중정로91번길 11, 0, 0.0
또와또와식당, 음식점, 제주특별자치도 서귀포시 중정로91번길 16, 0, 0.0
야끼, 음식점, 제주특별자치도 서귀포시 중정로91번길 10, 0, 0.0
추자집밥, 음식점, 제주특별자치도 서귀포시 중정로91번길 15, 0, 0.0
주희식당, 음식점, 제주특별자치도 서귀포시 중정로91번길 16, 0, 0.0
다정이네 올레시장본점, 음식점, 제주특별자치도 서귀포시 동문로 59-1, 325, 4.2
88버거, 음식점, 제주특별자치도 서귀포시 동문로 63, 275, 4.1
나원회포차, 음식점, 제주특별자치도 서귀포시 동문동로 4, 87, 4.5
옛날통닭, 음식점, 제주특별자치도 서귀포시 동문로 62, 11, 4.4
나원횟집, 음식점, 제주특별자치도 서귀포시 동문동로 2, 3, 4.3
백록횟집, 음식점, 제주특별자치도 서귀포시 동문동로 6, 2, 5.0
한라산불뚝이 본점, 음식점, 제주특별자치도 서귀포시 동문로 65, 0, 0.0
불티나흑돼지, 음식점, 제주특별자치도 서귀포시 동문동로 8, 1, 5.0
고려반점, 음식점, 제주특별자치도 서귀포시 동문로 57, 5, 3.2
효진이네, 음식점, 제주특별자치도 서귀포시 동문로 66-1, 0, 0.0
본돈, 음식점, 제주특별자치도 서귀포시 중동로48번길 9, 3, 5.0
독도참치, 음식점, 제주특별자치도 서귀포시 동문로 62-1, 3, 3.7
꾸러기분식, 음식점, 제주특별자치도 서귀포시 동문로 70, 1, 3.0
막창먹는놈 서귀포점, 음식점, 제주특별자치도 서귀포시 동문로 58, 2, 5.0
맥주클럽, 음식점, 제주특별자치도 서귀포시 동문로 59, 0, 0.0
스카이데이, 음식점, 제주특별자치도 서귀포시 동홍로 7, 0, 0.0
고도리야식, 음식점, 제주특별자치도 서귀포시 동문동로 7, 0, 0.0
토크쇼 동문점, 음식점, 제주특별자치도 서귀포시 동문로 65, 0, 0.0
트멍술집, 음식점, 제주특별자치도 서귀포시 동문로 60, 0, 0.0
다혜솔방, 음식점, 제주특별자치도 서귀포시 동문로 65, 0, 0.0
오는정김밥, 음식점, 제주특별자치도 서귀포시 동문동로 2, 693, 3.2
미풍해장국 서귀포점, 음식점, 제주특별자치도 서귀포시 동홍로12번길 3, 21, 3.9
청송고기국수, 음식점, 제주특별자치도 서귀포시 동홍로 8, 44, 3.7
아름이네분식, 음식점, 제주특별자치도 서귀포시 동문로 69, 24, 3.7
파리바게뜨 제주서귀포점, 음식점, 제주특별자치도 서귀포시 동홍로 4, 6, 1.7
오라방횟집, 음식점, 제주특별자치도 서귀포시 동홍로8번길 6, 10, 4.9
애릿내, 음식점, 제주특별자치도 서귀포시 정방로 7-7, 6, 4.5
경남식당, 음식점, 제주특별자치도 서귀포시 중동로 74, 3, 4.7
여러분산꼼장어, 음식점, 제주특별자치도 서귀포시 동홍로 3, 8, 4.5
시민을위한숯불갈비, 음식점, 제주특별자치도 서귀포시 동홍로 10, 1, 1.0
장작불갈비, 음식점, 제주특별자치도 서귀포시 동홍로8번길 15, 3, 4.7
오다가다, 음식점, 제주특별자치도 서귀포시 동홍로 14, 0, 0.0
왕자반점, 음식점, 제주특별자치도 서귀포시 정방로 7-5, 1, 5.0
국수와의미팅, 음식점, 제주특별자치도 서귀포시 동홍로 11, 8, 4.3
나들이식당, 음식점, 제주특별자치도 서귀포시 정방로 7-2, 1, 4.0
고가명가, 음식점, 제주특별자치도 서귀포시 동홍로 6, 0, 0.0
맛있는집복실이네, 음식점, 제주특별자치도 서귀포시 동홍로 12, 0, 0.0
까투리 서귀동문점, 음식점, 제주특별자치도 서귀포시 동홍로 10, 0, 0.0
먹고싶소먹으면돼지, 음식점, 제주특별자치도 서귀포시 동홍로8번길 13, 0, 0.0
혜시리네, 음식점, 제주특별자치도 서귀포시 동홍로8번길 13, 0, 0.0
복건배, 음식점, 제주특별자치도 서귀포시 정방로 7-4, 1, 5.0
용화반점, 음식점, 제주특별자치도 서귀포시 정방로 7-5, 0, 0.0
용이식당, 음식점, 제주특별자치도 서귀포시 중앙로79번길 9, 111, 3.2
흑돼지자투리구이식당, 음식점, 제주특별자치도 서귀포시 천지로 42, 12, 4.6
세계의가정식, 음식점, 제주특별자치도 서귀포시 천지로 42, 21, 4.2
아랑회초밥, 음식점, 제주특별자치도 서귀포시 중앙로71번길 8, 30, 4.5
우아랑, 음식점, 제주특별자치도 서귀포시 천지로 34, 1, 5.0
맘스터치 서귀중앙점, 음식점, 제주특별자치도 서귀포시 중앙로 69, 13, 2.5
현가네정식, 음식점, 제주특별자치도 서귀포시 중앙로71번길 7, 11, 4.1
이자카야 이디야, 음식점, 제주특별자치도 서귀포시 중앙로71번길 6-2, 3, 4.7
할머니떡집, 음식점, 제주특별자치도 서귀포시 중앙로79번길 12, 0, 0.0
죽이야기 제주서귀포점, 음식점, 제주특별자치도 서귀포시 중앙로71번길 7, 3, 1.3
북경오리화덕구이 서귀포점, 음식점, 제주특별자치도 서귀포시 중앙로 65, 2, 5.0
두꺼비식당, 음식점, 제주특별자치도 서귀포시 중앙로71번길 9, 0, 0.0
폴라니포케 서귀중앙점, 음식점, 제주특별자치도 서귀포시 중앙로59번길 6, 0, 0.0
한라산저팔계, 음식점, 제주특별자치도 서귀포시 중앙로59번길 8, 2, 5.0
서귀동298-5, 음식점, 제주특별자치도 서귀포시 천지로 42, 21, 4.2
신영식당, 음식점, 제주특별자치도 서귀포시 중앙로71번길 4, 1, 1.0
토크쇼소주방, 음식점, 제주특별자치도 서귀포시 중앙로71번길 4, 0, 0.0
나몰라, 음식점, 제주특별자치도 서귀포시 중앙로71번길 8, 0, 0.0
1박2일, 음식점, 제주특별자치도 서귀포시 중앙로59번길 4, 0, 0.0
아즈망국수, 음식점, 제주특별자치도 서귀포시 중앙로59번길 4, 0, 0.0
수진돌솥밥, 음식점, 제주특별자치도 서귀포시 중앙로62번길 4, 6, 3.7
운하반점, 음식점, 제주특별자치도 서귀포시 중앙로72번길 8-1, 27, 4.8
에그드랍 서귀포중앙점, 음식점, 제주특별자치도 서귀포시 중앙로 72, 1, 5.0
한솥도시락 제주서귀포점, 음식점, 제주특별자치도 서귀포시 중앙로62번길 1, 3, 2.3
본전식당, 음식점, 제주특별자치도 서귀포시 중앙로 61, 1, 5.0
담터, 음식점, 제주특별자치도 서귀포시 중앙로62번길 1, 6, 5.0
명동식당, 음식점, 제주특별자치도 서귀포시 중앙로72번길 12, 4, 5.0
자담치킨 제주서귀포점, 음식점, 제주특별자치도 서귀포시 중앙로72번길 3, 0, 0.0
찌리릿, 음식점, 제주특별자치도 서귀포시 중정로91번길 47, 0, 0.0
즐마클럽, 음식점, 제주특별자치도 서귀포시 중앙로72번길 6, 0, 0.0
명동분식, 음식점, 제주특별자치도 서귀포시 중앙로72번길 12, 0, 0.0
행복한잔, 음식점, 제주특별자치도 서귀포시 중앙로72번길 8-7, 0, 0.0
화수분, 음식점, 제주특별자치도 서귀포시 중정로91번길 47, 0, 0.0
고씨네천지국수, 음식점, 제주특별자치도 서귀포시 중앙로79번길 4, 258, 4.3
제일수산횟집, 음식점, 제주특별자치도 서귀포시 중앙로79번길 8, 105, 4.5
9터미널, 음식점, 제주특별자치도 서귀포시 서문로 9, 7, 4.9
동완식당, 음식점, 제주특별자치도 서귀포시 중앙로 81, 18, 4.2
산아래식당, 음식점, 제주특별자치도 서귀포시 중앙로79번길 3, 20, 4.5
진국옹기설렁탕, 음식점, 제주특별자치도 서귀포시 중앙로79번길 10, 9, 3.7
김밥명가 서귀포점, 음식점, 제주특별자치도 서귀포시 서문로 5-2, 2, 2.5
삼공오공식당, 음식점, 제주특별자치도 서귀포시 서문로 5, 12, 4.8
대광장식당, 음식점, 제주특별자치도 서귀포시 중앙로 79, 8, 5.0
한라 베이커리, 음식점, 제주특별자치도 서귀포시 중앙로 77, 5, 4.4
세숫대야냉면, 음식점, 제주특별자치도 서귀포시 중앙로79번길 3, 0, 0.0
을찌로국물떡볶이 제주서귀포점, 음식점, 제주특별자치도 서귀포시 서문로 11, 6, 4.7
제주부싯돌, 음식점, 제주특별자치도 서귀포시 중정로91번길 58, 61, 4.5
양주고을부대찌개, 음식점, 제주특별자치도 서귀포시 동문동로53번길 14, 13, 5.0
커리하우스, 음식점, 제주특별자치도 서귀포시 동문동로53번길 13, 28, 4.7
미스사이공 서귀포1호점, 음식점, 제주특별자치도 서귀포시 중앙로 76, 13, 4.0
서영횟집, 음식점, 제주특별자치도 서귀포시 중정로91번길 50-1, 1, 5.0
시장골목순대, 음식점, 제주특별자치도 서귀포시 동문로 12, 8, 4.8
대통아구 서귀점, 음식점, 제주특별자치도 서귀포시 중정로91번길 58, 3, 3.7
황구네, 음식점, 제주특별자치도 서귀포시 동문동로53번길 16, 1, 5.0
올레대박식당, 음식점, 제주특별자치도 서귀포시 중정로91번길 49, 1, 5.0
정안식당, 음식점, 제주특별자치도 서귀포시 중정로91번길 58, 0, 0.0
러브리호프, 음식점, 제주특별자치도 서귀포시 중정로91번길 46, 0, 0.0
광장호프, 음식점, 제주특별자치도 서귀포시 동문로 2, 0, 0.0
손님구함, 음식점, 제주특별자치도 서귀포시 중정로91번길 57-2, 0, 0.0
카라, 음식점, 제주특별자치도 서귀포시 중앙로 78, 0, 0.0
남매네흑돼지, 음식점, 제주특별자치도 서귀포시 중정로61번길 24-1, 30, 3.1
마농치킨중앙통닭 3호점, 음식점, 제주특별자치도 서귀포시 중앙로62번길 23, 33, 2.6
매일올레돈, 음식점, 제주특별자치도 서귀포시 중앙로62번길 17, 121, 4.3
서귀떡방아, 음식점, 제주특별자치도 서귀포시 중앙로62번길 18, 9, 5.0
친구참숯구이, 음식점, 제주특별자치도 서귀포시 중정로91번길 40, 2, 4.5
아자부, 음식점, 제주특별자치도 서귀포시 중정로61번길 30, 2, 4.5
지민원흑돼지꼬치구이, 음식점, 제주특별자치도 서귀포시 중앙로62번길 18, 3, 3.7
돈둥지, 음식점, 제주특별자치도 서귀포시 중앙로72번길 14, 5, 4.8
쓰리국밥, 음식점, 제주특별자치도 서귀포시 중앙로62번길 11, 1, 5.0
다복이분식, 음식점, 제주특별자치도 서귀포시 중앙로62번길 23, 1, 5.0
오태식해바라기치킨 서귀포점, 음식점, 제주특별자치도 서귀포시 중정로61번길 34, 1, 5.0
쎈얼큰이 본점, 음식점, 제주특별자치도 서귀포시 중정로91번길 44, 0, 0.0
추억의분식, 음식점, 제주특별자치도 서귀포시 중앙로62번길 18, 5, 3.0
돼지네땅콩만두 2호점, 음식점, 제주특별자치도 서귀포시 중정로91번길 34, 0, 0.0
소주한잔, 음식점, 제주특별자치도 서귀포시 중정로91번길 41-1, 0, 0.0
이쁜꽃돼지, 음식점, 제주특별자치도 서귀포시 중정로91번길 41-1, 0, 0.0
아씨네포차, 음식점, 제주특별자치도 서귀포시 중앙로62번길 18, 0, 0.0
옹심이, 음식점, 제주특별자치도 서귀포시 중정로91번길 36, 0, 0.0
불돈, 음식점, 제주특별자치도 서귀포시 중정로61번길 24-1, 0, 0.0
화수분, 음식점, 제주특별자치도 서귀포시 중정로91번길 39-1, 0, 0.0
예감호프, 음식점, 제주특별자치도 서귀포시 중정로91번길 42, 0, 0.0
서귀포콜라텍 구내식당, 음식점, 제주특별자치도 서귀포시 중정로61번길 26, 0, 0.0
또똣, 음식점, 제주특별자치도 서귀포시 중앙로62번길 18, 0, 0.0
수연, 음식점, 제주특별자치도 서귀포시 중정로61번길 30-1, 0, 0.0
팬클럽, 음식점, 제주특별자치도 서귀포시 중정로91번길 42, 0, 0.0
별궁소주방, 음식점, 제주특별자치도 서귀포시 중정로91번길 41-1, 0, 0.0
신양귀비, 음식점, 제주특별자치도 서귀포시 중정로61번길 24, 0, 0.0
안거리음식점, 음식점, 제주특별자치도 서귀포시 중정로91번길 38, 0, 0.0
달인해산물, 음식점, 제주특별자치도 서귀포시 중정로73번길 22, 62, 2.1
김가네흑돼지, 음식점, 제주특별자치도 서귀포시 중정로91번길 25-1, 46, 4.7
서귀포해뜨는집, 음식점, 제주특별자치도 서귀포시 중앙로62번길 27, 9, 3.8
제주소, 음식점, 제주특별자치도 서귀포시 중정로91번길 30, 4, 4.0
영시흑돼지, 음식점, 제주특별자치도 서귀포시 동문동로 29, 14, 4.7
샤브랑, 음식점, 제주특별자치도 서귀포시 동문로 31, 5, 5.0
놀이터식육식당, 음식점, 제주특별자치도 서귀포시 중정로73번길 24-1, 12, 3.7
원두막, 음식점, 제주특별자치도 서귀포시 중정로91번길 30, 7, 4.3
꼬다만꽈배기, 음식점, 제주특별자치도 서귀포시 중정로73번길 22, 1, 5.0
다복이네분식, 음식점, 제주특별자치도 서귀포시 중앙로62번길 23, 3, 5.0
옛날어전, 음식점, 제주특별자치도 서귀포시 동문동로 31, 3, 4.7
꾸브라꼬숯불두마리치킨 서귀포점, 음식점, 제주특별자치도 서귀포시 동문동로 37, 0, 0.0
싱싱식당 서귀포1호점, 음식점, 제주특별자치도 서귀포시 동문로 34, 2, 5.0
떡보의하루, 음식점, 제주특별자치도 서귀포시 동문로 25, 2, 5.0
짜짜루, 음식점, 제주특별자치도 서귀포시 중정로91번길 26-1, 3, 3.3
김밥노리터, 음식점, 제주특별자치도 서귀포시 중앙로62번길 23, 1, 5.0
달인회센타, 음식점, 제주특별자치도 서귀포시 중정로73번길 22, 3, 1.0
오르메맛, 음식점, 제주특별자치도 서귀포시 중앙로62번길 23, 9, 5.0
고집순두부, 음식점, 제주특별자치도 서귀포시 동문로 30-2, 1, 5.0
가고파, 음식점, 제주특별자치도 서귀포시 중정로91번길 25-2, 0, 0.0
간이역소주방, 음식점, 제주특별자치도 서귀포시 동문동로 35, 1, 5.0
열열이얼큰이&크리스피치킨 중앙점, 음식점, 제주특별자치도 서귀포시 동문동로 33, 0, 0.0
용왕식당, 음식점, 제주특별자치도 서귀포시 동문로 38, 1, 5.0
외가집고팡, 음식점, 제주특별자치도 서귀포시 동문로 33, 0, 0.0
컬러링 서귀포점, 음식점, 제주특별자치도 서귀포시 동문로 32, 0, 0.0
화로방, 음식점, 제주특별자치도 서귀포시 동문로 38, 0, 0.0
국수야, 음식점, 제주특별자치도 서귀포시 중정로91번길 26, 0, 0.0
다빈식당, 음식점, 제주특별자치도 서귀포시 동문로 30, 0, 0.0
BBQ 제주서귀일호점, 음식점, 제주특별자치도 서귀포시 동문로 22, 13, 1.9
동해정설렁탕, 음식점, 제주특별자치도 서귀포시 중앙로72번길 15, 1, 5.0
또래오래 제주서귀점, 음식점, 제주특별자치도 서귀포시 동문동로53번길 2, 4, 5.0
한일식당, 음식점, 제주특별자치도 서귀포시 중앙로72번길 13, 1, 1.0
사랑회센타, 음식점, 제주특별자치도 서귀포시 동문로 15-1, 0, 0.0
명가솥뚜껑, 음식점, 제주특별자치도 서귀포시 중앙로62번길 36, 33, 4.3
주막, 음식점, 제주특별자치도 서귀포시 동문로 25-1, 0, 0.0
맛있는집, 음식점, 제주특별자치도 서귀포시 중앙로 110, 39, 4.8
서귀포동경우동 본점, 음식점, 제주특별자치도 서귀포시 중앙로89번길 4, 24, 3.8
본죽 제주서귀포점, 음식점, 제주특별자치도 서귀포시 중앙로 111, 7, 2.0
파리바게뜨 서귀포1호광장점, 음식점, 제주특별자치도 서귀포시 중앙로 91, 8, 3.5
배스킨라빈스 서귀포광장점, 음식점, 제주특별자치도 서귀포시 일주동로 8674-1, 5, 1.0
서귀포김밥, 음식점, 제주특별자치도 서귀포시 일주동로 8676, 1, 5.0
이삭토스트 서귀포광장점, 음식점, 제주특별자치도 서귀포시 중앙로 92, 8, 2.3
몰고랑몸국, 음식점, 제주특별자치도 서귀포시 중앙로 111, 48, 4.6
신전떡볶이 서귀포점, 음식점, 제주특별자치도 서귀포시 중앙로 102, 7, 4.7
난타5000피자 일호광장점, 음식점, 제주특별자치도 서귀포시 중앙로 102, 2, 3.0
혼밥대왕 제주서귀포점, 음식점, 제주특별자치도 서귀포시 중앙로89번길 4, 2, 5.0
오늘도통통 서귀포점, 음식점, 제주특별자치도 서귀포시 중앙로 90, 0, 0.0
까스인서귀광장점, 음식점, 제주특별자치도 서귀포시 중앙로 92, 0, 0.0
남양분식, 음식점, 제주특별자치도 서귀포시 중앙로 100-14, 0, 0.0
맥도날드 제주서귀포DT점, 음식점, 제주특별자치도 서귀포시 일주동로 8665, 19, 2.2
청년다방 서귀포점, 음식점, 제주특별자치도 서귀포시 일주동로 8647, 4, 4.0
맛깔참죽 제주서귀포1호점, 음식점, 제주특별자치도 서귀포시 일주동로 8662, 5, 5.0
피자 클래스 서귀포점, 음식점, 제주특별자치도 서귀포시 일주동로 8650, 2, 5.0
피자에땅 서귀포점, 음식점, 제주특별자치도 서귀포시 일주동로 8654, 2, 3.0
대박삼겹김치찜&초대박등갈비김치찜 서귀포점, 음식점, 제주특별자치도 서귀포시 일주동로 8648-5, 0, 0.0
고깃집 서귀포점, 음식점, 제주특별자치도 서귀포시 일주동로 8648, 1, 5.0
보라해, 음식점, 제주특별자치도 서귀포시 일주동로 8652, 0, 0.0
조간지, 음식점, 제주특별자치도 서귀포시 일주동로 8657, 1, 5.0
짱구분식, 음식점, 제주특별자치도 서귀포시 중동로48번길 3, 127, 3.9
바당국수, 음식점, 제주특별자치도 서귀포시 동문동로 21-1, 61, 3.9
소반, 음식점, 제주특별자치도 서귀포시 중동로 23, 49, 4.2
레오네핏제리아, 음식점, 제주특별자치도 서귀포시 중동로 26, 11, 4.7
서연가, 음식점, 제주특별자치도 서귀포시 중동로48번길 1, 1, 1.0
진심고기, 음식점, 제주특별자치도 서귀포시 중앙로48번길 42-1, 5, 4.6
서귀포홍가네삼겹살, 음식점, 제주특별자치도 서귀포시 중앙로48번길 46, 2, 5.0
대원반점, 음식점, 제주특별자치도 서귀포시 동문동로 26, 0, 0.0
이고집, 음식점, 제주특별자치도 서귀포시 문부로 7, 13, 3.5
서귀포갈비, 음식점, 제주특별자치도 서귀포시 동홍로 42, 13, 4.6
괸당집 서귀포점, 음식점, 제주특별자치도 서귀포시 동홍로 21, 13, 3.3
삼겹살파티, 음식점, 제주특별자치도 서귀포시 문부로 4, 3, 4.7
인생역전, 음식점, 제주특별자치도 서귀포시 동홍로 15, 11, 4.5
쌀바삭치킨, 음식점, 제주특별자치도 서귀포시 동홍로 21, 0, 0.0
배터지는생동까스 서귀점, 음식점, 제주특별자치도 서귀포시 문부로 12, 1, 5.0
만덕이네게장, 음식점, 제주특별자치도 서귀포시 문부로11번길 5, 0, 0.0
더조은치킨코리아점, 음식점, 제주특별자치도 서귀포시 문부로 12, 0, 0.0
순봉숯불바베큐치킨, 음식점, 제주특별자치도 서귀포시 동홍로 21, 0, 0.0
탕참 탕수육참잘하는집 동홍점, 음식점, 제주특별자치도 서귀포시 동홍로 20, 0, 0.0
주니하니, 음식점, 제주특별자치도 서귀포시 동홍중앙로7번길 24, 0, 0.0
모이세해장국 중앙점, 음식점, 제주특별자치도 서귀포시 일주동로 8642, 4, 1.3
올레삼다정, 음식점, 제주특별자치도 서귀포시 태평로537번길 48, 135, 4.4
제주손칼국수냉면전문점, 음식점, 제주특별자치도 서귀포시 일주동로 8599, 12, 4.2
금강민물장어, 음식점, 제주특별자치도 서귀포시 일주동로 8597, 3, 2.3
춘천손가닭갈비, 음식점, 제주특별자치도 서귀포시 일주동로 8603, 7, 4.3
장수해장국, 음식점, 제주특별자치도 서귀포시 동홍로 46-5, 2, 3.0
네네치킨 서귀포1점, 음식점, 제주특별자치도 서귀포시 일주동로 8600, 2, 3.0
팡팡식당, 음식점, 제주특별자치도 서귀포시 동홍로 46-2, 8, 4.8
이백장돈가스 서귀포동홍점, 음식점, 제주특별자치도 서귀포시 일주동로 8600, 2, 1.0
다담칼국수, 음식점, 제주특별자치도 서귀포시 동홍서로 45, 2, 3.0
코리아마트 기타식품판매코너, 음식점, 제주특별자치도 서귀포시 동홍서로 42-7, 0, 0.0
코리아마트베이커리점, 음식점, 제주특별자치도 서귀포시 태평로537번길 49, 0, 0.0
주인, 음식점, 제주특별자치도 서귀포시 일주동로 8600, 0, 0.0
용국밥, 음식점, 제주특별자치도 서귀포시 중앙로 138, 2, 5.0
서귀포의료원 장례식장2식당, 음식점, 제주특별자치도 서귀포시 장수로 47, 0, 0.0
서귀포의료원 장례식장 1식당, 음식점, 제주특별자치도 서귀포시 장수로 47, 0, 0.0
짜장나라, 음식점, 제주특별자치도 서귀포시 장수로 1, 4, 4.8
나는강정같은치킨입니다 서귀포동홍점, 음식점, 제주특별자치도 서귀포시 동홍로90번길 2, 0, 0.0
제주명가두루치기, 음식점, 제주특별자치도 서귀포시 태평로 495, 69, 3.6
이어도, 음식점, 제주특별자치도 서귀포시 태평로 485, 11, 1.5
제주곶서귀포해물라면, 음식점, 제주특별자치도 서귀포시 칠십리로214번길 36, 35, 3.9
풍차맛집, 음식점, 제주특별자치도 서귀포시 칠십리로 203, 1, 2.0
암사동벼락국물떡볶이 서귀포점, 음식점, 제주특별자치도 서귀포시 태평로 487, 1, 5.0
식당대림성, 음식점, 제주특별자치도 서귀포시 동부로12번길 9, 0, 0.0
감씨네오리, 음식점, 제주특별자치도 서귀포시 태평로482번길 25, 0, 0.0
훼밀리마트 정방폭포점, 음식점, 제주특별자치도 서귀포시 칠십리로214번길 36, 0, 0.0
순미네, 음식점, 제주특별자치도 서귀포시 태평로 487, 0, 0.0
서울불고기, 음식점, 제주특별자치도 서귀포시 동홍중앙로 17, 14, 4.5
혁이네수산, 음식점, 제주특별자치도 서귀포시 동홍중앙로 10, 23, 4.9
최박사손칼국수, 음식점, 제주특별자치도 서귀포시 문부로 28, 15, 4.3
괴기집, 음식점, 제주특별자치도 서귀포시 동홍중앙로7번길 3, 8, 4.4
김태연국민동태탕 서귀포시동홍점, 음식점, 제주특별자치도 서귀포시 동홍중앙로 17, 4, 4.8
우리동네회센터, 음식점, 제주특별자치도 서귀포시 동홍중앙로 8, 4, 4.0
알통떡강정 제주서귀포점, 음식점, 제주특별자치도 서귀포시 동홍중앙로 9, 4, 5.0
복이랑아구랑, 음식점, 제주특별자치도 서귀포시 동홍중앙로 17, 2, 5.0
목로식당, 음식점, 제주특별자치도 서귀포시 문부로 36-3, 2, 5.0
금복주, 음식점, 제주특별자치도 서귀포시 태평로512번길 4, 0, 0.0
난타5000피자 제주동홍점, 음식점, 제주특별자치도 서귀포시 태평로512번길 4, 2, 1.0
으뜸아이스크림할인점 동홍동점, 음식점, 제주특별자치도 서귀포시 태평로 507, 0, 0.0
집밥, 음식점, 제주특별자치도 서귀포시 문부로 36-2, 3, 2.3
토크쇼동홍점, 음식점, 제주특별자치도 서귀포시 태평로512번길 4, 0, 0.0
늘푸른식당, 음식점, 제주특별자치도 서귀포시 동홍중앙로 8, 0, 0.0
주공민경이네집, 음식점, 제주특별자치도 서귀포시 동홍중앙로 9, 0, 0.0
복도록먹는집, 음식점, 제주특별자치도 서귀포시 문부로 36-3, 0, 0.0
신용참숯갈비, 음식점, 제주특별자치도 서귀포시 태평로 528, 7, 2.6
서귀포토속촌, 음식점, 제주특별자치도 서귀포시 태평로512번길 1-4, 9, 4.1
황궁쟁반짜장 서귀포서귀점, 음식점, 제주특별자치도 서귀포시 태평로 520, 6, 2.8
대화해장국 서귀포점, 음식점, 제주특별자치도 서귀포시 태평로 518, 3, 5.0
육싸롱, 음식점, 제주특별자치도 서귀포시 태평로 529-1, 1, 5.0
카페당근, 음식점, 제주특별자치도 서귀포시 태평로512번길 6, 1, 5.0
맛짱김밥, 음식점, 제주특별자치도 서귀포시 태평로512번길 1-4, 1, 1.0
형과아우, 음식점, 제주특별자치도 서귀포시 태평로512번길 5-1, 2, 5.0
돈마니, 음식점, 제주특별자치도 서귀포시 태평로512번길 1-4, 1, 5.0
주공한라식육식당, 음식점, 제주특별자치도 서귀포시 동홍중앙로 30, 4, 5.0
토담집, 음식점, 제주특별자치도 서귀포시 동홍중앙로 31, 4, 5.0
피자헛 서귀포점, 음식점, 제주특별자치도 서귀포시 일주동로 8590, 5, 3.6
교촌치킨 서귀포1호점, 음식점, 제주특별자치도 서귀포시 일주동로 8584, 7, 1.7
굽네치킨 제주동홍점, 음식점, 제주특별자치도 서귀포시 일주동로 8588, 3, 3.7
청해식당, 음식점, 제주특별자치도 서귀포시 동홍중앙로 39, 8, 5.0
피자알볼로 서귀포점, 음식점, 제주특별자치도 서귀포시 일주동로 8588, 12, 4.3
뚱뚱이네, 음식점, 제주특별자치도 서귀포시 일주동로 8592, 3, 3.3
내입속의김밥, 음식점, 제주특별자치도 서귀포시 태평로537번길 32, 0, 0.0
팔복식당, 음식점, 제주특별자치도 서귀포시 동홍중앙로 41, 2, 5.0
동홍정육식당, 음식점, 제주특별자치도 서귀포시 문부로 27-8, 2, 2.5
한잔더, 음식점, 제주특별자치도 서귀포시 태평로537번길 40-2, 0, 0.0
선영횟집, 음식점, 제주특별자치도 서귀포시 칠십리로 61-1, None, None
항구쌀국수, 음식점, 제주특별자치도 서귀포시 칠십리로 67, None, None
하버39, 음식점, 제주특별자치도 서귀포시 천지연로 39, None, None
천지연호치킨, 음식점, 제주특별자치도 서귀포시 천지연로 38, None, None
다이버홍포차, 음식점, 제주특별자치도 서귀포시 칠십리로 57, None, None
만부복집, 음식점, 제주특별자치도 서귀포시 칠십리로 40-6, None, None
오후다섯시, 음식점, 제주특별자치도 서귀포시 칠십리로 39, None, None
태준식당, 음식점, 제주특별자치도 서귀포시 칠십리로 57, None, None
어멍뚝배기, 음식점, 제주특별자치도 서귀포시 부두로 35, None, None
양평해장국 서귀포점, 음식점, 제주특별자치도 서귀포시 칠십리로 61, None, None
블랙바 서귀포점, 음식점, 제주특별자치도 서귀포시 솔동산로 27, None, None
서귀포백돼지, 음식점, 제주특별자치도 서귀포시 칠십리로91번길 14, None, None
투데이케이쿠, 음식점, 제주특별자치도 서귀포시 천지연로 21, None, None
먹돌새기, 음식점, 제주특별자치도 서귀포시 솔동산로 31, None, None
남성식당, 음식점, 제주특별자치도 서귀포시 칠십리로91번길 28, None, None
연주반점, 음식점, 제주특별자치도 서귀포시 부두로 55, None, None
부두로, 음식점, 제주특별자치도 서귀포시 부두로 39, None, None
달콤방앗간, 음식점, 제주특별자치도 서귀포시 태평로 389, None, None
제리스펍, 음식점, 제주특별자치도 서귀포시 솔동산로 20, None, None
충남식당, 음식점, 제주특별자치도 서귀포시 솔동산로 26, None, None
제주스럽닭 서귀포올레점, 음식점, 제주특별자치도 서귀포시 태평로 396, None, None
벌집식당, 음식점, 제주특별자치도 서귀포시 태평로 416, None, None
시봉카페, 음식점, 제주특별자치도 서귀포시 태평로 406, None, None
부두회수산, 음식점, 제주특별자치도 서귀포시 칠십리로 94, None, None
오또도넛 서귀점, 음식점, 제주특별자치도 서귀포시 부두로 16, None, None
신화쭈꾸미 신쭈, 음식점, 제주특별자치도 서귀포시 소암로 12-1, None, None
자구리토스트, 음식점, 제주특별자치도 서귀포시 소암로12번길 1, None, None
바다를본돼지 제주서귀포점, 음식점, 제주특별자치도 서귀포시 칠십리로 123, None, None
영빈횟집, 음식점, 제주특별자치도 서귀포시 칠십리로 129, None, None
탐라갈치, 음식점, 제주특별자치도 서귀포시 소암로 37, None, None
새만부정, 음식점, 제주특별자치도 서귀포시 칠십리로 135, None, None
스시아카리, 음식점, 제주특별자치도 서귀포시 칠십리로 135, None, None
베이커리카페70, 음식점, 제주특별자치도 서귀포시 소암로 33, None, None
무드우드, 음식점, 제주특별자치도 서귀포시 소암로 33, None, None
정낭식당, 음식점, 제주특별자치도 서귀포시 칠십리로 145, None, None
기억나는집, 음식점, 제주특별자치도 서귀포시 중앙로 6, None, None
서귀포갈치조림 무성향, 음식점, 제주특별자치도 서귀포시 중앙로4번길 7, None, None
키자나, 음식점, 제주특별자치도 서귀포시 태평로 381, None, None
올레시장에갓더라면, 음식점, 제주특별자치도 서귀포시 태평로353번길 18, None, None
지코바 서귀점, 음식점, 제주특별자치도 서귀포시 태평로353번길 14, None, None
이자카야츄, 음식점, 제주특별자치도 서귀포시 태평로353번길 18, None, None
다시오마, 음식점,  제주특별자치도 서귀포시 서귀동 827, None, None
삼대국수회관 서귀포점, 음식점, 제주특별자치도 서귀포시 중앙로 20, None, None
군자대한곱창 제주서귀포점, 음식점, 제주특별자치도 서귀포시 태평로353번길 22-5, None, None
술과동창회, 음식점, 제주특별자치도 서귀포시 중앙로 19, None, None
볼케이노, 음식점, 제주특별자치도 서귀포시 태평로371번길 30, None, None
서양국수공방, 음식점, 제주특별자치도 서귀포시 태평로371번길 32, None, None
로로417, 음식점, 제주특별자치도 서귀포시 태평로 417, None, None
루트84, 음식점, 제주특별자치도 서귀포시 이중섭로 19, None, None
낙곱새녀석들 서귀포점, 음식점, 제주특별자치도 서귀포시 이중섭로 19, None, None
324흑돼지 서귀포본점, 음식점, 제주특별자치도 서귀포시 명동로 6, None, None
소문난 돼지국밥, 음식점, 제주특별자치도 서귀포시 명동로 6, None, None
엔츠노래타운, 음식점, 제주특별자치도 서귀포시 명동로 13-1, None, None
백스비어 올레시장점, 음식점, 제주특별자치도 서귀포시 중정로62번길 4, None, None
도르앤홀덤펍, 음식점, 제주특별자치도 서귀포시 명동로 12, None, None
할라우드, 음식점, 제주특별자치도 서귀포시 명동로 11, None, None
싸고양많고맛있는집, 음식점, 제주특별자치도 서귀포시 중정로62번길 7, None, None
하이델베르그, 음식점, 제주특별자치도 서귀포시 명동로 14, None, None
통큰낙지 서귀포점, 음식점, 제주특별자치도 서귀포시 이중섭로 11, None, None
고기땡기네, 음식점, 제주특별자치도 서귀포시 이중섭로 11, None, None
빨간집 서귀포점, 음식점, 제주특별자치도 서귀포시 이중섭로 12-1, None, None
마루아라, 음식점, 제주특별자치도 서귀포시 이중섭로 16, None, None
파스타앤소주, 음식점, 제주특별자치도 서귀포시 이중섭로 11, None, None
금별맥주 서귀포점, 음식점, 제주특별자치도 서귀포시 명동로 20, None, None
처갓집양념치킨 서귀포점, 음식점, 제주특별자치도 서귀포시 이중섭로 11, None, None
육회본가 제주직영점, 음식점, 제주특별자치도 서귀포시 명동로 19, None, None
제주오라방, 음식점, 제주특별자치도 서귀포시 명동로 19-1, None, None
투하포, 음식점, 제주특별자치도 서귀포시 이중섭로 11, None, None
이가신쭈꾸미, 음식점, 제주특별자치도 서귀포시 이중섭로 12-1, None, None
천향각, 음식점, 제주특별자치도 서귀포시 이중섭로 11, None, None
꽃파는술집, 음식점, 제주특별자치도 서귀포시 명동로 17, None, None
테트리스찜닭 서귀포제1청사점, 음식점, 제주특별자치도 서귀포시 명동로 28, None, None
내담 서귀동점, 음식점, 제주특별자치도 서귀포시 태평로439번길 21, None, None
열열이얼큰이, 음식점, 제주특별자치도 서귀포시 이중섭로 11, None, None
제주약수터 본점, 음식점, 제주특별자치도 서귀포시 중앙로 35, None, None
홍당무떡볶이, 음식점, 제주특별자치도 서귀포시 중정로 45, None, None
신룽푸마라탕 서귀포점, 음식점, 제주특별자치도 서귀포시 중앙로 35, None, None
서귀주택, 음식점, 제주특별자치도 서귀포시 중앙로 43-1, None, None
청춘감성쌀핫도그 제주서귀중앙점, 음식점, 제주특별자치도 서귀포시 중앙로 41, None, None
바당한상, 음식점, 제주특별자치도 서귀포시 중정로 45, None, None
돈사향, 음식점, 제주특별자치도 서귀포시 천지로 20, None, None
유원식당, 음식점, 제주특별자치도 서귀포시 천지로 25, None, None
정담식당, 음식점, 제주특별자치도 서귀포시 천지로 14, None, None
너도먹고나도먹고, 음식점, 제주특별자치도 서귀포시 중앙로59번길 14, None, None
두끼떡볶이 제주서귀포점, 음식점, 제주특별자치도 서귀포시 중앙로54번길 14, None, None
녹두밭, 음식점,  제주특별자치도 서귀포시 서귀동 291-40 1층, None, None
캘리소프트서브 올레시장점, 음식점, 제주특별자치도 서귀포시 중앙로54번길 16, None, None
올레왕갈치, 음식점, 제주특별자치도 서귀포시 중앙로42번길 9, None, None
한스델리 서귀포점, 음식점,  제주특별자치도 서귀포시 서귀동 292-5 1층, None, None
먹거리시장, 음식점, 제주특별자치도 서귀포시 중앙로42번길 17, None, None
할머니떡집, 음식점, 제주특별자치도 서귀포시 중앙로42번길 24, None, None
허밍브래드, 음식점, 제주특별자치도 서귀포시 중정로 70, None, None
만복반미 서귀포올레시장점, 음식점, 제주특별자치도 서귀포시 이중섭로 5-1, None, None
2번통닭, 음식점,  제주특별자치도 서귀포시 서귀동 273-4 서귀포상설시장 내, None, None
한장의추억, 음식점, 제주특별자치도 서귀포시 이중섭로 6, None, None
제주약수터 올레시장점, 음식점, 제주특별자치도 서귀포시 중앙로48번길 10, None, None
거북이한과, 음식점, 제주특별자치도 서귀포시 중앙로48번길 9, None, None
드림회센터, 음식점, 제주특별자치도 서귀포시 중정로61번길 14, None, None
준이네분식, 음식점, 제주특별자치도 서귀포시 중앙로48번길 13, None, None
더드림도시락, 음식점, 제주특별자치도 서귀포시 중앙로48번길 15, None, None
칸스, 음식점, 제주특별자치도 서귀포시 중정로61번길 20, None, None
마농오메기통닭 마농문어통닭, 음식점, 제주특별자치도 서귀포시 중정로61번길 20, None, None
올레수제초밥, 음식점, 제주특별자치도 서귀포시 중앙로54번길 18, None, None
엄블랑등갈비, 음식점, 제주특별자치도 서귀포시 중앙로54번길 18, None, None
청춘이오란다 서귀포점, 음식점, 제주특별자치도 서귀포시 중정로61번길 20, None, None
돔베집, 음식점, 제주특별자치도 서귀포시 중정로61번길 20, None, None
비어수다, 음식점, 제주특별자치도 서귀포시 중정로61번길 20, None, None
어울림, 음식점, 제주특별자치도 서귀포시 중정로61번길 24, None, None
제일떡집, 음식점, 제주특별자치도 서귀포시 중정로73번길 15-1, None, None
매일통닭, 음식점, 제주특별자치도 서귀포시 중앙로54번길 35, None, None
돼지우정, 음식점, 제주특별자치도 서귀포시 중앙로54번길 35, None, None
한라당, 음식점, 제주특별자치도 서귀포시 중앙로54번길 42, None, None
올레오사, 음식점, 제주특별자치도 서귀포시 중앙로54번길 42, None, None
남매네왕갈치, 음식점, 제주특별자치도 서귀포시 중정로73번길 20, None, None
제주섬분식, 음식점, 제주특별자치도 서귀포시 중정로73번길 18, None, None
웰덤대게고로케, 음식점, 제주특별자치도 서귀포시 중정로73번길 13, None, None
깡통화덕 올레시장점, 음식점, 제주특별자치도 서귀포시 중정로73번길 13, None, None
요기올레, 음식점, 제주특별자치도 서귀포시 중앙로48번길 23-1, None, None
오돈가, 음식점, 제주특별자치도 서귀포시 태평로 444, None, None
토로, 음식점, 제주특별자치도 서귀포시 태평로442번길 2, None, None
멜버른32, 음식점, 제주특별자치도 서귀포시 태평로 423, None, None
티바두마리치킨 서귀포점, 음식점, 제주특별자치도 서귀포시 태평로431번길 16, None, None
이치진 서귀포점, 음식점, 제주특별자치도 서귀포시 명동로 32, None, None
신사삼구번길, 음식점, 제주특별자치도 서귀포시 태평로439번길 21, None, None
센트로, 음식점, 제주특별자치도 서귀포시 태평로 449, None, None
서귀동순대 나이트마켓, 음식점, 제주특별자치도 서귀포시 동부로 13-5, None, None
낙지네, 음식점, 제주특별자치도 서귀포시 동부로 22, None, None
관포지교, 음식점, 제주특별자치도 서귀포시 칠십리로 157, None, None
모루쿠다, 음식점, 제주특별자치도 서귀포시 태평로431번길 32, None, None
1943 서귀포명동로점, 음식점, 제주특별자치도 서귀포시 명동로 29-1, None, None
런카페, 음식점, 제주특별자치도 서귀포시 명동로 53, None, None
뽕뽕식당, 음식점, 제주특별자치도 서귀포시 중앙로42번길 33, None, None
메로식당, 음식점, 제주특별자치도 서귀포시 중정로91번길 16, None, None
혼차롱식개집, 음식점, 제주특별자치도 서귀포시 동문로 50, None, None
피치랑 서귀포점, 음식점, 제주특별자치도 서귀포시 동문로 56, None, None
어제그집, 음식점, 제주특별자치도 서귀포시 중앙로48번길 35, None, None
애나의숲 브런치카페, 음식점, 제주특별자치도 서귀포시 중동로48번길 8, None, None
앤티앤스프레즐 제주서귀포점, 음식점, 제주특별자치도 서귀포시 동문로 70, None, None
초읍만두 서귀포점, 음식점, 제주특별자치도 서귀포시 동문로 63, None, None
정초밥, 음식점, 제주특별자치도 서귀포시 동홍로 6, None, None
꼬란, 음식점, 제주특별자치도 서귀포시 동문동로 2, None, None
메추리식당, 음식점, 제주특별자치도 서귀포시 동홍로 5, None, None
진한밥상, 음식점, 제주특별자치도 서귀포시 태평로 467, None, None
살맛나는집벧엘정, 음식점, 제주특별자치도 서귀포시 정방로 12, None, None
팔팔88국밥, 음식점, 제주특별자치도 서귀포시 중앙로59번길 4, None, None
육회포차 서귀포본점, 음식점, 제주특별자치도 서귀포시 중앙로71번길 4, None, None
충청도식당, 음식점, 제주특별자치도 서귀포시 천지로 40, None, None
마녀닭강정&치킨, 음식점, 제주특별자치도 서귀포시 중앙로 65, None, None
오늘은 뒷고기, 음식점, 제주특별자치도 서귀포시 천지로 29, None, None
케이크를부탁해 서귀포점, 음식점, 제주특별자치도 서귀포시 중앙로 66, None, None
남원추어탕, 음식점, 제주특별자치도 서귀포시 중앙로62번길 5, None, None
소울카페, 음식점, 제주특별자치도 서귀포시 중앙로72번길 12, None, None
낭쿰낭쿰, 음식점, 제주특별자치도 서귀포시 중앙로79번길 4, None, None
오마제주, 음식점, 제주특별자치도 서귀포시 중앙로79번길 8, None, None
요레가, 음식점, 제주특별자치도 서귀포시 중앙로 81, None, None
바다양푼이동태탕 제주서귀점, 음식점,  제주특별자치도 서귀포시 서귀동 297-3, None, None
봉구스밥버거 서귀포점, 음식점, 제주특별자치도 서귀포시 중앙로 81, None, None
돈하, 음식점, 제주특별자치도 서귀포시 중정로91번길 51-1, None, None
쇼린마라탕 오리목전문점, 음식점, 제주특별자치도 서귀포시 중정로91번길 56, None, None
피슈마라홍탕 서귀포점, 음식점, 제주특별자치도 서귀포시 동문로 4, None, None
돈짬 서귀포점, 음식점, 제주특별자치도 서귀포시 동문동로53번길 10, None, None
소림마라탕, 음식점, 제주특별자치도 서귀포시 중정로91번길 53-1, None, None
삼호핫오리 12호점, 음식점, 제주특별자치도 서귀포시 중정로91번길 55, None, None
헤라, 음식점, 제주특별자치도 서귀포시 중앙로 84, None, None
뽈살집 제주본점, 음식점, 제주특별자치도 서귀포시 중정로91번길 41, None, None
마농치킨 2호점, 음식점, 제주특별자치도 서귀포시 중앙로62번길 13, None, None
남정네들포장마차, 음식점, 제주특별자치도 서귀포시 중정로61번길 26, None, None
일본라멘집 유라유라, 음식점, 제주특별자치도 서귀포시 중정로91번길 35, None, None
한끼, 음식점, 제주특별자치도 서귀포시 중정로91번길 36, None, None
웰빙싱싱회센터, 음식점, 제주특별자치도 서귀포시 중앙로62번길 13, None, None
반올림피자샵 제주서귀포점, 음식점, 제주특별자치도 서귀포시 동문로 36, None, None
또순이아구찜, 음식점, 제주특별자치도 서귀포시 동문동로 29, None, None
토마토도시락 서귀중앙점, 음식점, 제주특별자치도 서귀포시 동문로 38, None, None
인, 음식점, 제주특별자치도 서귀포시 중앙로62번길 34, None, None
빽가네짬뽕, 음식점, 제주특별자치도 서귀포시 동문로 13-1, None, None
화락바베큐치킨 서귀포점, 음식점, 제주특별자치도 서귀포시 동문동로53번길 2, None, None
화락바베큐치킨 제주서귀포점, 음식점, 제주특별자치도 서귀포시 동문동로53번길 2, None, None
라라소주앤비어, 음식점, 제주특별자치도 서귀포시 동문로 16, None, None
배달삼겹돼지되지 서귀포점, 음식점, 제주특별자치도 서귀포시 동문로 9, None, None
미향해장국 서귀포점, 음식점, 제주특별자치도 서귀포시 솜반천로 4, None, None
라라코스트 서귀포광장점, 음식점, 제주특별자치도 서귀포시 일주동로 8670, None, None
일품순두부, 음식점, 제주특별자치도 서귀포시 일주동로8666번길 3, None, None
KFC 제주서귀포DI점점, 음식점, 제주특별자치도 서귀포시 일주동로 8668, None, None
풍천연가풍천장어참숯구이, 음식점, 제주특별자치도 서귀포시 중앙로 104, None, None
한다, 음식점, 제주특별자치도 서귀포시 중앙로 113, None, None
서귀포시청역1호선갈비찜닭, 음식점, 제주특별자치도 서귀포시 중앙로 108, None, None
민들레정식, 음식점, 제주특별자치도 서귀포시 일주동로 8648-5, None, None
치킨과바람피자 제주4호점, 음식점, 제주특별자치도 서귀포시 일주동로 8657, None, None
고향생각 본점, 음식점, 제주특별자치도 서귀포시 동문동로 15, None, None
서귀포바당물회, 음식점, 제주특별자치도 서귀포시 중앙로72번길 43, None, None
피자플래넷 서귀포점, 음식점, 제주특별자치도 서귀포시 중앙로72번길 42, None, None
제주바릇, 음식점, 제주특별자치도 서귀포시 중앙로72번길 43, None, None
옥탑제이, 음식점, 제주특별자치도 서귀포시 동홍로 51, None, None
대박난김밥, 음식점, 제주특별자치도 서귀포시 문부로11번길 21, None, None
명랑핫도그 제주동홍점, 음식점, 제주특별자치도 서귀포시 태평로537번길 49, None, None
마시오름, 음식점, 제주특별자치도 서귀포시 중앙로117번길 6, None, None
정다운식당, 음식점, 제주특별자치도 서귀포시 중앙로117번길 5, None, None
웨이크업마마, 음식점, 제주특별자치도 서귀포시 중앙로117번길 6, None, None
노을치킨앤포차, 음식점, 제주특별자치도 서귀포시 동홍로 89, None, None
흑돼지해물삼합 서귀포점, 음식점, 제주특별자치도 서귀포시 태평로482번길 50, None, None
써니점빵, 음식점, 제주특별자치도 서귀포시 태평로482번길 46, None, None
캠핑포차, 음식점, 제주특별자치도 서귀포시 칠십리로 191, None, None
곁애, 음식점, 제주특별자치도 서귀포시 문부로 36-6, None, None
용천상회 1호점, 음식점, 제주특별자치도 서귀포시 동홍중앙로7번길 14, None, None
샤브차이나, 음식점, 제주특별자치도 서귀포시 태평로 509, None, None
혼족옵서예, 음식점, 제주특별자치도 서귀포시 태평로 509, None, None
전기파다닭, 음식점, 제주특별자치도 서귀포시 태평로 509, None, None
고수떡볶이 서귀포동홍동점, 음식점, 제주특별자치도 서귀포시 태평로 509, None, None
더꼬치다 서귀포점, 음식점, 제주특별자치도 서귀포시 태평로 506, None, None
미나리삼겹살, 음식점, 제주특별자치도 서귀포시 태평로512번길 1-4, None, None
늘고팡, 음식점, 제주특별자치도 서귀포시 일주동로 8583, None, None
아싸횟집, 음식점, 제주특별자치도 서귀포시 동홍중앙로 29-1, None, None
꽃피는산골, 음식점, 제주특별자치도 서귀포시 동홍중앙로 35, None, None
장수마을밥상, 음식점, 제주특별자치도 서귀포시 태평로537번길 40-2, None, None
이공일구아지트, 음식점, 제주특별자치도 서귀포시 일주동로 8584, None, None
서귀서초등학교, 학교, 제주특별자치도 서귀포시 솜반천로 38, 1, 0.0
서귀서초등학교 병설유치원, 어린이집/유치원, 제주특별자치도 서귀포시 솜반천로 38, 0, 0.0
서귀포중학교, 학교, 제주특별자치도 서귀포시 태평로 474, 1, 5.0
서귀포초등학교, 학교, 제주특별자치도 서귀포시 솔동산로11번길 17, 1, 0.0
서귀포초등학교병설유치원, 어린이집/유치원, 제주특별자치도 서귀포시 솔동산로11번길 17, 0, 0.0
서귀중앙여자중학교, 학교, 제주특별자치도 서귀포시 중앙로 120, 2, 1.0
서귀중앙초등학교, 학교, 제주특별자치도 서귀포시 동문동로 54, 2, 0.0
서귀포오석학교, 학교, 제주특별자치도 서귀포시 중동로 43-2, 1, 0.0
서귀중앙초등학교 병설유치원, 어린이집/유치원, 제주특별자치도 서귀포시 중동로8번길 8, 0, 0.0
법장사, 사찰, 제주특별자치도 서귀포시 서문서로5번길 25, 0, 0.0
영산법화사, 사찰, 제주특별자치도 서귀포시 중정로5번길 3, 0, 0.0
극락사, 사찰, 제주특별자치도 서귀포시 태평로 328, 0, 0.0
탐라선원, 사찰, 제주특별자치도 서귀포시 솜반천로 10, 0, 0.0
정방사, 사찰, 제주특별자치도 서귀포시 동부로12번길 19, 0, 0.0
무량정사, 사찰, 제주특별자치도 서귀포시 태평로 492, 1, 5.0
칠십리야외공연장, 문화시설, 제주특별자치도 서귀포시 남성중로 6-1, 1, 0.0
예술공간오이 서귀포이야기, 문화시설, 제주특별자치도 서귀포시 중정로 76, None, None
우성아파트, 아파트, 제주특별자치도 서귀포시 서문로41번길 16, 27, 0.0
미광스카이아파트, 아파트, 제주특별자치도 서귀포시 중앙로59번길 15, 40, 0.0
계림파인파크아파트, 아파트, 제주특별자치도 서귀포시 중앙로59번길 28, 16, 0.0
세림피스아파트, 아파트, 제주특별자치도 서귀포시 일주동로 8734, 11, 0.0
보성아파트, 아파트, 제주특별자치도 서귀포시 솜반천로 47, 33, 0.0
한전아파트, 아파트, 제주특별자치도 서귀포시 솜반천로6번길 17, 9, 0.0
효림스카이아파트, 아파트, 제주특별자치도 서귀포시 태평로 446, 88, 0.0
명지아파트, 아파트, 제주특별자치도 서귀포시 동부로12번길 9, 52, 0.0
장원주상복합건물아파트, 아파트, 제주특별자치도 서귀포시 칠십리로 145, 18, 0.0
중원하이츠빌아파트, 아파트, 제주특별자치도 서귀포시 중앙로47번길 12, 18, 0.0
정방아파트, 아파트, 제주특별자치도 서귀포시 소암로 13, 20, 0.0
효림아일랜드아파트, 아파트, 제주특별자치도 서귀포시 솔동산로10번길 47, 12, 0.0
바원에스클래스아파트, 아파트, 제주특별자치도 서귀포시 명동로 45, 27, 0.0
대성뉴본아파트, 아파트, 제주특별자치도 서귀포시 태평로 462, 18, 0.0
시민아파트, 아파트, 제주특별자치도 서귀포시 부두로5번길 5, 17, 0.0
서림아파트, 아파트, 제주특별자치도 서귀포시 태평로449번길 9-1, 18, 0.0
서원아파트, 아파트, 제주특별자치도 서귀포시 태평로449번길 3-6, 9, 0.0
대건아파트, 아파트, 제주특별자치도 서귀포시 태평로449번길 3-3, 15, 0.0
남양맨숀, 아파트, 제주특별자치도 서귀포시 동홍로72번길 12-5, 40, 0.0
서귀포동방아파트, 아파트, 제주특별자치도 서귀포시 일주동로 8648-6, 46, 0.0
휴마루아파트, 아파트, 제주특별자치도 서귀포시 문부로11번길 21, 47, 0.0
우성프라자아파트, 아파트, 제주특별자치도 서귀포시 중앙로72번길 57, 19, 0.0
태흥엘리시안아파트, 아파트, 제주특별자치도 서귀포시 천지로 31-1, 34, 0.0
아이진아파트, 아파트, 제주특별자치도 서귀포시 동홍서로 57, 18, 0.0
석정누리마루3차아파트, 아파트, 제주특별자치도 서귀포시 동홍서로 81, 18, 0.0
삼다2차빌라트, 아파트, 제주특별자치도 서귀포시 중앙로71번길 5, 19, 0.0
동홍동파밀리움아파트, 아파트, 제주특별자치도 서귀포시 장수로 8, 26, 0.0
동홍주공4단지아파트, 아파트, 제주특별자치도 서귀포시 태평로512번길 10, 320, 0.0
동홍주공3단지아파트, 아파트, 제주특별자치도 서귀포시 태평로512번길 9, 400, 0.0
모다드림아파트, 아파트, 제주특별자치도 서귀포시 태평로 504, 28, 0.0
가나노블휘닉스아파트, 아파트, 제주특별자치도 서귀포시 태평로 505, 43, 0.0
동홍해피앙스아파트, 아파트, 제주특별자치도 서귀포시 태평로 506, 40, 0.0
일호1차아파트, 아파트, 제주특별자치도 서귀포시 문부로 27-4, 59, 0.0
동홍주공1단지아파트, 아파트, 제주특별자치도 서귀포시 동홍중앙로 10, 310, 0.0
덕산캐슬아파트, 아파트, 제주특별자치도 서귀포시 태평로 529-6, 63, 0.0
제이원클래시움아파트, 아파트, 제주특별자치도 서귀포시 태평로512번길 1-8, 59, 0.0
동홍주공2단지아파트, 아파트, 제주특별자치도 서귀포시 동홍중앙로 30, 302, 0.0
신환아파트, 아파트, 제주특별자치도 서귀포시 태평로537번길 40-6, 20, 0.0
현대아파트, 아파트, 제주특별자치도 서귀포시 태평로335번길 7, None, 0.0
서귀포아파트, 아파트, 제주특별자치도 서귀포시 솔동산로21번길 20, None, 0.0
