name, address, review, score
"고산의원", 제주특별자치도 제주시 한경면 고산로 8, 0, 5.0
"고산경희한의원", 제주특별자치도 제주시 한경면 고산로 15, 0, 5.0
"고산치과", 제주특별자치도 제주시 한경면 고산로 8, 0, 0.0
"고산사랑의원", 제주특별자치도 제주시 한경면 고산로 15, 0, 0.0
"한경의원", 제주특별자치도 제주시 한경면 두신로 75, 0, 0.0
"경희행복한의원", 제주특별자치도 제주시 한경면 두신로 79, 0, 0.0
"썬플라워의원", 제주특별자치도 제주시 한림읍 금능남로 127, 0, 0.0
"포도나무치과의원", 제주특별자치도 서귀포시 대정읍 신영로 75 4층, 0, 5.0
"고은의원", 제주특별자치도 서귀포시 대정읍 상모로 323, 0, 4.2
"대정의원", 제주특별자치도 서귀포시 대정읍 하모상가로 46 경원빌딩 4층, 0, 3.3
"강문보내과의원", 제주특별자치도 서귀포시 대정읍 하모상가로 27, 0, 4.7
"서울삼성재활의학과의원", 제주특별자치도 서귀포시 대정읍 하모상가로 49, 0, 5.0
"모슬포한의원", 제주특별자치도 서귀포시 대정읍 신영로94번길 2, 0, 3.0
"허미숙한의원", 제주특별자치도 서귀포시 대정읍 하모중앙로 48, 0, 0.0
"중앙의원", 제주특별자치도 서귀포시 대정읍 상모로 313, 0, 0.0
"이승훈 치과의원", 제주특별자치도 서귀포시 대정읍 하모상가로 46, 0, 3.0
"대정연합의원", 제주특별자치도 서귀포시 대정읍 하모상가로 46, 0, 0.0
"하나신통의원", 제주특별자치도 서귀포시 대정읍 신영로 112-1 2층, 0, 3.0
"강남정형외과의원", 제주특별자치도 서귀포시 대정읍 신영로 75 3층, 0, 4.0
"대정한의원", 제주특별자치도 서귀포시 대정읍 하모상가로 46 2층, 0, 4.2
"새봄한의원", 제주특별자치도 서귀포시 대정읍 신영로 108, 0, 5.0
"백록한의원", 제주특별자치도 서귀포시 대정읍 하모상가로 24 2층, 0, 5.0
"바다보임치과의원", 제주특별자치도 서귀포시 대정읍 하모상가로 49 승지빌딩 7층, 0, 3.0
"올레한의원", 제주특별자치도 서귀포시 대정읍 하모상가로 38-1, 0, 5.0
"남제주한의원", 제주특별자치도 서귀포시 대정읍 하모상가로 37, 0, 0.0
"강부협치과의원", 제주특별자치도 서귀포시 대정읍 하모중앙로 75, 0, 0.0
"서울아이치과의원", 제주특별자치도 서귀포시 대정읍 신영로 108, 0, 2.5
"해송당한의원", 제주특별자치도 제주시 한림읍 한근길 22, 1, 5.0
"하나로한의원", 제주특별자치도 서귀포시 대정읍 일주서로 2460, 0, 4.0
"민간협력365의원 (2023년3월예정)", 제주특별자치도 서귀포시 대정읍 상모리 3679, 1, 0.0
"저지한의원", 제주특별자치도 제주시 한경면 녹차분재로 607-1, 0, 4.0
"건강한한림연합내과의원", 제주특별자치도 제주시 한림읍 한림중앙로 71 2층, 0, 5.0
"한림본정형외과의원", 제주특별자치도 제주시 한림읍 한림상로 116 2층, 0, 4.7
"한림윤패밀리의원", 제주특별자치도 제주시 한림읍 한림상로 98-1 1,2층, 1, 4.2
"한림이비인후과", 제주특별자치도 제주시 한림읍 명랑로 6 2층, 0, 5.0
"제주대림요양병원", 제주특별자치도 제주시 한림읍 한수풀로 58, 1, 1.0
"한림김안과의원", 제주특별자치도 제주시 한림읍 명랑로 13 2층, 0, 3.8
"매일미소치과의원", 제주특별자치도 제주시 한림읍 한림로 638 2층, 0, 5.0
"한수풀의원", 제주특별자치도 제주시 한림읍 한림로 681, 0, 4.7
"탑정형외과의원", 제주특별자치도 제주시 한림읍 한림로 671 2층, 0, 3.7
"한림의원", 제주특별자치도 제주시 한림읍 한림중앙로 29, 0, 2.3
"시원의원", 제주특별자치도 제주시 한림읍 한림중앙로 46, 1, 3.8
"한림치과의원", 제주특별자치도 제주시 한림읍 한림로 664, 0, 0.0
"한림산치과의원", 제주특별자치도 제주시 한림읍 한림로 665-1 2층, 0, 5.0
"김수로의원", 제주특별자치도 제주시 한림읍 한림로 672 2층, 0, 4.5
"한림본치과의원", 제주특별자치도 제주시 한림읍 한림중앙로 29, 0, 0.0
"김선욱한의원", 제주특별자치도 제주시 한림읍 한림로 645 1층, 0, 5.0
"아침한의원", 제주특별자치도 제주시 한림읍 한림중앙로 31, 0, 0.0
"박치과의원", 제주특별자치도 제주시 한림읍 한림로 672, 0, 0.0
"한림한의원", 제주특별자치도 제주시 한림읍 명랑로 6, 0, 5.0
"문의원", 제주특별자치도 제주시 서광로 268, 0, 5.0
"김보성치과의원", 제주특별자치도 제주시 한림읍 한림중앙로 4, 0, 3.9
"탐라의원", 제주특별자치도 제주시 한림읍 한림로 684 2층, 0, 0.0
"한수풀치과의원", 제주특별자치도 제주시 한림읍 명랑로 4 2층, 0, 0.0
"김의원", 제주특별자치도 제주시 한림읍 사가길 1, 0, 0.0
"나우리제통의원", 제주특별자치도 제주시 한림읍 한림북동길 7, 0, 3.8
"엔젤산부인과", 제주특별자치도 서귀포시 대정읍 에듀시티로239번길 12 2층, 0, 3.3
"동가원한의원", 제주특별자치도 서귀포시 대정읍 글로벌에듀로 382 A동 101호, 0, 5.0
"아산수의원", 제주특별자치도 서귀포시 대정읍 에듀시티로239번길 16 2층 201호, 0, 5.0
"카멜리아의원", 제주특별자치도 서귀포시 대정읍 에듀시티로239번길 16 2층 201호, 0, 5.0
"제라진치과의원", 제주특별자치도 서귀포시 대정읍 글로벌에듀로 396, 0, 3.0
"더치과의윈", 제주특별자치도 서귀포시 대정읍 에듀시티로 148 삼정지에듀 상가동 3층 304,305호, 0, 2.8
"아산본정형외과의원", 제주특별자치도 서귀포시 대정읍 중산간서로 2274 C동 2층, 0, 4.5
"이스톤의원", 제주특별자치도 서귀포시 대정읍 에듀시티로 102 한신더휴단지상가 2층 202~205호, 0, 
"비포앤애프터의원 제주점", 제주특별자치도 서귀포시 안덕면 신화역사로304번길 38 지하1층 50,52호, 1, 3.0
"애월정의원", 제주특별자치도 제주시 애월읍 애월로 109 1층, 0, 5.0
"애월한의원", 제주특별자치도 제주시 애월읍 애월로 105, 0, 5.0
"성이시돌 복지의원", 제주특별자치도 제주시 한림읍 산록남로 50, 0, 0.0
"애월의원", 제주특별자치도 제주시 애월읍 애월로11길 6-2 2층, 0, 5.0
"연세애월치과", 제주특별자치도 제주시 애월읍 애원로 41, 0, 2.6
"안덕의원", 제주특별자치도 서귀포시 안덕면 화순로 112, 1, 3.4
"경희한의원", 제주특별자치도 서귀포시 안덕면 화순중앙로 47, 0, 5.0
"안덕치과의원", 제주특별자치도 서귀포시 안덕면 화순로 101 2층, 0, 0.0
"송악의원", 제주특별자치도 서귀포시 안덕면 화순중앙로 45, 0, 0.0
"명한의원", 제주특별자치도 서귀포시 안덕면 화순로 125 1층, 0, 0.0
"생생가정의학과의원", 제주특별자치도 서귀포시 안덕면 화순로 132 3층, 0, 0.0
"제주말전문병원", 제주특별자치도 제주시 한림읍 광산로 782-79, 0, 0.0
"연세우리동네치과의원", 제주특별자치도 제주시 애월읍 일주서로 6689 2층, 0, 5.0
"제주소년원부속의원", 제주특별자치도 제주시 애월읍 장소로 515, 0, 0.0
"소길의원", 제주특별자치도 제주시 애월읍 평화로 2072, 0, 0.0
"하귀의원", 제주특별자치도 제주시 애월읍 하귀로 83, 0, 4.2
"하동바툼낭의원", 제주특별자치도 제주시 애월읍 하귀로 35, 0, 4.0
"하귀치과의원", 제주특별자치도 제주시 애월읍 하귀로 38 2층, 0, 4.0
"e조은치과", 제주특별자치도 제주시 애월읍 하귀로 83, 0, 
"김철우 한의원", 제주특별자치도 제주시 애월읍 하귀로 48, 0, 5.0
"하나로한의원", 제주특별자치도 서귀포시 대정읍 일주서로 2460, 0, 4.0
"삼다중앙의원", 제주특별자치도 제주시 애월읍 하귀로 41-1, 0, 0.0
"하귀튼튼의원", 제주특별자치도 제주시 애월읍 하귀9길 1, 1, 4.3
"수한의원", 제주특별자치도 제주시 애월읍 하광로 2, 1, 5.0
"하귀하나로의원", 제주특별자치도 제주시 애월읍 일주서로 7136 2층, 0, 5.0
"하나로치과", 제주특별자치도 제주시 애월읍 일주서로 7136 2층, 0, 3.5
"중문신내과의원", 제주특별자치도 서귀포시 중문로 1, 1, 4.5
"중문의원", 제주특별자치도 서귀포시 중문상로 36 메디컬스토리빌딩, 0, 3.0
"중문삼성연합의원", 제주특별자치도 서귀포시 중문로 7 2,3층, 0, 3.7
"이편한치과의원", 제주특별자치도 서귀포시 천제연로 200 2층, 0, 
"중문 한의원", 제주특별자치도 서귀포시 천제연로 182, 0, 5.0
"파티마의원", 제주특별자치도 서귀포시 천제연로 209, 0, 3.6
"제중당한의원", 제주특별자치도 서귀포시 중문로 7, 0, 4.3
"중문유앤이한의원", 제주특별자치도 서귀포시 천제연로 206, 0, 5.0
"중문치과의원", 제주특별자치도 서귀포시 천제연로 182, 0, 3.0
"중문미담치과", 제주특별자치도 서귀포시 천제연로 185, 0, 
"백상치과의원", 제주특별자치도 서귀포시 중문로 1, 0, 0.0
"원치과의원", 제주특별자치도 제주시 우정로 20 3층, 0, 1.8
"생생한의원", 제주특별자치도 서귀포시 대포중앙로 14 골드트리빌딩 2층, 0, 4.7
"제주새로운내과의원", 제주특별자치도 제주시 우정로 69 2층, 0, 4.8
"외도굿모닝이비인후과의원", 제주특별자치도 제주시 우평로 338 메디컬빌딩 3층, 3, 
"연세차내과의원", 제주특별자치도 제주시 우평로 338 메디컬빌딩 4,5층, 0, 4.6
"구구정형외과의원", 제주특별자치도 제주시 우정로 55 2층, 0, 4.5
"우리소아청소년과", 제주특별자치도 제주시 우정로15길 5 2층, 1, 4.0
"외도하나의원", 제주특별자치도 제주시 우정로 69, 0, 2.3
"강형윤가정의학과의원", 제주특별자치도 제주시 우정로 59, 0, 4.3
"꾸러기 소아청소년과의원", 제주특별자치도 제주시 우정로 63, 1, 3.0
"참사랑소아청소년과", 제주특별자치도 제주시 우정로 56, 0, 5.0
"제주늘푸른치과", 제주특별자치도 제주시 우정로 52 2층 201호, 0, 3.4
"연세외도정형외과의원", 제주특별자치도 제주시 절물1길 40 1,2층, 0, 3.1
"강한의원", 제주특별자치도 제주시 우정로 52 1층, 0, 5.0
"푸르내 가정의학과의원", 제주특별자치도 제주시 우정로 70 2층, 0, 5.0
"남도의원", 제주특별자치도 제주시 우정로 65, 0, 5.0
"배진성마취통증의학과의원", 제주특별자치도 제주시 우정로15길 5 5층, 0, 5.0
"용한의원", 제주특별자치도 제주시 우정로 66, 0, 5.0
"미앤미치과", 제주특별자치도 제주시 우정로15길 5, 0, 5.0
"양병준한의원", 제주특별자치도 제주시 조공포길 42 1층, 0, 5.0
"누리한의원", 제주특별자치도 제주시 우정로13길 3 DM빌딩 4층 402호, 0, 0.0
"원치과의원", 제주특별자치도 제주시 우정로 20 3층, 0, 1.8
"WE병원", 제주특별자치도 서귀포시 1100로 453-95, 1, 0.0
"서울나눔마취통증의학과의원", 제주특별자치도 제주시 고사마루길 2 2층, 0, 4.6
"어울림의원", 제주특별자치도 제주시 노형로 362 태영빌딩 3층, 0, 5.0
"최고이비인후과의원", 제주특별자치도 제주시 노형로 376, 1, 2.3
"예쁨주의쁨의원", 제주특별자치도 제주시 노형8길 3 5~8층, 7, 2.9
"톡스앤필의원 제주점", 제주특별자치도 제주시 노형로 378 청담빌딩 2층 201호, 12, 4.2
"이종영안과의원", 제주특별자치도 제주시 노형로 378 청담빌딩 4층, 13, 5.0
"눈사랑안과의원", 제주특별자치도 제주시 노형8길 2 온유빌딩 4층, 0, 2.6
"전원중속내과의원", 제주특별자치도 제주시 노형로 378 청담빌딩 5층, 0, 4.7
"이지봄안과의원", 제주특별자치도 제주시 노형로 390 2~6층, 2, 5.0
"노형그랜드치과의원", 제주특별자치도 제주시 신형로 2 1~4층, 0, 3.2
"서울오름치과", 제주특별자치도 제주시 노형14길 14, 0, 3.4
"삼성서울정형외과의원", 제주특별자치도 제주시 노형로 386 3층, 0, 5.0
"주소아청소년과의원", 제주특별자치도 제주시 노형8길 8 2층, 1, 3.0
"제주아나픈치과의원", 제주특별자치도 제주시 노형로 362 4층, 0, 3.9
"현광철정형외과", 제주특별자치도 제주시 노형8길 3 1,2층, 0, 2.1
"대한내과의원", 제주특별자치도 제주시 노형11길 25 2층, 0, 
"권대헌내과의원", 제주특별자치도 제주시 노형로 386 4층, 0, 5.0
"미모피부과의원", 제주특별자치도 제주시 1100로 3347 세기트라이빌딩 8층, 0, 2.9
"신제주학문외과", 제주특별자치도 제주시 노형8길 2 온유빌딩 5층, 0, 1.3
"최인철정신건강의원", 제주특별자치도 제주시 1100로 3347 7층, 0, 3.0
"강남스타성형외과", 제주특별자치도 제주시 신형로 14 2, 3층, 31, 5.0
"서울위즈덤성형외과의원", 제주특별자치도 제주시 노형로 388 3층, 0, 4.1
"김영중의원", 제주특별자치도 제주시 노형로 386 2층, 0, 4.1
"조대경안심내과의원", 제주특별자치도 제주시 노형8길 2 온유빌딩 3층, 0, 2.5
"아미의원", 제주특별자치도 제주시 노형14길 12 HO빌딩 3층, 5, 1.9
"속편한드림내과의원", 제주특별자치도 제주시 노형8길 3 3층, 0, 4.9
"청담루이성형외과", 제주특별자치도 제주시 노형14길 14 3층, 0, 2.1
"노형오거리재활의학과의원", 제주특별자치도 제주시 1100로 3347 세기트라이빌딩 5, 0, 4.0
"슬하정신건강의학과의원", 제주특별자치도 제주시 노형8길 2 온유빌딩 4층, 0, 2.9
"홍성희여성외과", 제주특별자치도 제주시 노형8길 2 온유빌딩 3층, 0, 1.4
"김민범한의원", 제주특별자치도 제주시 노형로 373 2층, 7, 5.0
"장원석치과의원", 제주특별자치도 제주시 노형로 378 7층, 0, 5.0
"하늘체한의원 제주점", 제주특별자치도 제주시 노형14길 14 3층, 4, 3.5
"윤동원한의원", 제주특별자치도 제주시 노형로 388 2층, 0, 4.0
"드림미성형외과의원", 제주특별자치도 제주시 1100로 3347 4층, 0, 0.0
"신제주학문외과의원", 제주특별자치도 제주시 노형8길 2 온유빌딩 5층, 0, 0.0
"노형치과의원", 제주특별자치도 제주시 신형로 2 1~4층, 0, 3.2
"진플란티아치과의원", 제주특별자치도 제주시 1100로 3347, 0, 5.0
"노형365준의원", 제주특별자치도 제주시 수덕로 41 2층, 0, 4.0
"푸른치과", 제주특별자치도 제주시 수덕로 41 3층, 0, 3.7
"선한의원", 제주특별자치도 제주시 수덕로 33 뉴타운빌딩 3층, 0, 5.0
"조은한의원", 제주특별자치도 제주시 수덕로 29, 0, 5.0
"제주한의원", 제주특별자치도 제주시 정존13길 3, 0, 3.0
"자연주의의원", 제주특별자치도 제주시 노형로 397 금강빌딩 3층, 0, 5.0
"아름다운피부과의원", 제주특별자치도 제주시 도령로 5 명은빌딩 2,3,5,7층, 4, 
"강남성모안과의원", 제주특별자치도 제주시 수덕1길 3 4,5층, 1, 3.1
"서울수치과의원", 제주특별자치도 제주시 월랑로 3, 2, 3.6
"노형이비인후과의원", 제주특별자치도 제주시 월랑로 1, 0, 1.6
"제주사랑한의원", 제주특별자치도 제주시 월랑로 13 2층, 16, 4.8
"박지욱신경과의원", 제주특별자치도 제주시 월랑로 3, 0, 3.7
"후한의원 제주점", 제주특별자치도 제주시 노형로 407 노형타워 4층 402호, 41, 4.0
"서울 내과의원", 제주특별자치도 제주시 도령로 1, 0, 4.0
"아이엠플란트치과의원", 제주특별자치도 제주시 월랑로 5 남경빌딩 3~5층, 0, 5.0
"가톨릭정신과의원", 제주특별자치도 제주시 도령로 1, 0, 0.0
"기만덕내과", 제주특별자치도 제주시 노형로 407 노형타워 301호, 0, 5.0
"홍건수안과의원", 제주특별자치도 제주시 월랑로 3 6층, 0, 3.3
"우리치과", 제주특별자치도 제주시 월랑로 13 3층, 0, 3.0
"현대정형외과의원", 제주특별자치도 제주시 월랑로 1, 0, 3.7
"제일내과의원", 제주특별자치도 제주시 월랑로 1 노형종합크리닉 4층, 0, 3.2
"제주수흉부외과의원", 제주특별자치도 제주시 노형로 407 3층, 7, 4.3
"미우 성형외과", 제주특별자치도 제주시 노형로 407, 0, 0.0
"이민정산부인과의원", 제주특별자치도 제주시 노형로 407 노형타워 303호, 0, 0.0
"미치과교정과치과의원", 제주특별자치도 제주시 도령로 5 4층, 0, 4.3
"제주보화당한의원", 제주특별자치도 제주시 노형로 407, 0, 5.0
"연세엘치과의원", 제주특별자치도 제주시 노형로 407 노형타워 407호, 0, 4.0
"박내과의원", 제주특별자치도 제주시 월랑로 3 2층, 0, 2.1
"아나파마취통증의학과", 제주특별자치도 제주시 노형로 407 노형타워 403호, 0, 3.3
"행복한가정의학과", 제주특별자치도 제주시 수덕1길 3, 0, 3.7
"화이트치과", 제주특별자치도 제주시 월랑로 1, 0, 1.0
"현정신건강의학과의원", 제주특별자치도 제주시 월랑로 1 노형종합크리닉 6층, 0, 5.0
"윤치과", 제주특별자치도 제주시 수덕1길 3 6층, 0, 0.0
"날씬의원", 제주특별자치도 제주시 도령로 5, 0, 0.0
"김영석 성형외과", 제주특별자치도 제주시 도령로 1, 0, 0.0
"마릴린제이의원", 제주특별자치도 제주시 월랑로 5 2층, 0, 0.0
"꽃잎위에선한의원", 제주특별자치도 제주시 노형로 407 노형타워 203호, 2, 1.0
"하이키한의원 제주점", 제주특별자치도 제주시 노형로 407 노형타워 203호, 0, 0.0
"메이한의원", 제주특별자치도 제주시 노형로 407 노형타워 3층 308호, 0, 0.0
"e좋은이비인후과", 제주특별자치도 제주시 월랑로 39, 0, 4.8
"양준호정형외과의원", 제주특별자치도 제주시 월랑로 39 동마빌딩 3층, 0, 4.1
"위소아청소년과의원", 제주특별자치도 제주시 월랑로 39 동마빌딩 3층, 0, 4.1
"이지현의원", 제주특별자치도 제주시 월랑로8길 1 아란야플라자 2층 202호, 0, 2.5
"성연내과의원", 제주특별자치도 제주시 월랑로 39 동마빌딩 5층 501호, 0, 5.0
"에덴산부인과", 제주특별자치도 제주시 수덕로 6 4층, 0, 3.4
"해맑은소아과", 제주특별자치도 제주시 수덕로 6, 1, 3.8
"온기담은한의원", 제주특별자치도 제주시 월랑로 38 2층, 0, 4.4
"현동효내과의원", 제주특별자치도 제주시 월랑로8길 1 아란야플라자 201호, 0, 3.7
"샌프란시스코치과의원", 제주특별자치도 제주시 수덕로 4 태창빌딩 2층, 0, 5.0
"오케이치과", 제주특별자치도 제주시 월랑로 38 3층, 0, 
"강인수치과", 제주특별자치도 제주시 월랑로 39 2층, 0, 5.0
"정한의원", 제주특별자치도 제주시 월랑로 23 1층, 0, 4.6
"늘봄미아름의원", 제주특별자치도 제주시 월랑로 33 한라빌딩 3층, 0, 5.0
"문창민한의원", 제주특별자치도 제주시 수덕로 4, 1, 5.0
"제일치과의원", 제주특별자치도 제주시 수덕로 6, 0, 0.0
"강인수양휘치과의원", 제주특별자치도 제주시 월랑로 39 동마빌딩 4층, 0, 4.7
"진성한의원", 제주특별자치도 제주시 월랑로 40 라인빌딩 2층, 0, 5.0
"엔젤치과", 제주특별자치도 제주시 월랑로 29, 0, 3.0
"양휘치과", 제주특별자치도 제주시 월랑로 39, 0, 5.0
"뢰영성한의원", 제주특별자치도 제주시 월랑로 16, 0, 3.1
"제주중앙병원", 제주특별자치도 제주시 월랑로 91, 4, 2.5
"하나가정의학과의원", 제주특별자치도 제주시 월랑로 59 세흔빌딩 2층, 0, 4.1
"조미진의키크는아이 소아청소년과의원", 제주특별자치도 제주시 월광로 165 1,2층, 0, 3.0
"임소아과", 제주특별자치도 제주시 월랑로10길 32-1, 0, 4.0
"홍치과의원", 제주특별자치도 제주시 남녕로 48, 0, 5.0
"동제한의원", 제주특별자치도 제주시 남녕로 43-1, 0, 4.5
"치아세상 치과의원", 제주특별자치도 제주시 월광로 140, 0, 1.0
"솔담한방병원", 제주특별자치도 제주시 1100로 3055, 2, 4.9
"와인피부과의원", 제주특별자치도 제주시 1100로 3178 수목원YJ빌딩 3,4층, 0, 
"수목원소아치과치과의원", 제주특별자치도 제주시 수목원길 12 1층, 2, 3.3
"명가한의원", 제주특별자치도 제주시 수목원길 41 2층, 0, 4.3
"제주숲한의원", 제주특별자치도 제주시 수목원서길 3-4, 0, 5.0
"맘편한산부인과", 제주특별자치도 제주시 1100로 3283 영화빌딩, 1, 2.7
"노형바툼낭의원", 제주특별자치도 제주시 1100로 3213-27 천마에코피아 2차 2층 205호, 0, 4.1
"예치과의원", 제주특별자치도 제주시 과원로 28, 0, 5.0
"자윤한의원 제주점", 제주특별자치도 제주시 진군남4길 5 1층, 0, 5.0
"보리수한의원", 제주특별자치도 제주시 과원북2길 68, 0, 3.7
"연세휴먼치과의원", 제주특별자치도 제주시 과원로 28 4층, 0, 3.0
"서울안과의원", 제주특별자치도 제주시 1100로 3333 3층, 0, 2.5
"국가대표정형외과의원", 제주특별자치도 제주시 1100로 3321 1,2층, 0, 3.1
"로즈앤의원", 제주특별자치도 제주시 1100로 3333 4층, 27, 
"맑은수면이비인후과", 제주특별자치도 제주시 원노형남1길 1 2, 3층, 0, 4.1
"유쾌한비뇨기과의원 제주점", 제주특별자치도 제주시 1100로 3333 태희빌딩 2층, 195, 
"김앤김신경외과의원", 제주특별자치도 제주시 1100로 3324 6층, 0, 3.1
"한라정형외과", 제주특별자치도 제주시 연북로 26 열린빌딩 3층, 0, 3.8
"미래산부인과", 제주특별자치도 제주시 연북로 28, 0, 2.2
"서울탑외과의원", 제주특별자치도 제주시 1100로 3321 다솜빌딩 3층, 0, 2.5
"서울고마운정형외과의원", 제주특별자치도 제주시 신형로 51 지하1층,3층,4층, 0, 3.1
"연세하루치과의원", 제주특별자치도 제주시 1100로 3321 다솜빌딩 5층, 14, 3.2
"서울고른이치과교정과치과의원", 제주특별자치도 제주시 노형12길 27 3층, 0, 5.0
"유디치과의원 제주노형점", 제주특별자치도 제주시 연북로 30 타워30 3, 4층, 0, 
"쿨맨남성의원", 제주특별자치도 제주시 1100로 3328 4층, 38, 4.1
"예인치과", 제주특별자치도 제주시 1100로 3342, 0, 3.6
"바른이치과의원", 제주특별자치도 제주시 연북로 14 온정빌딩 4층, 0, 4.0
"모아의원", 제주특별자치도 제주시 과원북4길 5, 0, 3.4
"서울삼성치과의원", 제주특별자치도 제주시 1100로 3334 동현빌딩 4층, 0, 3.5
"자연과한의원 제주 다이어트", 제주특별자치도 제주시 1100로 3342 소강빌딩 3층, 12, 5.0
"새로이치과교정과치과의원", 제주특별자치도 제주시 연북로 30, 1, 3.4
"그린치과의원", 제주특별자치도 제주시 연북로 22, 0, 4.7
"제주라파의원", 제주특별자치도 제주시 연북로 34 2층, 0, 4.8
"푸르미소아청소년과의원", 제주특별자치도 제주시 연북로 28 2층, 0, 5.0
"원광려한의원", 제주특별자치도 제주시 1100로 3334 동현빌딩 2층, 33, 4.9
"큐치과의원", 제주특별자치도 제주시 연북로 34 노성빌딩 3층, 11, 5.0
"서울탑정신건강의학과의원", 제주특별자치도 제주시 1100로 3321 3층 303호, 0, 5.0
"그린서울내과의원", 제주특별자치도 제주시 1100로 3333 5층, 0, 3.1
"호박한의원", 제주특별자치도 제주시 1100로 3328 2층, 0, 3.7
"서울플란트치과의원", 제주특별자치도 제주시 1100로 3333, 0, 4.0
"메디컬오한의원 제주점", 제주특별자치도 제주시 1100로 3324 2층 201호, 0, 0.0
"하늘마취통증의학과의원", 제주특별자치도 제주시 1100로 3333, 0, 3.0
"경희장수한의원", 제주특별자치도 제주시 과원북4길 5, 0, 4.2
"도형유니치과의원", 제주특별자치도 제주시 연북로 10, 0, 0.0
"단단한정형외과의원", 제주특별자치도 제주시 연북로 76 한성빌딩 3층, 0, 4.2
"신제주 이비인후과의원", 제주특별자치도 제주시 연북로 38 3층, 0, 4.2
"연세피부과의원", 제주특별자치도 제주시 연북로 38 5층, 0, 2.9
"제주맘모아외과의원", 제주특별자치도 제주시 연북로 38 연동크리닉빌딩 6층, 0, 4.7
"상쾌한속내과의원", 제주특별자치도 제주시 연북로 38, 0, 2.9
"소리이비인후과 제주점", 제주특별자치도 제주시 연북로 76 한성빌딩 4,5층, 0, 3.9
"애플정신건강의학과의원", 제주특별자치도 제주시 연북로 38 연동타운 3층, 0, 5.0
"이창현정형외과의원", 제주특별자치도 제주시 연북로 50 덕성빌딩 2층, 0, 3.3
"튼튼소아청소년과의원", 제주특별자치도 제주시 과원북4길 35 늘푸른빌딩 3층, 0, 4.8
"제이여성의원", 제주특별자치도 제주시 연북로 38 6층, 0, 4.0
"늘푸른경희한의원", 제주특별자치도 제주시 과원북4길 29 백산빌딩 2층, 0, 4.9
"탑치과의원", 제주특별자치도 제주시 연북로 42, 0, 4.8
"연세마음편한치과의원", 제주특별자치도 제주시 연북로 46 2층, 0, 5.0
"늘푸른내과의원", 제주특별자치도 제주시 과원북4길 35 2층, 0, 2.8
"예쁜아이치과의원", 제주특별자치도 제주시 연북로 40 해원빌딩 3층, 0, 4.8
"우리들소아청소년과의원", 제주특별자치도 제주시 연북로 38 5층, 0, 5.0
"아이틴즈치과", 제주특별자치도 제주시 연북로 78 성남빌딩 5층, 0, 5.0
"김광정정형외과의원", 제주특별자치도 제주시 연북로 38 연동타운 4층, 0, 2.4
"예일소아과의원", 제주특별자치도 제주시 연북로 40 2층, 0, 4.5
"이철승치과의원", 제주특별자치도 제주시 연북로 36, 0, 5.0
"길한의원", 제주특별자치도 제주시 과원북4길 33 은혜빌딩 2층, 0, 5.0
"미소치과의원", 제주특별자치도 제주시 국기로 8, 0, 0.0
"한솔한의원", 제주특별자치도 제주시 연북로 36, 0, 4.5
"서울UP치과의원 서울업치과의원", 제주특별자치도 제주시 연북로 76 한성빌딩 2층, 0, 5.0
"좋은이웃내과의원", 제주특별자치도 제주시 도령로 7, 0, 4.5
"노형백세치과", 제주특별자치도 제주시 도령로 20 산방빌딩 2층, 4, 4.7
"김병훈정형외과", 제주특별자치도 제주시 도령로 7 1층, 0, 1.4
"미소의원", 제주특별자치도 제주시 노연로 29 2층, 0, 5.0
"가지런e치과", 제주특별자치도 제주시 도령로 21, 0, 2.1
"한나산부인과", 제주특별자치도 제주시 도령로 7, 0, 2.4
"녹십자정형외과의원", 제주특별자치도 제주시 도령로 9, 0, 1.0
"동인당한의원", 제주특별자치도 제주시 도령로 21 동인빌딩 3층, 0, 3.0
"맨투맨남성의원", 제주특별자치도 제주시 도령로 7 금성빌딩 3층, 0, 4.0
"서상원 정신건강의학과의원", 제주특별자치도 제주시 도령로 7 금성빌딩 3층, 0, 1.0
"프라임치과의원", 제주특별자치도 제주시 도령로 7 4층, 0, 0.0
"더미인의원", 제주특별자치도 제주시 도령로 25, 0, 0.0
"장은식치과의원", 제주특별자치도 제주시 도령로 9 정각빌딩 3층, 0, 5.0
"제주한라병원", 제주특별자치도 제주시 도령로 65, 7, 1.5
"고든비뇨의학과의원", 제주특별자치도 제주시 도령로 76 유림빌딩 5층, 1, 5.0
"봄길의원", 제주특별자치도 제주시 삼무로 18 하우스디어반 2층 201~205호, 0, 2.6
"우리연세이비인후과의원", 제주특별자치도 제주시 도령로 74 2층, 0, 2.3
"포에버의원", 제주특별자치도 제주시 삼무로 18 하우스디어반 211호, 3, 4.2
"파랑새의원", 제주특별자치도 제주시 노연로 90 2층, 1, 3.2
"오복류치과의원", 제주특별자치도 제주시 도령로 76 4층, 2, 3.4
"한라연한의원", 제주특별자치도 제주시 도령로 76 2층, 0, 5.0
"이동구내과의원", 제주특별자치도 제주시 신광로 64 2층, 0, 1.0
"하이치과", 제주특별자치도 제주시 삼무로 2-1 2층, 0, 4.2
"신제주한의원", 제주특별자치도 제주시 삼무로 27 2층, 0, 3.5
"이사랑치과", 제주특별자치도 제주시 남녕로 28, 0, 1.0
"김정무한의원", 제주특별자치도 제주시 남녕로 32 2층, 0, 5.0
"으뜸경희한의원", 제주특별자치도 제주시 과원로 110 아이에프영빌딩 3층 302호, 0, 4.8
"엔젤소아청소년과", 제주특별자치도 제주시 과원로 70 부림온천 2층, 0, 5.0
"더리프트의원", 제주특별자치도 제주시 과원로 110 2층 201호, 0, 5.0
"연동365일의원", 제주특별자치도 제주시 연북로 99 2층, 0, 1.7
"복지피부과의원", 제주특별자치도 제주시 신대로 128, 0, 4.4
"가족보건의원", 제주특별자치도 제주시 신대로13길 21, 0, 3.0
"제원한의원", 제주특별자치도 제주시 신대로14길 36 2층, 0, 4.9
"제주 멘파워비뇨기과의원", 제주특별자치도 제주시 노연로 94 2층, 0, 4.0
"다사랑의원", 제주특별자치도 제주시 신대로 128, 0, 4.5
"김용석 마취통증의학과의원", 제주특별자치도 제주시 노연로 101, 0, 5.0
"뷰앤미의원", 제주특별자치도 제주시 노연로 118-1 미도스카이빌 202호, 0, 
"고경환내과의원", 제주특별자치도 제주시 신대로 153 2층, 0, 1.3
"서울앤치과의원", 제주특별자치도 제주시 연북로 99 1층, 0, 2.9
"VIP성형외과의원", 제주특별자치도 제주시 은남1길 46 3층, 1, 
"한국건강관리협회 건강증진의원", 제주특별자치도 제주시 연북로 111, 10, 3.7
"서울한의원", 제주특별자치도 제주시 노연로 142 1층, 0, 0.0
"김형진치과의원", 제주특별자치도 제주시 신광로 63, 0, 4.0
"DRVIP클리닉", 제주특별자치도 제주시 은남1길 46 3층, 2, 3.0
"한국건강관리협회 건강증진치과의원", 제주특별자치도 제주시 연북로 111, 0, 0.0
"포유치과의원", 제주특별자치도 제주시 연북로 111, 0, 0.0
"김광주치과의원", 제주특별자치도 제주시 신대로 134 2층, 0, 1.3
"슬림미의원", 제주특별자치도 제주시 연북로 99 3층, 0, 5.0
"제주제일요양병원", 제주특별자치도 제주시 연삼로 16, 1, 4.2
"연동필치과의원", 제주특별자치도 제주시 신대로 72, 0, 3.0
"해와달한의원", 제주특별자치도 제주시 신대로 67, 0, 4.2
"제주국제공항의원", 제주특별자치도 제주시 공항로 2 1층, 0, 0.0
"투게더피부과의원", 제주특별자치도 서귀포시 월드컵로 8 4층, 0, 
"서울삼성이비인후과의원", 제주특별자치도 서귀포시 월드컵로 8 홍은프라자 3층 303호, 0, 
"서울정형외과의원", 제주특별자치도 제주시 중앙로 354, 0, 4.3
"바로내과의원", 제주특별자치도 서귀포시 월드컵로 8 3층, 0, 4.5
"현혜선산부인과의원", 제주특별자치도 서귀포시 월드컵로 8, 0, 3.0
"본의원", 제주특별자치도 서귀포시 일주동로 9213 2층, 0, 3.3
"신윤석외과의원", 제주특별자치도 서귀포시 월드컵로 8, 0, 4.3
"리더스치과의원", 제주특별자치도 서귀포시 월드컵로 8 403호, 0, 3.4
"서울퍼스트성형외과의원", 제주특별자치도 서귀포시 월드컵로 8 송산플라자 2층 202호, 0, 5.0
"새론의원", 제주특별자치도 서귀포시 신서로48번길 31, 0, 2.8
"아이맘소아청소년과의원", 제주특별자치도 서귀포시 신서귀로97번길 51 3층, 0, 2.7
"새서귀보한의원", 제주특별자치도 서귀포시 신중남로 26 203호, 0, 4.7
"온유치과의원", 제주특별자치도 서귀포시 신서귀로97번길 51 4층, 0, 4.4
"미래가정의학과의원", 제주특별자치도 서귀포시 대청로25번길 4 201호, 0, 5.0
"서울미치과의원", 제주특별자치도 서귀포시 대청로 41 403호, 1, 3.4
"노벨치과의원", 제주특별자치도 서귀포시 대청로 39, 0, 4.2
"경희수연한의원", 제주특별자치도 서귀포시 대청로 39, 0, 5.0
"이룸내과의원", 제주특별자치도 제주시 연오로 59 2층 303호, 0, 4.3
"강미정소아청소년과의원", 제주특별자치도 제주시 연오로 59, 0, 5.0
"제주내과의원", 제주특별자치도 제주시 서광로 78-9, 0, 4.0
"제주춘강의원", 제주특별자치도 제주시 월구1길 73, 0, 5.0
"예나산부인과의원", 제주특별자치도 제주시 서광로 83, 1, 1.8
"양경필치과의원", 제주특별자치도 제주시 공항로1길 46, 0, 4.5
"예나산부인과의원 소아청소년과", 제주특별자치도 제주시 서광로 83, 0, 0.0
"예나치과의원", 제주특별자치도 제주시 서광로 83, 0, 0.0
"제주조은의원", 제주특별자치도 제주시 용담로 46, 0, 2.8
"우리한의원", 제주특별자치도 제주시 서광로 301 3층, 0, 4.5
"고려한의원", 제주특별자치도 서귀포시 신서귀로 39, 0, 5.0
"제주나무병원", 제주특별자치도 제주시 아연로 258, 0, 0.0
"라아한의원", 제주특별자치도 제주시 오남로 212 1층, 0, 4.3
"한빛정신건강의학과의원", 제주특별자치도 제주시 서광로 184 영재빌딩 3층, 0, 4.5
"이명철한의원", 제주특별자치도 제주시 서광로 192, 0, 1.0
"이승희산부인과의원", 제주특별자치도 제주시 서광로 208-1 2층, 0, 
"오라가축병원", 제주특별자치도 제주시 오라로18길 11-6, 0, 0.0
"한국병원", 제주특별자치도 제주시 서광로 193, 16, 2.7
"드림포레산부인과의원", 제주특별자치도 제주시 서사로 136 5층 외래진료, 4, 3.9
"명이비인후과", 제주특별자치도 제주시 서광로 215, 0, 4.9
"한승진신경외과의원", 제주특별자치도 제주시 서광로 161, 0, 5.0
"제주하늘요양병원", 제주특별자치도 제주시 서사로 40 3,5~7층, 0, 0.0
"오렌지한의원 제주", 제주특별자치도 제주시 서광로 167 아리랑빌딩 2층, 0, 4.8
"김명식내과의원", 제주특별자치도 제주시 용문로 163, 0, 5.0
"연세포르테비뇨기과의원", 제주특별자치도 제주시 서광로 175, 0, 4.0
"하루항외과의원", 제주특별자치도 제주시 서광로 175, 0, 5.0
"탑성형외과의원", 제주특별자치도 제주시 서광로 131, 0, 3.0
"이방훈 재활의학과의원", 제주특별자치도 제주시 서광로 157, 0, 5.0
"제주미의원", 제주특별자치도 제주시 서사로 137, 0, 2.8
"제주미의원 피부과", 제주특별자치도 제주시 서사로 137, 0, 2.0
"연강참병원", 제주특별자치도 제주시 서광로 175 아세아빌딩 B101,301,401,501호, 0, 3.0
"고신경정신과의원", 제주특별자치도 제주시 서광로 203, 0, 2.7
"제주힘튼의원", 제주특별자치도 제주시 서광로 215 2층, 0, 4.2
"문영석치과의원", 제주특별자치도 제주시 서문로 18-1, 0, 5.0
"율한의원", 제주특별자치도 제주시 용화로 61-1, 0, 5.0
"이지민치과의원", 제주특별자치도 제주시 서광로 215, 0, 3.0
"제주미의원 정형외과", 제주특별자치도 제주시 서사로 137, 0, 0.0
"연세삼성의원", 제주특별자치도 제주시 흥운길 8, 0, 5.0
"만덕한의원", 제주특별자치도 제주시 용문로 162, 0, 4.0
"고영호재활의학과의원", 제주특별자치도 제주시 서광로 175, 0, 0.0
"김형섭치과의원", 제주특별자치도 제주시 흥운길 1, 0, 0.0
"김양근치과의원", 제주특별자치도 제주시 서광로 205, 0, 0.0
"용담의원", 제주특별자치도 제주시 용담로 92, 0, 5.0
"서문의원", 제주특별자치도 제주시 서문로 68, 0, 3.0
"김윤희치과의원", 제주특별자치도 제주시 서문로 29, 0, 5.0
"용담매일한의원", 제주특별자치도 제주시 흥운길 22, 0, 0.0
"다나은한의원", 제주특별자치도 제주시 용담로 86 2층, 0, 0.0
"허용가정의학과의원", 제주특별자치도 제주시 용담로 86 2층, 0, 0.0
"문이비인후과의원", 제주특별자치도 제주시 서광로 268, 0, 5.0
"고순희내과의원", 제주특별자치도 제주시 서사로 155, 0, 2.1
"강정형외과의원", 제주특별자치도 제주시 서광로 262 1,2층, 0, 3.7
"강골정형외과의원", 제주특별자치도 제주시 서광로 272 4층, 0, 
"문앤송소아청소년과의원", 제주특별자치도 제주시 서광로 220 서광빌딩 3층, 0, 3.5
"지오요양병원", 제주특별자치도 제주시 서광로 222, 1, 3.0
"조은미의원", 제주특별자치도 제주시 서광로 270, 0, 2.5
"고영관신경외과의원", 제주특별자치도 제주시 연삼로 342 2층, 0, 2.0
"연세안과의원", 제주특별자치도 제주시 서광로 220 3층, 0, 3.2
"하나치과", 제주특별자치도 제주시 신성로 76, 0, 4.9
"김명환치과의원", 제주특별자치도 제주시 서광로 240, 0, 5.0
"정성학 마취통증의학과의원", 제주특별자치도 제주시 서사로 155 4층, 0, 4.2
"다임한의원", 제주특별자치도 제주시 서광로 244, 0, 0.0
"제주 삼성의원", 제주특별자치도 제주시 신성로 78, 0, 2.6
"정승영치과의원", 제주특별자치도 제주시 연삼로 259, 0, 1.0
"광양한의원", 제주특별자치도 제주시 서광로28길 19 1,2층, 0, 5.0
"도남한의원", 제주특별자치도 제주시 신성로 85, 0, 0.0
"양경흠치과의원", 제주특별자치도 제주시 서광로 220, 0, 0.0
"정다운치과의원", 제주특별자치도 제주시 도남로8길 3, 0, 3.0
"이엔이치과의원", 제주특별자치도 제주시 도남로 56, 0, 0.0
"동의보감한의원", 제주특별자치도 제주시 신성로 76 2층, 2, 5.0
"명성한의원", 제주특별자치도 제주시 연삼로 315 1층, 0, 0.0
"이미애 피부과의원", 제주특별자치도 제주시 서광로 267, 0, 1.7
"제주 아름다운피부과의원", 제주특별자치도 제주시 서광로 273, 0, 1.6
"365제주의원", 제주특별자치도 제주시 서광로 302 2,6층, 0, 4.3
"연세정형외과의원", 제주특별자치도 제주시 남성로 156, 0, 3.1
"한사랑정신과의원", 제주특별자치도 제주시 서광로 273 3층, 0, 4.4
"더편한오동훈내과의원", 제주특별자치도 제주시 서광로 294 3층, 0, 4.4
"서울아산신경외과의원", 제주특별자치도 제주시 서광로 301 2층, 0, 3.0
"그랜드치과병원", 제주특별자치도 제주시 서광로 301, 0, 2.7
"장용안과의원", 제주특별자치도 제주시 서광로 302 5층, 0, 4.4
"봄정신건강의학과의원", 제주특별자치도 제주시 서광로 297 2층, 1, 3.2
"늘푸른가정의학과의원", 제주특별자치도 제주시 중앙로 175 4층, 0, 2.8
"미소봄치과교정과치과의원", 제주특별자치도 제주시 동광로 4 3층, 0, 5.0
"건강100세의원", 제주특별자치도 제주시 서광로 273, 2, 4.5
"제주늘푸른의원", 제주특별자치도 제주시 중앙로 132 2층, 0, 5.0
"전농로한의원", 제주특별자치도 제주시 전농로 75-2, 0, 5.0
"다음플러스치과의원", 제주특별자치도 제주시 서광로 292, 0, 4.7
"박경식신경외과의원", 제주특별자치도 제주시 서광로 263, 0, 3.0
"제주연합재활의학과의원", 제주특별자치도 제주시 서광로 294 2층, 0, 3.3
"김동호 이비인후과의원", 제주특별자치도 제주시 서광로 267, 0, 3.3
"강남의원", 제주특별자치도 제주시 서광로 302 3층, 0, 1.0
"현창옥내과의원", 제주특별자치도 제주시 중앙로 195 2층, 0, 5.0
"문성영치과의원", 제주특별자치도 제주시 서광로 239 웰빌딩 4층, 0, 5.0
"광양서울앤치과의원", 제주특별자치도 제주시 서광로 302 7층, 0, 2.6
"다음치과의원", 제주특별자치도 제주시 서광로 293 태안빌딩 2층, 0, 4.0
"부성언치과의원", 제주특별자치도 제주시 중앙로 206 2층, 0, 3.7
"진한의원", 제주특별자치도 제주시 서사로11길 3, 0, 1.0
"램브란트치과", 제주특별자치도 제주시 서광로 281, 0, 5.0
"우리한의원", 제주특별자치도 제주시 서광로 301 3층, 0, 4.5
"경희수한의원", 제주특별자치도 제주시 서광로 279, 0, 5.0
"한봉한의원", 제주특별자치도 제주시 서광로 235, 0, 5.0
"늘푸른 노인전문요양원", 제주특별자치도 제주시 중앙로 175, 0, 0.0
"광양의원", 제주특별자치도 제주시 서광로 302 4층, 0, 0.0
"홍한의원", 제주특별자치도 제주시 서광로 283, 0, 5.0
"제주녹십자의원", 제주특별자치도 제주시 고전길 5 극동오벨리스크3차 1층 102호, 0, 0.0
"오용덕치과의원", 제주특별자치도 제주시 중앙로 191, 0, 0.0
"오정훈치과의원", 제주특별자치도 제주시 서광로 304, 0, 4.5
"고&홍치과의원", 제주특별자치도 제주시 중앙로 194, 0, 0.0
"탑동365일의원", 제주특별자치도 제주시 탑동로 24 2층, 2, 3.0
"제주중앙안과의원", 제주특별자치도 제주시 중앙로15길 2, 0, 5.0
"닥터양내과", 제주특별자치도 제주시 관덕로 18, 0, 4.0
"늘봄재활요양병원", 제주특별자치도 제주시 관덕로 30, 1, 4.2
"제주삼성안과", 제주특별자치도 제주시 관덕로 66 후생빌딩 3,4층, 0, 2.4
"이경신 이비인후과의원", 제주특별자치도 제주시 중앙로 61, 0, 4.9
"나의원", 제주특별자치도 제주시 관덕로 60 2층, 0, 3.6
"유디치과의원 제주중앙점", 제주특별자치도 제주시 중앙로14길 8 1,2층, 0, 3.9
"김판규외과의원", 제주특별자치도 제주시 관덕로 7 2층, 0, 4.5
"탑동병원", 제주특별자치도 제주시 탑동로 26, 0, 3.7
"박기범치과의원", 제주특별자치도 제주시 중앙로 62, 0, 5.0
"함내과의원", 제주특별자치도 제주시 관덕로 63, 0, 3.0
"유내과의원", 제주특별자치도 제주시 중앙로 61 3층, 0, 3.9
"보수당한의원", 제주특별자치도 제주시 관덕로11길 16, 0, 5.0
"서울준마취통증의학과의원", 제주특별자치도 제주시 관덕로 67 2층, 4, 0.0
"연세유엘르의원", 제주특별자치도 제주시 탑동로 24 3층, 0, 3.9
"김경락치과", 제주특별자치도 제주시 동문로 10, 0, 0.0
"부용철치과의원", 제주특별자치도 제주시 중앙로 84, 0, 5.0
"올레마취통증의학과의원", 제주특별자치도 제주시 관덕로13길 2 2층, 0, 5.0
"다나한의원", 제주특별자치도 제주시 중앙로 77 2층, 0, 0.0
"연세마취통증의학과의원", 제주특별자치도 제주시 관덕로 58 2,3층, 0, 3.7
"서울호연치과의원", 제주특별자치도 제주시 중앙로 76 2층, 0, 5.0
"민초당한의원", 제주특별자치도 제주시 중앙로15길 8, 0, 0.0
"임덕방사선과의원", 제주특별자치도 제주시 중앙로 77 2층, 0, 3.0
"센트럴치과의원", 제주특별자치도 제주시 중앙로 61 2층, 0, 0.0
"부경돈치과의원", 제주특별자치도 제주시 관덕로13길 2, 0, 2.0
"인수한의원", 제주특별자치도 제주시 관덕로 64, 0, 0.0
"이하얀치과의원", 제주특별자치도 제주시 관덕로 64, 0, 5.0
"김윤홍치과의원", 제주특별자치도 제주시 관덕로 22-1, 0, 3.0
"영도치과의원", 제주특별자치도 제주시 중앙로 51, 0, 0.0
"Sc메디컬", 제주특별자치도 제주시 칠성로길 7-1 1층, 0, 0.0
"송악나무병원", 제주특별자치도 서귀포시 호근서호로 38 102호, 0, 0.0
"연강병원", 제주특별자치도 제주시 죽성서길 6, 1, 1.0
"제주우리병원", 제주특별자치도 제주시 중앙로 373, 0, 2.6
"하늘마음한의원 제주점", 제주특별자치도 제주시 중앙로 371 3층, 29, 3.2
"나우메디의원", 제주특별자치도 제주시 연북로 511 에이플렉스 3층, 3, 4.1
"더고운의원", 제주특별자치도 제주시 중앙로 371, 1, 1.7
"서울차앤김치과의원", 제주특별자치도 제주시 중앙로 380 3층, 0, 3.0
"속편한내과 제주점", 제주특별자치도 제주시 중앙로 359 신해빌딩 3층, 0, 1.9
"올레비뇨의학과의원", 제주특별자치도 제주시 중앙로 366 4층, 0, 
"타임소아청소년과의원", 제주특별자치도 제주시 중앙로 371 2층, 1, 4.5
"서울아산내과의원", 제주특별자치도 제주시 연북로 511 에이플렉스 4층, 0, 5.0
"고려이비인후과의원", 제주특별자치도 제주시 중앙로 366 3층, 0, 1.9
"소리나소아청소년과의원", 제주특별자치도 제주시 중앙로 380 2층, 0, 
"김래상신경외과의원", 제주특별자치도 제주시 중앙로 366, 0, 3.9
"한재익치과의원", 제주특별자치도 제주시 중앙로 371 4층, 0, 4.1
"현무암부부한의원", 제주특별자치도 제주시 중앙로 360 YS빌딩 3층, 152, 3.7
"로하스의원", 제주특별자치도 제주시 구남동8길 58 3층, 3, 4.2
"e편한치과의원", 제주특별자치도 제주시 연북로 527 반디빌딩 5층, 6, 4.7
"고성은치과의원", 제주특별자치도 제주시 중앙로 358 일신빌딩 4층, 0, 5.0
"더아이맘한의원", 제주특별자치도 제주시 연북로 543 1층, 55, 5.0
"케이뷰티성형외과의원 제주점", 제주특별자치도 제주시 중앙로 371-1 강남K뷰티빌딩 3~5층, 0, 1.5
"박정욱한의원", 제주특별자치도 제주시 연북로 527, 18, 5.0
"미인세상의원", 제주특별자치도 제주시 연북로 527, 0, 4.2
"예다움치과의원", 제주특별자치도 제주시 중앙로 366 4층, 0, 5.0
"찬치과의원", 제주특별자치도 제주시 중앙로 371-1 2층, 0, 4.0
"동구치과", 제주특별자치도 제주시 중앙로 368, 0, 3.0
"제주제통의원", 제주특별자치도 제주시 중앙로 371 2층, 0, 2.3
"에버그린의원", 제주특별자치도 제주시 중앙로 371-1 3~5층, 0, 5.0
"더자란소아청소년과의원", 제주특별자치도 제주시 연북로 556 2층, 0, 5.0
"숨편한세상한의원 제주점", 제주특별자치도 제주시 연북로 527, 0, 0.0
"연세중앙치과의원", 제주특별자치도 제주시 중앙로 360 2층, 0, 5.0
"김기수수안과", 제주특별자치도 제주시 중앙로 286 3층, 0, 2.2
"더좋은이비인후과의원", 제주특별자치도 제주시 중앙로 337 2층, 3, 4.3
"연세제일안과의원", 제주특별자치도 제주시 중앙로 337 2층, 4, 3.7
"서울정형외과의원", 제주특별자치도 제주시 중앙로 354, 0, 4.3
"한라속시원내과의원", 제주특별자치도 제주시 중앙로 266 2층 216호, 0, 4.8
"제이뉴피부과의원", 제주특별자치도 제주시 중앙로 266 2층 216호, 0, 
"미사랑의원", 제주특별자치도 제주시 중앙로 286, 22, 2.0
"동산내과의원", 제주특별자치도 제주시 중앙로 337 3층 301,302호, 0, 4.7
"두리이비인후과 제주클리닉", 제주특별자치도 제주시 중앙로 286, 0, 3.3
"루아치과의원", 제주특별자치도 제주시 중앙로 337 4층, 27, 4.2
"엘산부인과", 제주특별자치도 제주시 중앙로 352 오현타워 4층, 0, 2.4
"제일플란트치과의원", 제주특별자치도 제주시 중앙로 302 4,5층, 1, 5.0
"고운이치과의원", 제주특별자치도 제주시 연삼로 354 2,3층, 0, 4.7
"공감성형외과의원", 제주특별자치도 제주시 중앙로 310, 10, 4.4
"정광훈정형외과의원", 제주특별자치도 제주시 연삼로 395, 0, 2.1
"혜민당한의원", 제주특별자치도 제주시 중앙로 326 해피트리빌딩 2층, 0, 3.3
"선내과의원", 제주특별자치도 제주시 중앙로 319, 0, 3.2
"박상욱 휴 정신건강의학과의원", 제주특별자치도 제주시 중앙로 337 3층 301호, 0, 
"채움치과의원", 제주특별자치도 제주시 중앙로 354 은빌딩 4층, 0, 4.1
"유진통증의학과의원", 제주특별자치도 제주시 중앙로 286 4층, 0, 5.0
"메디필산부인과의원", 제주특별자치도 제주시 중앙로 308, 0, 2.8
"고운이치과교정과치과의원", 제주특별자치도 제주시 연삼로 354 4층, 0, 5.0
"비바체성형외과의원", 제주특별자치도 제주시 중앙로 302, 0, 3.6
"서울현치과", 제주특별자치도 제주시 중앙로 319, 0, 5.0
"이튼치과", 제주특별자치도 제주시 중앙로 298, 0, 4.3
"송성필한의원", 제주특별자치도 제주시 중앙로 325 2층, 0, 0.0
"백제한의원", 제주특별자치도 제주시 중앙로 316, 0, 0.0
"디올레치과의원", 제주특별자치도 제주시 중앙로 266 101호, 0, 0.0
"김형남치과의원", 제주특별자치도 제주시 중앙로 316 조형빌딩 3층, 0, 4.0
"김정학치과의원", 제주특별자치도 제주시 연삼로 431, 0, 3.0
"임승찬치과의원", 제주특별자치도 제주시 중앙로 235, 0, 4.9
"경희본한의원", 제주특별자치도 제주시 중앙로 326-1 2층, 0, 1.0
"고성은치과의원", 제주특별자치도 제주시 중앙로 358 일신빌딩 4층, 0, 5.0
"뉴욕치과의원", 제주특별자치도 제주시 중앙로 318 3층, 0, 3.0
"윤진호정형외과의원", 제주특별자치도 제주시 동광로 90, 3, 2.9
"우리안과의원", 제주특별자치도 제주시 동광로 107, 0, 4.1
"제주대항외과", 제주특별자치도 제주시 고마로 53, 0, 4.2
"오케이정형외과", 제주특별자치도 제주시 동광로 108-1, 0, 2.7
"삼성산부인과의원", 제주특별자치도 제주시 동광로 27, 0, 4.2
"사회복지법인인효원 제주복지요양병원", 제주특별자치도 제주시 동광로 96 2,3층, 4, 0.0
"삼성드림소아청소년과", 제주특별자치도 제주시 동광로 120 3층, 0, 2.6
"행복한치과", 제주특별자치도 제주시 동광로 97, 0, 4.3
"혜민내과의원", 제주특별자치도 제주시 동광로15길 2 일도위더스빌23차 1층 105호, 0, 4.0
"토마토요양병원", 제주특별자치도 제주시 동광로 42, 1, 0.0
"신세계치과의원", 제주특별자치도 제주시 동광로 120 2층, 0, 3.9
"김세희소아과의원", 제주특별자치도 제주시 동광로 110 2층, 0, 4.4
"김헌지정형외과의원", 제주특별자치도 제주시 동광로15길 4, 0, 0.0
"연세치과의원", 제주특별자치도 제주시 동광로 107 4층, 0, 5.0
"부기은치과의원", 제주특별자치도 제주시 동광로 81, 0, 5.0
"김수상내과의원", 제주특별자치도 제주시 동광로 100, 0, 2.5
"열린한의원 제주점", 제주특별자치도 제주시 동광로 118 2층, 16, 4.5
"동양한의원", 제주특별자치도 제주시 고마로 70 2층, 0, 5.0
"누가한의원", 제주특별자치도 제주시 동광로 102 2층 201호, 0, 0.0
"한국한의원", 제주특별자치도 제주시 동광로 113 2층, 0, 5.0
"진영미한의원", 제주특별자치도 제주시 동광로2길 1, 0, 5.0
"김한신의원", 제주특별자치도 제주시 동광로 82, 0, 0.0
"밸런스웰가의원", 제주특별자치도 제주시 동광로 90 2,3층, 2, 0.0
"한라성심의원", 제주특별자치도 제주시 동광로 107 3층, 0, 5.0
"다나산부인과의원", 제주특별자치도 제주시 동광로 107 3층, 0, 5.0
"정내과의원", 제주특별자치도 제주시 동문로 70, 0, 4.4
"노동의원", 제주특별자치도 제주시 만덕로3길 2 1층, 0, 0.0
"박태영치과의원", 제주특별자치도 제주시 동문로 56, 0, 4.0
"제주제일의원", 제주특별자치도 제주시 동문로20길 1, 0, 0.0
"청하당한의원", 제주특별자치도 제주시 동문로 58, 0, 5.0
"김봉준통합치의학과치과의원", 제주특별자치도 제주시 동문로 51, 0, 0.0
"양택상치과의원", 제주특별자치도 제주시 동문로 76, 0, 0.0
"명치과의원", 제주특별자치도 제주시 동문로 45, 0, 5.0
"사라봉한의원", 제주특별자치도 제주시 동문로 96 2층, 0, 5.0
"바른정의원", 제주특별자치도 제주시 성지로 76-1, 0, 0.0
"사회복지법인샘터원", 제주특별자치도 서귀포시 중산간동로 8178, 0, 0.0
"아라요양병원", 제주특별자치도 제주시 한북로 309, 2, 0.0
"제주대학교병원", 제주특별자치도 제주시 아란13길 15, 7, 1.6
"제주선한병원", 제주특별자치도 제주시 중앙로 616 1,2,3층, 0, 5.0
"911매일의원", 제주특별자치도 제주시 아연로 603 2층, 0, 2.1
"참정형외과의원", 제주특별자치도 제주시 중앙로 570 3층, 0, 2.7
"이순재내과의원", 제주특별자치도 제주시 중앙로 543 2층, 0, 4.3
"민소아청소년과의원", 제주특별자치도 제주시 인다10길 35 2층, 0, 3.6
"홍소아청소년과의원", 제주특별자치도 제주시 아란7길 18, 0, 3.0
"아라치과의원", 제주특별자치도 제주시 중앙로 531, 0, 5.0
"제주클라인치과의원", 제주특별자치도 제주시 중앙로 543 3층, 0, 4.2
"한라산한의원", 제주특별자치도 제주시 중앙로 528 3층, 0, 4.7
"탐라우리들의원", 제주특별자치도 제주시 중앙로 552, 0, 5.0
"사랑의치과의원", 제주특별자치도 제주시 중앙로 552, 0, 4.1
"제주다스름한의원", 제주특별자치도 제주시 중앙로 567 3층, 1, 2.8
"품듯한의원", 제주특별자치도 제주시 중앙로 491 1층, 1, 5.0
"문치과의원", 제주특별자치도 제주시 중앙로 568 2층, 0, 2.4
"제주탑플란트치과의원", 제주특별자치도 제주시 중앙로 545 6층, 0, 0.0
"아라한의원", 제주특별자치도 제주시 중앙로 570 2층, 0, 5.0
"웃음꽃피어나는약수당한의원", 제주특별자치도 제주시 중앙로 545 3층, 0, 5.0
"심연정신건강의학과의원", 제주특별자치도 제주시 중앙로 570 2층, 0, 
"한마음병원", 제주특별자치도 제주시 연신로 52, 5, 1.8
"김기준이비인후과의원", 제주특별자치도 제주시 승천로 75, 0, 2.4
"정소아청소년과의원", 제주특별자치도 제주시 승천로 74, 0, 3.4
"이도한의원", 제주특별자치도 제주시 승천로 81 201호, 0, 4.5
"미소아치과치과의원", 제주특별자치도 제주시 신설로6길 1 1층, 0, 2.3
"연세알막툼치과보철과치과의원", 제주특별자치도 제주시 승천로 74 2층, 0, 3.4
"심미치과의원", 제주특별자치도 제주시 승천로 58 2층, 0, 5.0
"밝은한의원", 제주특별자치도 제주시 태성중2길 33, 0, 5.0
"이화소아청소년과", 제주특별자치도 제주시 신설로7길 4, 0, 2.5
"힐링치과의원", 제주특별자치도 제주시 승천로 75, 0, 3.6
"상쾌한이비인후과", 제주특별자치도 제주시 동광로 124 3~5층, 0, 2.3
"서해산부인과의원", 제주특별자치도 제주시 동광로 131, 1, 2.3
"예닮빛피부과의원", 제주특별자치도 제주시 동광로 133 고마로빌딩5층, 0, 4.1
"새봄비뇨기과의원", 제주특별자치도 제주시 동광로 131 일도클리닉센타 5층, 0, 2.3
"일도연세이비인후과", 제주특별자치도 제주시 고마로 117, 0, 3.3
"미소하나치과의원", 제주특별자치도 제주시 고마로 117, 0, 5.0
"밝은안과의원", 제주특별자치도 제주시 동광로 131, 0, 3.2
"삼성정형외과의원", 제주특별자치도 제주시 동광로 124 기봉빌딩 2.3층, 0, 1.4
"연세이비인후과", 제주특별자치도 제주시 고마로 117 2층, 0, 5.0
"제주경희한의원", 제주특별자치도 제주시 고마로 99 2층, 0, 4.5
"임지영한의원", 제주특별자치도 제주시 연삼로 547, 0, 3.8
"아이사랑소아과의원", 제주특별자치도 제주시 동광로 131, 0, 5.0
"박재홍내과의원", 제주특별자치도 제주시 고마로 149 2층, 0, 4.7
"거북이한의원", 제주특별자치도 제주시 고마로 135, 0, 5.0
"마리산부인과의원", 제주특별자치도 제주시 고마로 146, 0, 2.3
"온마음의원", 제주특별자치도 제주시 연삼로 548 1층, 0, 4.6
"e스마일치과의원", 제주특별자치도 제주시 고마로 149 해광빌딩 2층, 0, 5.0
"율치과의원", 제주특별자치도 제주시 연삼로 510 문영빌딩 2층, 0, 0.0
"동일내과의원", 제주특별자치도 제주시 동광로 131 일도크리닉 203호, 0, 1.0
"좌방은성형외과의원", 제주특별자치도 제주시 동광로 122 301호, 0, 0.0
"현용휴채승원치과의원", 제주특별자치도 제주시 고마로 99 3층, 0, 3.0
"현용준내과의원", 제주특별자치도 제주시 동광로 129, 0, 4.4
"열린치과의원", 제주특별자치도 제주시 고마로 123 2층, 0, 5.0
"온정신건강의학과의원", 제주특별자치도 제주시 동광로 122 2층 201호, 0, 3.0
"지예치과의원", 제주특별자치도 제주시 고마로 108 2층, 0, 4.0
"김기형치과의원", 제주특별자치도 제주시 동광로 133 고마로빌딩 7층, 0, 5.0
"바루나마취통증의학과의원", 제주특별자치도 제주시 동광로 131 일도클리닉 5층, 0, 0.0
"서해치과의원", 제주특별자치도 제주시 고마로 87 신정빌딩 2층, 0, 1.0
"동광경희한의원", 제주특별자치도 제주시 연삼로 542, 0, 5.0
"이고은치과의원", 제주특별자치도 제주시 동광로 131 일도크리닉빌딩 7층, 0, 3.0
"경희 명인한의원", 제주특별자치도 제주시 고마로 123, 0, 0.0
"청원한의원", 제주특별자치도 제주시 고마로 113 2층, 0, 0.0
"수양한의원", 제주특별자치도 제주시 연수로3길 4, 0, 5.0
"이아름다운치과", 제주특별자치도 제주시 동광로 124 기봉빌딩 4층, 0, 5.0
"도연한의원", 제주특별자치도 제주시 고마로 87, 0, 3.0
"행복한한의원", 제주특별자치도 제주시 고마로 104, 0, 5.0
"서울아산이비인후과의원", 제주특별자치도 서귀포시 일주동로 8694 2층, 0, 4.2
"고은미의원", 제주특별자치도 서귀포시 일주동로 8707 위너스빌딩 2층, 0, 
"고운부부치과의원", 제주특별자치도 서귀포시 일주동로 8700 대승빌딩 2층, 0, 
"그랜드치과의원", 제주특별자치도 서귀포시 일주동로 8723, 0, 1.0
"다나치과의원", 제주특별자치도 서귀포시 중앙로 189 일호지오빌2차 203동 상가 1층, 0, 3.4
"정안과의원", 제주특별자치도 서귀포시 중정로 54-1, 0, 4.3
"양승철소아청소년과의원", 제주특별자치도 서귀포시 중정로 50, 0, 4.4
"현대산부인과의원", 제주특별자치도 서귀포시 중정로 50, 0, 4.4
"시원한이비인후과", 제주특별자치도 서귀포시 동문로 61, 0, 1.5
"삼성탑내과의원", 제주특별자치도 서귀포시 중정로61번길 1 2층, 0, 4.4
"더미인", 제주특별자치도 서귀포시 중앙로 46 쌍영빌딩, 0, 5.0
"서귀포유신경외과의원", 제주특별자치도 서귀포시 중앙로 43, 0, 4.8
"서연의원", 제주특별자치도 서귀포시 중정로 123 선경오피스텔 3층, 0, 0.0
"푸른소아청소년과의원", 제주특별자치도 서귀포시 중앙로 35-1, 0, 0.0
"대림외과의원", 제주특별자치도 서귀포시 중앙로 25-3, 0, 5.0
"우리들소아과의원", 제주특별자치도 서귀포시 중정로 70, 1, 0.0
"고은희산부인과", 제주특별자치도 서귀포시 중정로 78, 30, 3.5
"성수치과", 제주특별자치도 서귀포시 중정로 76, 0, 5.0
"윤성현내과의원", 제주특별자치도 서귀포시 중정로 38, 0, 5.0
"박 정신건강의학과의원", 제주특별자치도 서귀포시 중정로 53, 0, 4.0
"형제치과의원", 제주특별자치도 서귀포시 중정로 104, 0, 5.0
"미래 치과의원", 제주특별자치도 서귀포시 동문로 62-1, 0, 4.3
"이 내과의원", 제주특별자치도 서귀포시 중정로 68-1, 0, 1.0
"한관지이비인후과의원", 제주특별자치도 서귀포시 중정로 56-1, 0, 3.3
"김석홍통증의학과", 제주특별자치도 서귀포시 중정로 56-1, 0, 5.0
"정방한의원", 제주특별자치도 서귀포시 중앙로42번길 46, 0, 5.0
"김상훈피부비뇨기과", 제주특별자치도 서귀포시 중앙로42번길 9, 0, 1.0
"서귀포약손한의원", 제주특별자치도 서귀포시 중정로 67 2층, 0, 5.0
"하나의원", 제주특별자치도 서귀포시 중정로 76, 0, 5.0
"동의한의원", 제주특별자치도 서귀포시 중정로73번길 2, 0, 0.0
"해인부부한의원", 제주특별자치도 서귀포시 중앙로 43, 0, 5.0
"오만용치과의원", 제주특별자치도 서귀포시 중정로 67, 0, 0.0
"해달한의원", 제주특별자치도 서귀포시 중정로 109, 0, 4.0
"형제한의원", 제주특별자치도 서귀포시 중정로 104 2층, 0, 
"이종찬제통의원", 제주특별자치도 서귀포시 중앙로 35-1, 0, 0.0
"미소를 찾는 치과의원", 제주특별자치도 서귀포시 중정로 50 2층, 0, 3.3
"장정훈치과의원", 제주특별자치도 서귀포시 중정로 56-1 2층, 0, 5.0
"김관원치과의원", 제주특별자치도 서귀포시 중정로 53, 0, 0.0
"김익현치과의원", 제주특별자치도 서귀포시 중앙로 22, 0, 0.0
"백록클리닉", 제주특별자치도 서귀포시 중정로 50, 0, 0.0
"서귀포365일의원", 제주특별자치도 서귀포시 서문로 2, 0, 3.0
"서귀포빛사랑안과의원", 제주특별자치도 서귀포시 동문로 2 동산프라자빌딩 4층, 0, 5.0
"제주성모안과의원", 제주특별자치도 서귀포시 동문로 5 현강빌딩 4층, 0, 3.3
"한라힘내과", 제주특별자치도 서귀포시 동문로 5 3층, 0, 4.0
"베스트비뇨기과", 제주특별자치도 서귀포시 동문로 5, 0, 3.4
"강남새힘마취통증의학과의원", 제주특별자치도 서귀포시 동문로 8 2층, 1, 4.4
"양재식내과의원", 제주특별자치도 서귀포시 동문로 2 2층, 0, 4.5
"해랑소아청소년과의원", 제주특별자치도 서귀포시 동문로 5 2층, 0, 4.4
"연세치과의원", 제주특별자치도 제주시 동광로 107 4층, 0, 5.0
"서울성모재활의학과의원", 제주특별자치도 서귀포시 동문로 5 1층, 1, 3.7
"양승지외과의원", 제주특별자치도 서귀포시 서문로 2 3층, 0, 5.0
"강한의원", 제주특별자치도 제주시 우정로 52 1층, 0, 5.0
"황비뇨기과의원", 제주특별자치도 서귀포시 동문로 2 3층, 0, 1.0
"양동호한의원", 제주특별자치도 서귀포시 서문로 2 2층, 0, 4.5
"광장한의원", 제주특별자치도 서귀포시 동문로 4 2층, 0, 5.0
"참조은 치과의원", 제주특별자치도 서귀포시 동문로 2, 0, 3.0
"경희세림한의원", 제주특별자치도 서귀포시 중앙로 81 동산빌딩 2층, 0, 0.0
"한용환치과의원", 제주특별자치도 서귀포시 중앙로 84, 0, 0.0
"양치과의원", 제주특별자치도 서귀포시 중앙로 85, 0, 0.0
"대추나무한의원", 제주특별자치도 서귀포시 동문로 13, 0, 5.0
"강성현치과의원", 제주특별자치도 서귀포시 동문로 30-2, 0, 5.0
"서귀포중앙정형외과의원", 제주특별자치도 서귀포시 일주동로 8666 삼강빌딩 2층, 0, 3.9
"우리정형외과의원", 제주특별자치도 서귀포시 중앙로 106, 0, 3.7
"서귀포 내과", 제주특별자치도 서귀포시 중앙로 89, 1, 4.0
"시울정신건강의학과의원", 제주특별자치도 서귀포시 일주동로 8675, 0, 4.4
"제주권역재활병원", 제주특별자치도 서귀포시 동문로 1, 0, 2.3
"삼성맘편한신경과의원", 제주특별자치도 서귀포시 중앙로 113 2층, 0, 5.0
"로즈앤의원 서귀포점", 제주특별자치도 서귀포시 중앙로 89 3층, 0, 5.0
"연세안과의원", 제주특별자치도 제주시 서광로 220 3층, 0, 3.2
"제일정형외과", 제주특별자치도 서귀포시 일주동로 8675 2층, 0, 1.4
"수내과의원", 제주특별자치도 서귀포시 일주동로 8675, 0, 5.0
"밝은정신과의원", 제주특별자치도 서귀포시 중앙로 91, 0, 5.0
"윤담한의원", 제주특별자치도 서귀포시 중앙로 109 정원빌딩 3층, 0, 5.0
"스타치과 교정과치과의원", 제주특별자치도 서귀포시 일주동로 8671 5층, 0, 3.0
"다정금이비인후과", 제주특별자치도 서귀포시 일주동로 8673, 0, 4.7
"서귀포 재활의학과의원", 제주특별자치도 서귀포시 중앙로 93, 0, 5.0
"서울치과", 제주특별자치도 서귀포시 중앙로 92 2층, 0, 5.0
"한라이비인후과", 제주특별자치도 서귀포시 일주동로 8675 1층, 0, 2.9
"연세예담의원", 제주특별자치도 서귀포시 일주동로 8666 삼강빌딩 2층, 0, 5.0
"아름다운의원", 제주특별자치도 제주시 도령로 5 명은빌딩 2,3,5,7층, 4, 
"러브디바인치과의원", 제주특별자치도 서귀포시 중앙로 94 2층, 0, 5.0
"한용헌치과", 제주특별자치도 서귀포시 일주동로 8687, 0, 0.0
"수마취통증의학과의원", 제주특별자치도 서귀포시 중앙로 113 4층, 0, 0.0
"경희 한의원", 제주특별자치도 서귀포시 안덕면 화순중앙로 47, 0, 5.0
"이사랑치과의원", 제주특별자치도 서귀포시 일주동로 8675 한라클리닉 3층, 0, 3.3
"인혜의원", 제주특별자치도 서귀포시 중앙로 93, 0, 2.6
"김성국치과의원", 제주특별자치도 서귀포시 일주동로 8673, 0, 0.0
"서귀포열린병원", 제주특별자치도 서귀포시 일주동로 8638, 1, 3.4
"제일산부인과의원", 제주특별자치도 서귀포시 동문로 46, 0, 3.8
"유디치과의원 서귀포점", 제주특별자치도 서귀포시 일주동로 8629 남성빌딩 2층 201호, 0, 4.0
"바른손치과", 제주특별자치도 서귀포시 일주동로 8621 2층, 0, 4.7
"서울의원", 제주특별자치도 제주시 1100로 3333 3층, 0, 2.5
"참사랑치과의원", 제주특별자치도 서귀포시 중앙로48번길 42, 0, 3.7
"캣츠앤독스", 제주특별자치도 서귀포시 일주동로 8621 3층, 0, 2.5
"서귀포의료원", 제주특별자치도 서귀포시 장수로 47, 2, 2.3
"서상록한의원", 제주특별자치도 서귀포시 중앙로 121, 0, 5.0
"제주의료원", 제주특별자치도 제주시 산천단남길 10, 0, 5.0
"제주의료원 부속요양병원", 제주특별자치도 제주시 산천단남길 10, 2, 0.0
"태고종노인전문요양원", 제주특별자치도 제주시 기와1길 55, 0, 0.0
"365경희부부한의원 화북점", 제주특별자치도 제주시 일주동로 187 2층, 0, 5.0
"박봉철내과의원", 제주특별자치도 제주시 일주동로 197 지하 1,2층, 0, 5.0
"편안한마취통증의학과의원", 제주특별자치도 제주시 일주동로 199, 0, 4.0
"보스톤치과", 제주특별자치도 제주시 일주동로 227, 0, 4.0
"연세가정의학과의원", 제주특별자치도 제주시 일주동로 179 1층, 0, 5.0
"제주필의원", 제주특별자치도 제주시 일주동로 229, 0, 2.4
"이중철치과의원", 제주특별자치도 제주시 일주동로 179, 0, 5.0
"제일한의원", 제주특별자치도 제주시 진남로6길 6, 0, 0.0
"건강369의원", 제주특별자치도 제주시 일주동로 227, 0, 0.0
"청아치과의원", 제주특별자치도 제주시 일주동로 189, 0, 3.0
"동그라미한의원", 제주특별자치도 제주시 일주동로 229 동인빌딩 3층, 0, 5.0
"그린정형외과의원", 제주특별자치도 서귀포시 일주동로 8544 2층, 0, 3.0
"제주좋은치과의원", 제주특별자치도 서귀포시 일주동로 8544 동인빌딩 4층, 0, 4.5
"킴스연합의원", 제주특별자치도 서귀포시 동홍중앙로 49 2층, 0, 3.0
"우리동홍의원", 제주특별자치도 서귀포시 태평로 505 가나노블휘닉스, 0, 4.4
"유동욱한의원", 제주특별자치도 서귀포시 일주동로 8572 2층, 0, 0.0
"오지영한의원", 제주특별자치도 서귀포시 태평로512번길 4, 0, 0.0
"더맑은이비인후과의원", 제주특별자치도 제주시 동화로 28, 0, 3.6
"화북성모안과의원", 제주특별자치도 제주시 일주동로 250, 0, 3.8
"아이세상소아청소년과의원", 제주특별자치도 제주시 화삼로1길 14 아이세상빌딩 2층, 0, 4.0
"작은성모의원", 제주특별자치도 제주시 화삼북로 63, 0, 4.6
"꿀의원", 제주특별자치도 제주시 동화로 28, 0, 2.8
"문성철정형외과의원", 제주특별자치도 제주시 일주동로 241, 0, 3.9
"제주아이치과의원", 제주특별자치도 제주시 동화로 50 3층, 0, 5.0
"명인플러스의원", 제주특별자치도 제주시 동화로 30 2,3층, 0, 2.4
"경희미르애한의원", 제주특별자치도 제주시 동화로 10, 1, 4.8
"연세수목화치과", 제주특별자치도 제주시 화삼북로 36, 0, 4.9
"누가제통마취통증의학과의원", 제주특별자치도 제주시 청풍남8길 73 2층, 0, 0.0
"이치과의원", 제주특별자치도 제주시 동화로 28 3층, 0, 5.0
"VIP치과의원", 제주특별자치도 제주시 일주동로 246, 0, 5.0
"경희요한한의원", 제주특별자치도 제주시 동화로 3, 0, 3.4
"김원플란트치과의원", 제주특별자치도 제주시 화삼로 11 2층, 0, 
"드림치과의원", 제주특별자치도 제주시 화삼로 19 삼화빌딩 2층, 0, 0.0
"강윤종소아청소년과의원", 제주특별자치도 제주시 일주동로 255 3층, 0, 3.4
"화북용한의원", 제주특별자치도 제주시 일주동로 260, 0, 5.0
"서귀포한의원", 제주특별자치도 서귀포시 검은여로 191 2층 202,203호, 0, 4.8
"사회복지법인제주공생부설임마누엘의원", 제주특별자치도 제주시 아봉로 449-1 2호동 2층, 0, 0.0
"삼화상쾌한의원", 제주특별자치도 제주시 화삼북로 68 신형빌딩 3층, 0, 2.8
"제주현대안과의원", 제주특별자치도 제주시 건주로 31 3층, 1, 4.2
"배정형외과내과의원", 제주특별자치도 제주시 건주로 27 2층 201호, 0, 
"강주현피부과의원", 제주특별자치도 제주시 건주로 27 광산빌딩 3층 303, 304호, 0, 
"삼화365플러스의원", 제주특별자치도 제주시 건주로 43 2층, 0, 2.2
"삼화내과의원", 제주특별자치도 제주시 건주로 33 3층, 0, 4.5
"오나정산부인과의원", 제주특별자치도 제주시 건주로 31 2층, 3, 4.4
"정민구소아청소년과의원", 제주특별자치도 제주시 건주로4길 6-8 2층 201호, 0, 3.5
"심창은 소아청소년과의원", 제주특별자치도 제주시 화삼북로 139 3층, 0, 3.7
"로즈마리의원", 제주특별자치도 제주시 건주로4길 6-8 에스에이치빌딩 3층 301호, 0, 3.4
"류정신건강의학과의원", 제주특별자치도 제주시 건주로 22 3층, 0, 4.8
"삼화치과의원", 제주특별자치도 제주시 건주로 43, 0, 4.3
"더사랑치과의원", 제주특별자치도 제주시 건주로4길 6-8 4층 401호, 0, 4.3
"반딧불의원", 제주특별자치도 제주시 건주로6길 62 2층, 0, 4.9
"서울휴치과의원", 제주특별자치도 제주시 화삼북로 68 신형빌딩 5층 501호, 0, 5.0
"서울미소치과의원", 제주특별자치도 제주시 건주로 27 광산빌딩 301호, 0, 
"굿모닝마취통증의학과의원", 제주특별자치도 제주시 건주로 31, 0, 2.1
"닥터강치과", 제주특별자치도 제주시 건주로 33 3층, 0, 
"튼튼한의원", 제주특별자치도 제주시 건주로 33, 0, 5.0
"삼화 수한의원", 제주특별자치도 제주시 건주로 27 광산빌딩 2층 204호, 8, 5.0
"바른몸한의원", 제주특별자치도 제주시 일주동로 332-1 2층, 0, 5.0
"고봉석치과의원", 제주특별자치도 제주시 일주동로 375 2층, 0, 2.0
"선사한의원", 제주특별자치도 제주시 선사로 15, 0, 0.0
"삼양가정의원", 제주특별자치도 제주시 일주동로 366, 0, 0.0
"에이플러스치과의원", 제주특별자치도 제주시 번영로 510 3층, 0, 3.5
"A+치과의원", 제주특별자치도 제주시 번영로 510 3층, 0, 0.0
"봉개영웅의원", 제주특별자치도 제주시 번영로 500 2층, 0, 
"봉개의원", 제주특별자치도 제주시 삼봉로 327-2 미소담 B102호, 0, 0.0
"봉개한의원", 제주특별자치도 제주시 번영로 477, 0, 0.0
"제주라파의집", 제주특별자치도 서귀포시 하신상로 169, 5, 5.0
"효돈한의원", 제주특별자치도 서귀포시 효돈로170번길 8, 0, 0.0
"수목 나무병원", 제주특별자치도 제주시 조천읍 신촌남1길 69, 0, 0.0
"서울가정의학과의원", 제주특별자치도 제주시 조천읍 신촌4길 2 201동 101호, 0, 3.3
"경희가족한의원", 제주특별자치도 제주시 조천읍 신북로 43 1층, 0, 
"경희동원한의원", 제주특별자치도 제주시 조천읍 신북로 68 103동 1층 101,102호, 0, 3.7
"드림힐요양병원", 제주특별자치도 제주시 조천읍 번영로 957, 0, 5.0
"제주푸른병원", 제주특별자치도 제주시 조천읍 번영로 957, 0, 0.0
"행복의원", 제주특별자치도 제주시 조천읍 신북로 226 2층, 0, 5.0
"365경희부부한의원", 제주특별자치도 제주시 조천읍 신북로 241 2층, 0, 4.9
"조천한의원", 제주특별자치도 제주시 조천읍 신북로 234 2층, 0, 0.0
"조천 부부의원", 제주특별자치도 제주시 조천읍 신북로 237, 0, 0.0
"제주사랑요양병원", 제주특별자치도 제주시 조천읍 신조로 203, 4, 5.0
"영도한의원", 제주특별자치도 제주시 조천읍 조천16길 9, 1, 0.0
"하늘치과의원", 제주특별자치도 제주시 조천읍 신북로 460, 0, 0.0
"위미연세치과의원", 제주특별자치도 서귀포시 남원읍 태위로 123, 0, 4.9
"위미의원", 제주특별자치도 서귀포시 남원읍 태위로 123, 0, 0.0
"카포스 중앙차병원", 제주특별자치도 서귀포시 남원읍 일주동로 7624, 0, 5.0
"함덕연세의원", 제주특별자치도 제주시 조천읍 신북로 509 2층, 0, 0.0
"제주소망의원", 제주특별자치도 제주시 조천읍 신북로 519 2층, 0, 5.0
"함덕의원", 제주특별자치도 제주시 조천읍 신북로 501, 0, 5.0
"연세세브란스치과의원", 제주특별자치도 제주시 조천읍 신북로 529 2층, 0, 3.9
"함덕튼튼의원", 제주특별자치도 제주시 조천읍 신북로 523, 0, 4.2
"함덕치과의원", 제주특별자치도 제주시 조천읍 신북로 525 2층, 0, 3.7
"약손 한의원", 제주특별자치도 제주시 조천읍 함덕10길 2, 1, 4.0
"정성치과의원", 제주특별자치도 제주시 조천읍 신북로 548, 0, 3.0
"함덕튼튼재활의학과의원", 제주특별자치도 제주시 조천읍 신북로 523 3층, 0, 0.0
"함덕한의원", 제주특별자치도 제주시 조천읍 신북로 514 2층, 0, 0.0
"하나로의원", 제주특별자치도 제주시 조천읍 함와로 40, 0, 5.0
"남원의원", 제주특별자치도 서귀포시 남원읍 태위로 636, 0, 3.7
"우리들치과의원", 제주특별자치도 서귀포시 남원읍 태위로 687, 0, 3.0
"꽃사슴한의원", 제주특별자치도 서귀포시 남원읍 태위로 665-1, 0, 5.0
"남원치과의원", 제주특별자치도 서귀포시 남원읍 태위로 683, 0, 2.7
"드림통증의원", 제주특별자치도 서귀포시 남원읍 태위로 629, 0, 0.0
"돌담치과의원", 제주특별자치도 서귀포시 남원읍 태위로 684, 0, 1.0
"김의신치과의원", 제주특별자치도 서귀포시 남원읍 태위로 665-1 2층, 0, 0.0
"우리통증의원", 제주특별자치도 서귀포시 남원읍 태위로 629, 0, 5.0
"남원수의과병원", 제주특별자치도 서귀포시 남원읍 태위로 687, 0, 0.0
"남원고려의원", 제주특별자치도 서귀포시 남원읍 태위로 691, 0, 2.3
"한마음한의원", 제주특별자치도 서귀포시 남원읍 태위로689번길 3, 0, 0.0
"남원 한의원", 제주특별자치도 서귀포시 남원읍 태위로 709, 0, 0.0
"김녕경희한의원", 제주특별자치도 제주시 구좌읍 김녕로 95-1, 1, 5.0
"김녕한의원", 제주특별자치도 제주시 구좌읍 김녕로 102-1 102호, 0, 5.0
"새김녕의원", 제주특별자치도 제주시 구좌읍 김녕로 116, 0, 5.0
"간판병원", 제주특별자치도 서귀포시 표선면 번영로 3512-10, 0, 5.0
"표선연세의원", 제주특별자치도 서귀포시 표선면 표선관정로 97, 0, 2.1
"정온정형외과의원", 제주특별자치도 서귀포시 표선면 표선관정로 97 3층, 1, 5.0
"해비치의원", 제주특별자치도 서귀포시 표선면 표선중앙로 86 2층, 0, 4.4
"표선의원", 제주특별자치도 서귀포시 표선면 표선동서로 225, 0, 0.0
"표선삼성의원", 제주특별자치도 서귀포시 표선면 표선중앙로80번길 1, 0, 3.7
"인술한의원", 제주특별자치도 서귀포시 표선면 표선동서로 252, 0, 4.2
"서울리더스치과의원", 제주특별자치도 서귀포시 표선면 표선동서로 246, 0, 4.0
"강성백치과의원", 제주특별자치도 서귀포시 표선면 표선중앙로 79, 0, 3.8
"필한의원", 제주특별자치도 서귀포시 표선면 표선동서로 236 301호, 0, 4.3
"표선경희한의원", 제주특별자치도 서귀포시 표선면 표선관정로104번길 4, 0, 1.0
"표선한의원", 제주특별자치도 서귀포시 표선면 표선중앙로 78, 0, 3.0
"표선치과의원", 제주특별자치도 서귀포시 표선면 표선동서로 246, 0, 0.0
"표선하늘의원", 제주특별자치도 서귀포시 표선면 표선동서로 246, 0, 3.0
"가축병원", 제주특별자치도 서귀포시 표선면 표선관정로 113-5, 0, 5.0
"연세내과의원", 제주특별자치도 제주시 구좌읍 세화3길 2, 0, 3.6
"청담한의원", 제주특별자치도 제주시 구좌읍 구좌로 70 1층, 0, 5.0
"동부연합의원", 제주특별자치도 제주시 구좌읍 일주동로 3113, 0, 0.0
"구좌의원", 제주특별자치도 제주시 구좌읍 세화12길 1, 0, 5.0
"세화한의원", 제주특별자치도 제주시 구좌읍 구좌로 47 2층, 0, 5.0
"세화방치과의원", 제주특별자치도 제주시 구좌읍 구좌로 40 3층, 0, 5.0
"구좌치과의원", 제주특별자치도 제주시 구좌읍 구좌로 51, 0, 5.0
"경희효한의원", 제주특별자치도 제주시 구좌읍 세화10길 2 1층, 0, 5.0
"세화의원", 제주특별자치도 제주시 구좌읍 세화5길 2, 0, 5.0
"세화치과의원", 제주특별자치도 제주시 구좌읍 구좌로 47, 0, 5.0
"마디의원", 제주특별자치도 서귀포시 성산읍 일출로 4 케이빌딩 2층, 0, 5.0
"성산제일정형외과의원", 제주특별자치도 서귀포시 성산읍 동류암로36번길 16, 1, 4.6
"최선365의원", 제주특별자치도 서귀포시 성산읍 고성오조로 67, 0, 3.5
"우리의원", 제주특별자치도 서귀포시 성산읍 동류암로36번길 23, 0, 2.1
"고성치과의원", 제주특별자치도 서귀포시 성산읍 서성일로 1235, 0, 5.0
"성산의원", 제주특별자치도 서귀포시 성산읍 고성동서로56번길 16, 0, 0.0
"서울경희한의원", 제주특별자치도 서귀포시 성산읍 고성오조로 68-1, 0, 3.0
"성산한의원", 제주특별자치도 서귀포시 성산읍 일출로 14-8 1층, 0, 5.0
"동남의원", 제주특별자치도 서귀포시 성산읍 고성오조로 74, 0, 5.0
"동남치과의원", 제주특별자치도 서귀포시 성산읍 고성오조로 71-1 2층, 0, 
"삼성한의원", 제주특별자치도 서귀포시 성산읍 고성오조로 98-1, 0, 0.0
"데움한의원", 제주특별자치도 서귀포시 성산읍 오조로 85, 0, 0.0
